"filename", "language", "Markdown", "Objective-C", "JSON", "Shell Script", "Python", "C++", "CMake", "HTML", "XML", "LaTeX", "PostCSS", "BibTeX", "YAML", "comment", "blank", "total"
"/home/mueller/codes/moris/.VSCodeCounter/2025-09-30_21-23-33/details.md", "Markdown", 53, 0, 0, 0, 0, 0, 0, 0, 0, 0, 0, 0, 0, 0, 6, 59
"/home/mueller/codes/moris/.VSCodeCounter/2025-09-30_21-23-33/diff-details.md", "Markdown", 9, 0, 0, 0, 0, 0, 0, 0, 0, 0, 0, 0, 0, 0, 6, 15
"/home/mueller/codes/moris/.VSCodeCounter/2025-09-30_21-23-33/diff.md", "Markdown", 12, 0, 0, 0, 0, 0, 0, 0, 0, 0, 0, 0, 0, 0, 7, 19
"/home/mueller/codes/moris/.VSCodeCounter/2025-09-30_21-23-33/results.json", "JSON", 0, 0, 1, 0, 0, 0, 0, 0, 0, 0, 0, 0, 0, 0, 0, 1
"/home/mueller/codes/moris/.VSCodeCounter/2025-09-30_21-23-33/results.md", "Markdown", 18, 0, 0, 0, 0, 0, 0, 0, 0, 0, 0, 0, 0, 0, 7, 25
"/home/mueller/codes/moris/.github/ISSUE_TEMPLATE/bug_report.yml", "YAML", 0, 0, 0, 0, 0, 0, 0, 0, 0, 0, 0, 0, 73, 0, 1, 74
"/home/mueller/codes/moris/.github/ISSUE_TEMPLATE/config.yml", "YAML", 0, 0, 0, 0, 0, 0, 0, 0, 0, 0, 0, 0, 5, 0, 1, 6
"/home/mueller/codes/moris/CMakeLists.txt", "CMake", 0, 0, 0, 0, 0, 0, 964, 0, 0, 0, 0, 0, 0, 0, 262, 1226
"/home/mueller/codes/moris/README.md", "Markdown", 11, 0, 0, 0, 0, 0, 0, 0, 0, 0, 0, 0, 0, 0, 9, 20
"/home/mueller/codes/moris/include/catch.hpp", "C++", 0, 0, 0, 0, 0, 13708, 0, 0, 0, 0, 0, 0, 0, 1117, 3146, 17971
"/home/mueller/codes/moris/include/catch_v1.hpp", "C++", 0, 0, 0, 0, 0, 7136, 0, 0, 0, 0, 0, 0, 0, 343, 1519, 8998
"/home/mueller/codes/moris/projects/ALG/CMakeLists.txt", "CMake", 0, 0, 0, 0, 0, 0, 15, 0, 0, 0, 0, 0, 0, 0, 6, 21
"/home/mueller/codes/moris/projects/ALG/src/CMakeLists.txt", "CMake", 0, 0, 0, 0, 0, 0, 113, 0, 0, 0, 0, 0, 0, 0, 28, 141
"/home/mueller/codes/moris/projects/ALG/src/algorithms.hpp", "C++", 0, 0, 0, 0, 0, 7, 0, 0, 0, 0, 0, 0, 0, 10, 5, 22
"/home/mueller/codes/moris/projects/ALG/src/fn_check_equal.hpp", "C++", 0, 0, 0, 0, 0, 79, 0, 0, 0, 0, 0, 0, 0, 47, 13, 139
"/home/mueller/codes/moris/projects/ALG/src/fn_clip_value.hpp", "C++", 0, 0, 0, 0, 0, 20, 0, 0, 0, 0, 0, 0, 0, 24, 8, 52
"/home/mueller/codes/moris/projects/ALG/src/fn_equal_to.cpp", "C++", 0, 0, 0, 0, 0, 15, 0, 0, 0, 0, 0, 0, 0, 10, 6, 31
"/home/mueller/codes/moris/projects/ALG/src/fn_equal_to.hpp", "C++", 0, 0, 0, 0, 0, 27, 0, 0, 0, 0, 0, 0, 0, 38, 10, 75
"/home/mueller/codes/moris/projects/ALG/src/fn_equal_to.tpp", "C++", 0, 0, 0, 0, 0, 170, 0, 0, 0, 0, 0, 0, 0, 25, 34, 229
"/home/mueller/codes/moris/projects/ALG/src/fn_hash_value.hpp", "C++", 0, 0, 0, 0, 0, 23, 0, 0, 0, 0, 0, 0, 0, 22, 9, 54
"/home/mueller/codes/moris/projects/ALG/src/fn_num_digits.hpp", "C++", 0, 0, 0, 0, 0, 21, 0, 0, 0, 0, 0, 0, 0, 20, 9, 50
"/home/mueller/codes/moris/projects/ALG/test/CMakeLists.txt", "CMake", 0, 0, 0, 0, 0, 0, 41, 0, 0, 0, 0, 0, 0, 0, 11, 52
"/home/mueller/codes/moris/projects/ALG/test/fn_equal_to.cpp", "C++", 0, 0, 0, 0, 0, 16, 0, 0, 0, 0, 0, 0, 0, 11, 8, 35
"/home/mueller/codes/moris/projects/ALG/test/fn_num_digits.cpp", "C++", 0, 0, 0, 0, 0, 17, 0, 0, 0, 0, 0, 0, 0, 11, 9, 37
"/home/mueller/codes/moris/projects/ALG/test/test_main.cpp", "C++", 0, 0, 0, 0, 0, 20, 0, 0, 0, 0, 0, 0, 0, 16, 13, 49
"/home/mueller/codes/moris/projects/CMakeLists.txt", "CMake", 0, 0, 0, 0, 0, 0, 25, 0, 0, 0, 0, 0, 0, 0, 7, 32
"/home/mueller/codes/moris/projects/COM/CMakeLists.txt", "CMake", 0, 0, 0, 0, 0, 0, 14, 0, 0, 0, 0, 0, 0, 0, 5, 19
"/home/mueller/codes/moris/projects/COM/src/CMakeLists.txt", "CMake", 0, 0, 0, 0, 0, 0, 100, 0, 0, 0, 0, 0, 0, 0, 27, 127
"/home/mueller/codes/moris/projects/COM/src/cl_Communication_Enums.hpp", "C++", 0, 0, 0, 0, 0, 15, 0, 0, 0, 0, 0, 0, 0, 9, 5, 29
"/home/mueller/codes/moris/projects/COM/src/cl_Communication_Manager.cpp", "C++", 0, 0, 0, 0, 0, 77, 0, 0, 0, 0, 0, 0, 0, 31, 35, 143
"/home/mueller/codes/moris/projects/COM/src/cl_Communication_Manager.hpp", "C++", 0, 0, 0, 0, 0, 44, 0, 0, 0, 0, 0, 0, 0, 54, 25, 123
"/home/mueller/codes/moris/projects/COM/src/cl_Communication_Tools.cpp", "C++", 0, 0, 0, 0, 0, 328, 0, 0, 0, 0, 0, 0, 0, 120, 78, 526
"/home/mueller/codes/moris/projects/COM/src/cl_Communication_Tools.hpp", "C++", 0, 0, 0, 0, 0, 826, 0, 0, 0, 0, 0, 0, 0, 486, 219, 1531
"/home/mueller/codes/moris/projects/COM/test/CMakeLists.txt", "CMake", 0, 0, 0, 0, 0, 0, 40, 0, 0, 0, 0, 0, 0, 0, 12, 52
"/home/mueller/codes/moris/projects/COM/test/cl_Communication_Tools.cpp", "C++", 0, 0, 0, 0, 0, 158, 0, 0, 0, 0, 0, 0, 0, 31, 47, 236
"/home/mueller/codes/moris/projects/COM/test/test_main.cpp", "C++", 0, 0, 0, 0, 0, 20, 0, 0, 0, 0, 0, 0, 0, 16, 12, 48
"/home/mueller/codes/moris/projects/EXA/CMakeLists.txt", "CMake", 0, 0, 0, 0, 0, 0, 11, 0, 0, 0, 0, 0, 0, 0, 1, 12
"/home/mueller/codes/moris/projects/EXA/fluid/CMakeLists.txt", "CMake", 0, 0, 0, 0, 0, 0, 10, 0, 0, 0, 0, 0, 0, 0, 4, 14
"/home/mueller/codes/moris/projects/EXA/fluid/compressible/CMakeLists.txt", "CMake", 0, 0, 0, 0, 0, 0, 9, 0, 0, 0, 0, 0, 0, 0, 3, 12
"/home/mueller/codes/moris/projects/EXA/fluid/compressible/Channel_2D_Compressible/CMakeLists.txt", "CMake", 0, 0, 0, 0, 0, 0, 87, 0, 0, 0, 0, 0, 0, 0, 16, 103
"/home/mueller/codes/moris/projects/EXA/fluid/compressible/Channel_2D_Compressible/Channel_2D_Compressible.cpp", "C++", 0, 0, 0, 0, 0, 466, 0, 0, 0, 0, 0, 0, 0, 108, 119, 693
"/home/mueller/codes/moris/projects/EXA/fluid/compressible/Channel_2D_Compressible/example_test_case.cpp", "C++", 0, 0, 0, 0, 0, 15, 0, 0, 0, 0, 0, 0, 0, 17, 15, 47
"/home/mueller/codes/moris/projects/EXA/fluid/compressible/Heated_Bubble_2D/CMakeLists.txt", "CMake", 0, 0, 0, 0, 0, 0, 87, 0, 0, 0, 0, 0, 0, 0, 16, 103
"/home/mueller/codes/moris/projects/EXA/fluid/compressible/Heated_Bubble_2D/Heated_Bubble_2D.cpp", "C++", 0, 0, 0, 0, 0, 497, 0, 0, 0, 0, 0, 0, 0, 141, 130, 768
"/home/mueller/codes/moris/projects/EXA/fluid/compressible/Heated_Bubble_2D/example_test_case.cpp", "C++", 0, 0, 0, 0, 0, 15, 0, 0, 0, 0, 0, 0, 0, 17, 15, 47
"/home/mueller/codes/moris/projects/EXA/fluid/compressible/Heated_Channel_2D/CMakeLists.txt", "CMake", 0, 0, 0, 0, 0, 0, 87, 0, 0, 0, 0, 0, 0, 0, 16, 103
"/home/mueller/codes/moris/projects/EXA/fluid/compressible/Heated_Channel_2D/Heated_Channel_2D.cpp", "C++", 0, 0, 0, 0, 0, 495, 0, 0, 0, 0, 0, 0, 0, 142, 127, 764
"/home/mueller/codes/moris/projects/EXA/fluid/compressible/Heated_Channel_2D/example_test_case.cpp", "C++", 0, 0, 0, 0, 0, 15, 0, 0, 0, 0, 0, 0, 0, 17, 15, 47
"/home/mueller/codes/moris/projects/EXA/fluid/laminar/CMakeLists.txt", "CMake", 0, 0, 0, 0, 0, 0, 9, 0, 0, 0, 0, 0, 0, 0, 2, 11
"/home/mueller/codes/moris/projects/EXA/fluid/laminar/Channel_2D_Static/CMakeLists.txt", "CMake", 0, 0, 0, 0, 0, 0, 87, 0, 0, 0, 0, 0, 0, 0, 16, 103
"/home/mueller/codes/moris/projects/EXA/fluid/laminar/Channel_2D_Static/Channel_2D_Static.cpp", "C++", 0, 0, 0, 0, 0, 345, 0, 0, 0, 0, 0, 0, 0, 63, 79, 487
"/home/mueller/codes/moris/projects/EXA/fluid/laminar/Channel_2D_Static/example_test_case.cpp", "C++", 0, 0, 0, 0, 0, 23, 0, 0, 0, 0, 0, 0, 0, 22, 20, 65
"/home/mueller/codes/moris/projects/EXA/fluid/laminar/Couette_Flow_Static/CMakeLists.txt", "CMake", 0, 0, 0, 0, 0, 0, 87, 0, 0, 0, 0, 0, 0, 0, 16, 103
"/home/mueller/codes/moris/projects/EXA/fluid/laminar/Couette_Flow_Static/Couette_Flow_Static.cpp", "C++", 0, 0, 0, 0, 0, 329, 0, 0, 0, 0, 0, 0, 0, 59, 71, 459
"/home/mueller/codes/moris/projects/EXA/fluid/laminar/Couette_Flow_Static/example_test_case.cpp", "C++", 0, 0, 0, 0, 0, 18, 0, 0, 0, 0, 0, 0, 0, 15, 15, 48
"/home/mueller/codes/moris/projects/EXA/fluid/laminar/Oscillator/CMakeLists.txt", "CMake", 0, 0, 0, 0, 0, 0, 89, 0, 0, 0, 0, 0, 0, 0, 16, 105
"/home/mueller/codes/moris/projects/EXA/fluid/laminar/Oscillator/DataExtractor.m", "Objective-C", 0, 74, 0, 0, 0, 0, 0, 0, 0, 0, 0, 0, 0, 0, 14, 88
"/home/mueller/codes/moris/projects/EXA/fluid/laminar/Oscillator/Oscillator.cpp", "C++", 0, 0, 0, 0, 0, 333, 0, 0, 0, 0, 0, 0, 0, 90, 106, 529
"/home/mueller/codes/moris/projects/EXA/fluid/laminar/Oscillator/ProcessMesh.m", "Objective-C", 0, 110, 0, 0, 0, 0, 0, 0, 0, 0, 0, 0, 0, 0, 28, 138
"/home/mueller/codes/moris/projects/EXA/fluid/laminar/Oscillator/example_test_case.cpp", "C++", 0, 0, 0, 0, 0, 154, 0, 0, 0, 0, 0, 0, 0, 50, 65, 269
"/home/mueller/codes/moris/projects/EXA/fluid/laminar/Oscillator/misc/CreateNetcdfFile.m", "Objective-C", 0, 362, 0, 0, 0, 0, 0, 0, 0, 0, 0, 0, 0, 0, 65, 427
"/home/mueller/codes/moris/projects/EXA/fluid/laminar/Oscillator/misc/ExtractExoData.m", "Objective-C", 0, 211, 0, 0, 0, 0, 0, 0, 0, 0, 0, 0, 0, 0, 10, 221
"/home/mueller/codes/moris/projects/EXA/fluid/laminar/Oscillator/misc/ExtractExoDataWrapper.m", "Objective-C", 0, 59, 0, 0, 0, 0, 0, 0, 0, 0, 0, 0, 0, 0, 10, 69
"/home/mueller/codes/moris/projects/EXA/fluid/laminar/Oscillator/misc/IniExoData.m", "Objective-C", 0, 93, 0, 0, 0, 0, 0, 0, 0, 0, 0, 0, 0, 0, 17, 110
"/home/mueller/codes/moris/projects/EXA/fluid/laminar/Oscillator/misc/LoadExoMesh.m", "Objective-C", 0, 118, 0, 0, 0, 0, 0, 0, 0, 0, 0, 0, 0, 0, 35, 153
"/home/mueller/codes/moris/projects/EXA/fluid/laminar/Oscillator/misc/ProcessExoMesh.m", "Objective-C", 0, 66, 0, 0, 0, 0, 0, 0, 0, 0, 0, 0, 0, 0, 24, 90
"/home/mueller/codes/moris/projects/EXA/fluid/laminar/Oscillator/misc/WriteExoData.m", "Objective-C", 0, 219, 0, 0, 0, 0, 0, 0, 0, 0, 0, 0, 0, 0, 45, 264
"/home/mueller/codes/moris/projects/EXA/fluid/laminar/Oscillator/misc/WriteExoMatrix.m", "Objective-C", 0, 36, 0, 0, 0, 0, 0, 0, 0, 0, 0, 0, 0, 0, 12, 48
"/home/mueller/codes/moris/projects/EXA/fluid/turbulent/CMakeLists.txt", "CMake", 0, 0, 0, 0, 0, 0, 7, 0, 0, 0, 0, 0, 0, 0, 3, 10
"/home/mueller/codes/moris/projects/EXA/mesh_generation/CMakeLists.txt", "CMake", 0, 0, 0, 0, 0, 0, 10, 0, 0, 0, 0, 0, 0, 0, 4, 14
"/home/mueller/codes/moris/projects/EXA/mesh_generation/image_bear/CMakeLists.txt", "CMake", 0, 0, 0, 0, 0, 0, 82, 0, 0, 0, 0, 0, 0, 0, 15, 97
"/home/mueller/codes/moris/projects/EXA/mesh_generation/image_bear/example_test_case.cpp", "C++", 0, 0, 0, 0, 0, 40, 0, 0, 0, 0, 0, 0, 0, 19, 18, 77
"/home/mueller/codes/moris/projects/EXA/mesh_generation/obj_sphere/CMakeLists.txt", "CMake", 0, 0, 0, 0, 0, 0, 82, 0, 0, 0, 0, 0, 0, 0, 14, 96
"/home/mueller/codes/moris/projects/EXA/mesh_generation/obj_sphere/OBJ_Sphere.xml", "XML", 0, 0, 0, 0, 0, 0, 0, 0, 35, 0, 0, 0, 0, 14, 13, 62
"/home/mueller/codes/moris/projects/EXA/mesh_generation/obj_sphere/example_test_case.cpp", "C++", 0, 0, 0, 0, 0, 40, 0, 0, 0, 0, 0, 0, 0, 19, 18, 77
"/home/mueller/codes/moris/projects/EXA/mesh_generation/pre_defined_diamond/CMakeLists.txt", "CMake", 0, 0, 0, 0, 0, 0, 82, 0, 0, 0, 0, 0, 0, 0, 15, 97
"/home/mueller/codes/moris/projects/EXA/mesh_generation/pre_defined_diamond/example_test_case.cpp", "C++", 0, 0, 0, 0, 0, 37, 0, 0, 0, 0, 0, 0, 0, 19, 18, 74
"/home/mueller/codes/moris/projects/EXA/optimization/Bedding_Sensitivity_Test/Bedding_Sensitivity_Test.cpp", "C++", 0, 0, 0, 0, 0, 408, 0, 0, 0, 0, 0, 0, 0, 63, 132, 603
"/home/mueller/codes/moris/projects/EXA/optimization/Bedding_Sensitivity_Test/CMakeLists.txt", "CMake", 0, 0, 0, 0, 0, 0, 87, 0, 0, 0, 0, 0, 0, 0, 16, 103
"/home/mueller/codes/moris/projects/EXA/optimization/Bedding_Sensitivity_Test/example_test_case.cpp", "C++", 0, 0, 0, 0, 0, 142, 0, 0, 0, 0, 0, 0, 0, 286, 60, 488
"/home/mueller/codes/moris/projects/EXA/optimization/CMakeLists.txt", "CMake", 0, 0, 0, 0, 0, 0, 32, 0, 0, 0, 0, 0, 0, 0, 3, 35
"/home/mueller/codes/moris/projects/EXA/optimization/Contact_Sensitivity_Test/CMakeLists.txt", "CMake", 0, 0, 0, 0, 0, 0, 87, 0, 0, 0, 0, 0, 0, 0, 16, 103
"/home/mueller/codes/moris/projects/EXA/optimization/Contact_Sensitivity_Test/Contact_Sensitivity_Test.cpp", "C++", 0, 0, 0, 0, 0, 598, 0, 0, 0, 0, 0, 0, 0, 215, 172, 985
"/home/mueller/codes/moris/projects/EXA/optimization/Contact_Sensitivity_Test/example_test_case.cpp", "C++", 0, 0, 0, 0, 0, 156, 0, 0, 0, 0, 0, 0, 0, 300, 75, 531
"/home/mueller/codes/moris/projects/EXA/optimization/Heat_Method/CMakeLists.txt", "CMake", 0, 0, 0, 0, 0, 0, 87, 0, 0, 0, 0, 0, 0, 0, 16, 103
"/home/mueller/codes/moris/projects/EXA/optimization/Heat_Method/HeatMethod.cpp", "C++", 0, 0, 0, 0, 0, 616, 0, 0, 0, 0, 0, 0, 0, 141, 187, 944
"/home/mueller/codes/moris/projects/EXA/optimization/Heat_Method/example_test_case.cpp", "C++", 0, 0, 0, 0, 0, 218, 0, 0, 0, 0, 0, 0, 0, 59, 97, 374
"/home/mueller/codes/moris/projects/EXA/optimization/LevelSet_Boxbeam/CMakeLists.txt", "CMake", 0, 0, 0, 0, 0, 0, 88, 0, 0, 0, 0, 0, 0, 0, 16, 104
"/home/mueller/codes/moris/projects/EXA/optimization/LevelSet_Boxbeam/Levelset_Boxbeam.cpp", "C++", 0, 0, 0, 0, 0, 439, 0, 0, 0, 0, 0, 0, 0, 54, 124, 617
"/home/mueller/codes/moris/projects/EXA/optimization/LevelSet_Boxbeam/Levelset_Boxbeam_Lin_Quad_LevelSet.cpp", "C++", 0, 0, 0, 0, 0, 558, 0, 0, 0, 0, 0, 0, 0, 66, 163, 787
"/home/mueller/codes/moris/projects/EXA/optimization/LevelSet_Boxbeam/example_test_case.cpp", "C++", 0, 0, 0, 0, 0, 58, 0, 0, 0, 0, 0, 0, 0, 51, 27, 136
"/home/mueller/codes/moris/projects/EXA/optimization/LevelSet_Boxbeam_Adaptive_Refinement/CMakeLists.txt", "CMake", 0, 0, 0, 0, 0, 0, 91, 0, 0, 0, 0, 0, 0, 0, 16, 107
"/home/mueller/codes/moris/projects/EXA/optimization/LevelSet_Boxbeam_Adaptive_Refinement/Levelset_Boxbeam_Adaptive_Refinement.cpp", "C++", 0, 0, 0, 0, 0, 558, 0, 0, 0, 0, 0, 0, 0, 66, 160, 784
"/home/mueller/codes/moris/projects/EXA/optimization/LevelSet_Boxbeam_Adaptive_Refinement/Levelset_Boxbeam_Adaptive_Refinement_Quadratic.cpp", "C++", 0, 0, 0, 0, 0, 562, 0, 0, 0, 0, 0, 0, 0, 66, 158, 786
"/home/mueller/codes/moris/projects/EXA/optimization/LevelSet_Boxbeam_Adaptive_Refinement/example_test_case.cpp", "C++", 0, 0, 0, 0, 0, 172, 0, 0, 0, 0, 0, 0, 0, 37, 50, 259
"/home/mueller/codes/moris/projects/EXA/optimization/LevelSet_Boxbeam_Adaptive_Refinement_Restart/CMakeLists.txt", "CMake", 0, 0, 0, 0, 0, 0, 91, 0, 0, 0, 0, 0, 0, 0, 16, 107
"/home/mueller/codes/moris/projects/EXA/optimization/LevelSet_Boxbeam_Adaptive_Refinement_Restart/Levelset_Boxbeam_Create_File.cpp", "C++", 0, 0, 0, 0, 0, 923, 0, 0, 0, 0, 0, 0, 0, 125, 244, 1292
"/home/mueller/codes/moris/projects/EXA/optimization/LevelSet_Boxbeam_Adaptive_Refinement_Restart/Levelset_Boxbeam_Restart.cpp", "C++", 0, 0, 0, 0, 0, 923, 0, 0, 0, 0, 0, 0, 0, 124, 247, 1294
"/home/mueller/codes/moris/projects/EXA/optimization/LevelSet_Boxbeam_Adaptive_Refinement_Restart/example_test_case.cpp", "C++", 0, 0, 0, 0, 0, 61, 0, 0, 0, 0, 0, 0, 0, 27, 31, 119
"/home/mueller/codes/moris/projects/EXA/optimization/Level_Set_Beam_SIMP_Hole_Seeding/CMakeLists.txt", "CMake", 0, 0, 0, 0, 0, 0, 90, 0, 0, 0, 0, 0, 0, 0, 16, 106
"/home/mueller/codes/moris/projects/EXA/optimization/Level_Set_Beam_SIMP_Hole_Seeding/Level_Set_Beam_SIMP_Hole_Seeding.cpp", "C++", 0, 0, 0, 0, 0, 842, 0, 0, 0, 0, 0, 0, 0, 158, 234, 1234
"/home/mueller/codes/moris/projects/EXA/optimization/Level_Set_Beam_SIMP_Hole_Seeding/example_test_case.cpp", "C++", 0, 0, 0, 0, 0, 138, 0, 0, 0, 0, 0, 0, 0, 26, 40, 204
"/home/mueller/codes/moris/projects/EXA/optimization/Mach_Leading_Edge/CMakeLists.txt", "CMake", 0, 0, 0, 0, 0, 0, 84, 0, 0, 0, 0, 0, 0, 0, 16, 100
"/home/mueller/codes/moris/projects/EXA/optimization/Mach_Leading_Edge/Mach_Leading_Edge.cpp", "C++", 0, 0, 0, 0, 0, 908, 0, 0, 0, 0, 0, 0, 0, 312, 250, 1470
"/home/mueller/codes/moris/projects/EXA/optimization/Mach_Leading_Edge/example_test_case.cpp", "C++", 0, 0, 0, 0, 0, 16, 0, 0, 0, 0, 0, 0, 0, 14, 13, 43
"/home/mueller/codes/moris/projects/EXA/optimization/One_Element_Mat_Geo_Pdv_sweep/CMakeLists.txt", "CMake", 0, 0, 0, 0, 0, 0, 87, 0, 0, 0, 0, 0, 0, 0, 16, 103
"/home/mueller/codes/moris/projects/EXA/optimization/One_Element_Mat_Geo_Pdv_sweep/One_Element_Mat_Geo_Pdv_sweep.cpp", "C++", 0, 0, 0, 0, 0, 438, 0, 0, 0, 0, 0, 0, 0, 69, 143, 650
"/home/mueller/codes/moris/projects/EXA/optimization/One_Element_Mat_Geo_Pdv_sweep/example_test_case.cpp", "C++", 0, 0, 0, 0, 0, 89, 0, 0, 0, 0, 0, 0, 0, 25, 32, 146
"/home/mueller/codes/moris/projects/EXA/optimization/Property_Sensitivity_Sweep/CMakeLists.txt", "CMake", 0, 0, 0, 0, 0, 0, 87, 0, 0, 0, 0, 0, 0, 0, 16, 103
"/home/mueller/codes/moris/projects/EXA/optimization/Property_Sensitivity_Sweep/Property_Sensitivity_Sweep.cpp", "C++", 0, 0, 0, 0, 0, 329, 0, 0, 0, 0, 0, 0, 0, 91, 98, 518
"/home/mueller/codes/moris/projects/EXA/optimization/Property_Sensitivity_Sweep/example_test_case.cpp", "C++", 0, 0, 0, 0, 0, 53, 0, 0, 0, 0, 0, 0, 0, 19, 21, 93
"/home/mueller/codes/moris/projects/EXA/optimization/SA_Cluster_Measure/CMakeLists.txt", "CMake", 0, 0, 0, 0, 0, 0, 90, 0, 0, 0, 0, 0, 0, 0, 16, 106
"/home/mueller/codes/moris/projects/EXA/optimization/SA_Cluster_Measure/Cluster_Measure_2Mat_SA.cpp", "C++", 0, 0, 0, 0, 0, 482, 0, 0, 0, 0, 0, 0, 0, 98, 127, 707
"/home/mueller/codes/moris/projects/EXA/optimization/SA_Cluster_Measure/example_test_case.cpp", "C++", 0, 0, 0, 0, 0, 161, 0, 0, 0, 0, 0, 0, 0, 45, 69, 275
"/home/mueller/codes/moris/projects/EXA/optimization/SA_Cut_Bar_Static/CMakeLists.txt", "CMake", 0, 0, 0, 0, 0, 0, 90, 0, 0, 0, 0, 0, 0, 0, 16, 106
"/home/mueller/codes/moris/projects/EXA/optimization/SA_Cut_Bar_Static/SA_Cut_Bar_Static.cpp", "C++", 0, 0, 0, 0, 0, 429, 0, 0, 0, 0, 0, 0, 0, 86, 97, 612
"/home/mueller/codes/moris/projects/EXA/optimization/SA_Cut_Bar_Static/example_test_case.cpp", "C++", 0, 0, 0, 0, 0, 53, 0, 0, 0, 0, 0, 0, 0, 20, 23, 96
"/home/mueller/codes/moris/projects/EXA/optimization/SA_Cut_PCBar_Transient/CMakeLists.txt", "CMake", 0, 0, 0, 0, 0, 0, 90, 0, 0, 0, 0, 0, 0, 0, 16, 106
"/home/mueller/codes/moris/projects/EXA/optimization/SA_Cut_PCBar_Transient/SA_Cut_PCBar_Transient.cpp", "C++", 0, 0, 0, 0, 0, 517, 0, 0, 0, 0, 0, 0, 0, 99, 107, 723
"/home/mueller/codes/moris/projects/EXA/optimization/SA_Cut_PCBar_Transient/example_test_case.cpp", "C++", 0, 0, 0, 0, 0, 53, 0, 0, 0, 0, 0, 0, 0, 20, 23, 96
"/home/mueller/codes/moris/projects/EXA/optimization/SIMP/CMakeLists.txt", "CMake", 0, 0, 0, 0, 0, 0, 84, 0, 0, 0, 0, 0, 0, 0, 16, 100
"/home/mueller/codes/moris/projects/EXA/optimization/SIMP/SIMP.cpp", "C++", 0, 0, 0, 0, 0, 326, 0, 0, 0, 0, 0, 0, 0, 47, 80, 453
"/home/mueller/codes/moris/projects/EXA/optimization/SIMP/example_test_case.cpp", "C++", 0, 0, 0, 0, 0, 26, 0, 0, 0, 0, 0, 0, 0, 16, 16, 58
"/home/mueller/codes/moris/projects/EXA/optimization/Shape_Sensitivity_Bspline/CMakeLists.txt", "CMake", 0, 0, 0, 0, 0, 0, 90, 0, 0, 0, 0, 0, 0, 0, 16, 106
"/home/mueller/codes/moris/projects/EXA/optimization/Shape_Sensitivity_Bspline/Shape_Sensitivity_Bspline_2D.cpp", "C++", 0, 0, 0, 0, 0, 311, 0, 0, 0, 0, 0, 0, 0, 62, 84, 457
"/home/mueller/codes/moris/projects/EXA/optimization/Shape_Sensitivity_Bspline/Shape_Sensitivity_Bspline_3D.cpp", "C++", 0, 0, 0, 0, 0, 332, 0, 0, 0, 0, 0, 0, 0, 63, 87, 482
"/home/mueller/codes/moris/projects/EXA/optimization/Shape_Sensitivity_Bspline/example_test_case.cpp", "C++", 0, 0, 0, 0, 0, 92, 0, 0, 0, 0, 0, 0, 0, 32, 33, 157
"/home/mueller/codes/moris/projects/EXA/optimization/Shape_Sensitivity_Circle_Sweep_Thermoelastic/CMakeLists.txt", "CMake", 0, 0, 0, 0, 0, 0, 90, 0, 0, 0, 0, 0, 0, 0, 16, 106
"/home/mueller/codes/moris/projects/EXA/optimization/Shape_Sensitivity_Circle_Sweep_Thermoelastic/Shape_Sensitivity_Circle_Sweep_Thermoelastic.cpp", "C++", 0, 0, 0, 0, 0, 381, 0, 0, 0, 0, 0, 0, 0, 90, 117, 588
"/home/mueller/codes/moris/projects/EXA/optimization/Shape_Sensitivity_Circle_Sweep_Thermoelastic/Shape_Sensitivity_Circle_Sweep_Thermoelastic_GCMMA.cpp", "C++", 0, 0, 0, 0, 0, 378, 0, 0, 0, 0, 0, 0, 0, 90, 118, 586
"/home/mueller/codes/moris/projects/EXA/optimization/Shape_Sensitivity_Circle_Sweep_Thermoelastic/Shape_Sensitivity_Circle_Sweep_Thermoelastic_Staggered.cpp", "C++", 0, 0, 0, 0, 0, 395, 0, 0, 0, 0, 0, 0, 0, 91, 120, 606
"/home/mueller/codes/moris/projects/EXA/optimization/Shape_Sensitivity_Circle_Sweep_Thermoelastic/example_test_case.cpp", "C++", 0, 0, 0, 0, 0, 134, 0, 0, 0, 0, 0, 0, 0, 31, 44, 209
"/home/mueller/codes/moris/projects/EXA/optimization/Shape_Sensitivity_Circle_Sweep_Thermoelastic_Transient/CMakeLists.txt", "CMake", 0, 0, 0, 0, 0, 0, 90, 0, 0, 0, 0, 0, 0, 0, 16, 106
"/home/mueller/codes/moris/projects/EXA/optimization/Shape_Sensitivity_Circle_Sweep_Thermoelastic_Transient/Shape_Sensitivity_Circle_Sweep_Thermoelastic_Transient.cpp", "C++", 0, 0, 0, 0, 0, 394, 0, 0, 0, 0, 0, 0, 0, 91, 120, 605
"/home/mueller/codes/moris/projects/EXA/optimization/Shape_Sensitivity_Circle_Sweep_Thermoelastic_Transient/Shape_Sensitivity_Circle_Sweep_Thermoelastic_Transient_Staggered.cpp", "C++", 0, 0, 0, 0, 0, 407, 0, 0, 0, 0, 0, 0, 0, 91, 119, 617
"/home/mueller/codes/moris/projects/EXA/optimization/Shape_Sensitivity_Circle_Sweep_Thermoelastic_Transient/example_test_case.cpp", "C++", 0, 0, 0, 0, 0, 135, 0, 0, 0, 0, 0, 0, 0, 28, 48, 211
"/home/mueller/codes/moris/projects/EXA/optimization/Shape_Sensitivity_Circle_Sweep_Transient/CMakeLists.txt", "CMake", 0, 0, 0, 0, 0, 0, 90, 0, 0, 0, 0, 0, 0, 0, 16, 106
"/home/mueller/codes/moris/projects/EXA/optimization/Shape_Sensitivity_Circle_Sweep_Transient/Shape_Sensitivity_Circle_Sweep_Transient.cpp", "C++", 0, 0, 0, 0, 0, 329, 0, 0, 0, 0, 0, 0, 0, 79, 107, 515
"/home/mueller/codes/moris/projects/EXA/optimization/Shape_Sensitivity_Circle_Sweep_Transient/Shape_Sensitivity_Circle_Sweep_Transient_Vol_2.cpp", "C++", 0, 0, 0, 0, 0, 344, 0, 0, 0, 0, 0, 0, 0, 81, 109, 534
"/home/mueller/codes/moris/projects/EXA/optimization/Shape_Sensitivity_Circle_Sweep_Transient/example_test_case.cpp", "C++", 0, 0, 0, 0, 0, 135, 0, 0, 0, 0, 0, 0, 0, 28, 47, 210
"/home/mueller/codes/moris/projects/EXA/optimization/Shape_Sensitivity_Sweep/CMakeLists.txt", "CMake", 0, 0, 0, 0, 0, 0, 87, 0, 0, 0, 0, 0, 0, 0, 16, 103
"/home/mueller/codes/moris/projects/EXA/optimization/Shape_Sensitivity_Sweep/Shape_Sensitivity_Sweep.cpp", "C++", 0, 0, 0, 0, 0, 273, 0, 0, 0, 0, 0, 0, 0, 58, 86, 417
"/home/mueller/codes/moris/projects/EXA/optimization/Shape_Sensitivity_Sweep/example_test_case.cpp", "C++", 0, 0, 0, 0, 0, 53, 0, 0, 0, 0, 0, 0, 0, 19, 22, 94
"/home/mueller/codes/moris/projects/EXA/optimization/Shape_Sensitivity_Two_Material_Sweep_Thermoelastic/CMakeLists.txt", "CMake", 0, 0, 0, 0, 0, 0, 90, 0, 0, 0, 0, 0, 0, 0, 16, 106
"/home/mueller/codes/moris/projects/EXA/optimization/Shape_Sensitivity_Two_Material_Sweep_Thermoelastic/Shape_Sensitivity_Two_Material_Sweep_Thermoelastic.cpp", "C++", 0, 0, 0, 0, 0, 497, 0, 0, 0, 0, 0, 0, 0, 89, 135, 721
"/home/mueller/codes/moris/projects/EXA/optimization/Shape_Sensitivity_Two_Material_Sweep_Thermoelastic/Shape_Sensitivity_Two_Material_Sweep_Thermoelastic_Staggered.cpp", "C++", 0, 0, 0, 0, 0, 511, 0, 0, 0, 0, 0, 0, 0, 90, 136, 737
"/home/mueller/codes/moris/projects/EXA/optimization/Shape_Sensitivity_Two_Material_Sweep_Thermoelastic/example_test_case.cpp", "C++", 0, 0, 0, 0, 0, 136, 0, 0, 0, 0, 0, 0, 0, 29, 49, 214
"/home/mueller/codes/moris/projects/EXA/optimization/Solver_Examples/CMakeLists.txt", "CMake", 0, 0, 0, 0, 0, 0, 84, 0, 0, 0, 0, 0, 0, 0, 16, 100
"/home/mueller/codes/moris/projects/EXA/optimization/Solver_Examples/Solver_Examples.cpp", "C++", 0, 0, 0, 0, 0, 771, 0, 0, 0, 0, 0, 0, 0, 230, 192, 1193
"/home/mueller/codes/moris/projects/EXA/optimization/Solver_Examples/example_test_case.cpp", "C++", 0, 0, 0, 0, 0, 66, 0, 0, 0, 0, 0, 0, 0, 57, 40, 163
"/home/mueller/codes/moris/projects/EXA/optimization/Thermal_Flow_About_Sphere_2D/CMakeLists.txt", "CMake", 0, 0, 0, 0, 0, 0, 87, 0, 0, 0, 0, 0, 0, 0, 16, 103
"/home/mueller/codes/moris/projects/EXA/optimization/Thermal_Flow_About_Sphere_2D/Thermal_Flow_About_Sphere_2D.cpp", "C++", 0, 0, 0, 0, 0, 886, 0, 0, 0, 0, 0, 0, 0, 195, 240, 1321
"/home/mueller/codes/moris/projects/EXA/optimization/Thermal_Flow_About_Sphere_2D/example_test_case.cpp", "C++", 0, 0, 0, 0, 0, 267, 0, 0, 0, 0, 0, 0, 0, 56, 94, 417
"/home/mueller/codes/moris/projects/EXA/optimization/Thermal_Flow_About_Sphere_3D/CMakeLists.txt", "CMake", 0, 0, 0, 0, 0, 0, 85, 0, 0, 0, 0, 0, 0, 0, 16, 101
"/home/mueller/codes/moris/projects/EXA/optimization/Thermal_Flow_About_Sphere_3D/Thermal_Flow_About_Sphere_3D.cpp", "C++", 0, 0, 0, 0, 0, 941, 0, 0, 0, 0, 0, 0, 0, 196, 244, 1381
"/home/mueller/codes/moris/projects/EXA/optimization/Thermal_Turbulent_Flow_About_Sphere_2D/CMakeLists.txt", "CMake", 0, 0, 0, 0, 0, 0, 87, 0, 0, 0, 0, 0, 0, 0, 16, 103
"/home/mueller/codes/moris/projects/EXA/optimization/Thermal_Turbulent_Flow_About_Sphere_2D/ChannelTurbulent2D.cpp", "C++", 0, 0, 0, 0, 0, 1323, 0, 0, 0, 0, 0, 0, 0, 263, 311, 1897
"/home/mueller/codes/moris/projects/EXA/optimization/Thermal_Turbulent_Flow_About_Sphere_2D/example_test_case.cpp", "C++", 0, 0, 0, 0, 0, 319, 0, 0, 0, 0, 0, 0, 0, 61, 111, 491
"/home/mueller/codes/moris/projects/EXA/optimization/UBend_Pseudo_Time_Continuation_Sensitivity_Test/CMakeLists.txt", "CMake", 0, 0, 0, 0, 0, 0, 88, 0, 0, 0, 0, 0, 0, 0, 16, 104
"/home/mueller/codes/moris/projects/EXA/optimization/UBend_Pseudo_Time_Continuation_Sensitivity_Test/example_test_case.cpp", "C++", 0, 0, 0, 0, 0, 201, 0, 0, 0, 0, 0, 0, 0, 48, 85, 334
"/home/mueller/codes/moris/projects/EXA/optimization/UBend_Pseudo_Time_Continuation_Sensitivity_Test/uBend_2D_Optimization.cpp", "C++", 0, 0, 0, 0, 0, 1828, 0, 0, 0, 0, 0, 0, 0, 401, 401, 2630
"/home/mueller/codes/moris/projects/EXA/optimization/Zienkiewicz_Zhu_Adaptive_Refinement/CMakeLists.txt", "CMake", 0, 0, 0, 0, 0, 0, 90, 0, 0, 0, 0, 0, 0, 0, 16, 106
"/home/mueller/codes/moris/projects/EXA/optimization/Zienkiewicz_Zhu_Adaptive_Refinement/Zienkiewicz_Zhu_Adaptive_Refinement.cpp", "C++", 0, 0, 0, 0, 0, 1233, 0, 0, 0, 0, 0, 0, 0, 253, 309, 1795
"/home/mueller/codes/moris/projects/EXA/optimization/Zienkiewicz_Zhu_Adaptive_Refinement/example_test_case.cpp", "C++", 0, 0, 0, 0, 0, 137, 0, 0, 0, 0, 0, 0, 0, 27, 38, 202
"/home/mueller/codes/moris/projects/EXA/src/example_main.cpp", "C++", 0, 0, 0, 0, 0, 17, 0, 0, 0, 0, 0, 0, 0, 15, 12, 44
"/home/mueller/codes/moris/projects/EXA/structure/CMakeLists.txt", "CMake", 0, 0, 0, 0, 0, 0, 11, 0, 0, 0, 0, 0, 0, 0, 3, 14
"/home/mueller/codes/moris/projects/EXA/structure/contact/CMakeLists.txt", "CMake", 0, 0, 0, 0, 0, 0, 8, 0, 0, 0, 0, 0, 0, 0, 2, 10
"/home/mueller/codes/moris/projects/EXA/structure/contact/Parabolic_Indenter/CMakeLists.txt", "CMake", 0, 0, 0, 0, 0, 0, 93, 0, 0, 0, 0, 0, 0, 0, 17, 110
"/home/mueller/codes/moris/projects/EXA/structure/contact/Parabolic_Indenter/Parabolic_Indenter_Linear.cpp", "C++", 0, 0, 0, 0, 0, 676, 0, 0, 0, 0, 0, 0, 0, 171, 123, 970
"/home/mueller/codes/moris/projects/EXA/structure/contact/Parabolic_Indenter/example_test_case.cpp", "C++", 0, 0, 0, 0, 0, 112, 0, 0, 0, 0, 0, 0, 0, 33, 55, 200
"/home/mueller/codes/moris/projects/EXA/structure/eigen/CMakeLists.txt", "CMake", 0, 0, 0, 0, 0, 0, 9, 0, 0, 0, 0, 0, 0, 0, 1, 10
"/home/mueller/codes/moris/projects/EXA/structure/eigen/Cantilever_Eigen/CMakeLists.txt", "CMake", 0, 0, 0, 0, 0, 0, 90, 0, 0, 0, 0, 0, 0, 0, 16, 106
"/home/mueller/codes/moris/projects/EXA/structure/eigen/Cantilever_Eigen/Cantilever_Eigen.cpp", "C++", 0, 0, 0, 0, 0, 382, 0, 0, 0, 0, 0, 0, 0, 124, 119, 625
"/home/mueller/codes/moris/projects/EXA/structure/eigen/Cantilever_Eigen/example_test_case.cpp", "C++", 0, 0, 0, 0, 0, 144, 0, 0, 0, 0, 0, 0, 0, 50, 72, 266
"/home/mueller/codes/moris/projects/EXA/structure/eigen/Column_Buckling/CMakeLists.txt", "CMake", 0, 0, 0, 0, 0, 0, 92, 0, 0, 0, 0, 0, 0, 0, 15, 107
"/home/mueller/codes/moris/projects/EXA/structure/eigen/Column_Buckling/Column_Buckling.cpp", "C++", 0, 0, 0, 0, 0, 340, 0, 0, 0, 0, 0, 0, 0, 113, 117, 570
"/home/mueller/codes/moris/projects/EXA/structure/eigen/Column_Buckling/Column_Buckling_Immersed.cpp", "C++", 0, 0, 0, 0, 0, 436, 0, 0, 0, 0, 0, 0, 0, 133, 143, 712
"/home/mueller/codes/moris/projects/EXA/structure/eigen/Column_Buckling/example_test_case.cpp", "C++", 0, 0, 0, 0, 0, 234, 0, 0, 0, 0, 0, 0, 0, 85, 104, 423
"/home/mueller/codes/moris/projects/EXA/structure/linear/Axisymmetric/Axisymmetric_Problem.cpp", "C++", 0, 0, 0, 0, 0, 262, 0, 0, 0, 0, 0, 0, 0, 57, 70, 389
"/home/mueller/codes/moris/projects/EXA/structure/linear/Axisymmetric/Axisymmetric_Problem_ConstantThermalField.cpp", "C++", 0, 0, 0, 0, 0, 278, 0, 0, 0, 0, 0, 0, 0, 59, 74, 411
"/home/mueller/codes/moris/projects/EXA/structure/linear/Axisymmetric/CMakeLists.txt", "CMake", 0, 0, 0, 0, 0, 0, 92, 0, 0, 0, 0, 0, 0, 0, 16, 108
"/home/mueller/codes/moris/projects/EXA/structure/linear/Axisymmetric/example_test_case.cpp", "C++", 0, 0, 0, 0, 0, 115, 0, 0, 0, 0, 0, 0, 0, 40, 41, 196
"/home/mueller/codes/moris/projects/EXA/structure/linear/Beam_Temperature_Field/Beam_Temperature_Field.cpp", "C++", 0, 0, 0, 0, 0, 199, 0, 0, 0, 0, 0, 0, 0, 40, 57, 296
"/home/mueller/codes/moris/projects/EXA/structure/linear/Beam_Temperature_Field/CMakeLists.txt", "CMake", 0, 0, 0, 0, 0, 0, 89, 0, 0, 0, 0, 0, 0, 0, 17, 106
"/home/mueller/codes/moris/projects/EXA/structure/linear/Beam_Temperature_Field/DeflectionDueToTemperature.m", "Objective-C", 0, 24, 0, 0, 0, 0, 0, 0, 0, 0, 0, 0, 0, 0, 6, 30
"/home/mueller/codes/moris/projects/EXA/structure/linear/Beam_Temperature_Field/example_test_case.cpp", "C++", 0, 0, 0, 0, 0, 80, 0, 0, 0, 0, 0, 0, 0, 31, 32, 143
"/home/mueller/codes/moris/projects/EXA/structure/linear/CMakeLists.txt", "CMake", 0, 0, 0, 0, 0, 0, 15, 0, 0, 0, 0, 0, 0, 0, 3, 18
"/home/mueller/codes/moris/projects/EXA/structure/linear/Homogenization_2D/CMakeLists.txt", "CMake", 0, 0, 0, 0, 0, 0, 84, 0, 0, 0, 0, 0, 0, 0, 16, 100
"/home/mueller/codes/moris/projects/EXA/structure/linear/Homogenization_2D/Homogenization_2D.cpp", "C++", 0, 0, 0, 0, 0, 370, 0, 0, 0, 0, 0, 0, 0, 74, 114, 558
"/home/mueller/codes/moris/projects/EXA/structure/linear/Homogenization_2D/example_test_case.cpp", "C++", 0, 0, 0, 0, 0, 85, 0, 0, 0, 0, 0, 0, 0, 27, 32, 144
"/home/mueller/codes/moris/projects/EXA/structure/linear/Homogenization_3D/CMakeLists.txt", "CMake", 0, 0, 0, 0, 0, 0, 84, 0, 0, 0, 0, 0, 0, 0, 16, 100
"/home/mueller/codes/moris/projects/EXA/structure/linear/Homogenization_3D/Homogenization_3D.cpp", "C++", 0, 0, 0, 0, 0, 375, 0, 0, 0, 0, 0, 0, 0, 74, 106, 555
"/home/mueller/codes/moris/projects/EXA/structure/linear/Homogenization_3D/example_test_case.cpp", "C++", 0, 0, 0, 0, 0, 83, 0, 0, 0, 0, 0, 0, 0, 27, 33, 143
"/home/mueller/codes/moris/projects/EXA/structure/linear/Plane_Strain/CMakeLists.txt", "CMake", 0, 0, 0, 0, 0, 0, 86, 0, 0, 0, 0, 0, 0, 0, 17, 103
"/home/mueller/codes/moris/projects/EXA/structure/linear/Plane_Strain/Plane_Strain_Problem.cpp", "C++", 0, 0, 0, 0, 0, 249, 0, 0, 0, 0, 0, 0, 0, 46, 64, 359
"/home/mueller/codes/moris/projects/EXA/structure/linear/Plane_Strain/example_test_case.cpp", "C++", 0, 0, 0, 0, 0, 83, 0, 0, 0, 0, 0, 0, 0, 30, 32, 145
"/home/mueller/codes/moris/projects/EXA/structure/linear/Thermoelastic_Varying_Order/Bar_Lin_Disp_Quad_Diff.cpp", "C++", 0, 0, 0, 0, 0, 355, 0, 0, 0, 0, 0, 0, 0, 91, 98, 544
"/home/mueller/codes/moris/projects/EXA/structure/linear/Thermoelastic_Varying_Order/CMakeLists.txt", "CMake", 0, 0, 0, 0, 0, 0, 89, 0, 0, 0, 0, 0, 0, 0, 16, 105
"/home/mueller/codes/moris/projects/EXA/structure/linear/Thermoelastic_Varying_Order/example_test_case.cpp", "C++", 0, 0, 0, 0, 0, 86, 0, 0, 0, 0, 0, 0, 0, 34, 40, 160
"/home/mueller/codes/moris/projects/EXA/structure/linear/Thick_Pressure_Vessel/CMakeLists.txt", "CMake", 0, 0, 0, 0, 0, 0, 93, 0, 0, 0, 0, 0, 0, 0, 17, 110
"/home/mueller/codes/moris/projects/EXA/structure/linear/Thick_Pressure_Vessel/Pressure_Vessel_3D.cpp", "C++", 0, 0, 0, 0, 0, 404, 0, 0, 0, 0, 0, 0, 0, 75, 111, 590
"/home/mueller/codes/moris/projects/EXA/structure/linear/Thick_Pressure_Vessel/Pressure_Vessel_3D_Immersed.cpp", "C++", 0, 0, 0, 0, 0, 418, 0, 0, 0, 0, 0, 0, 0, 70, 113, 601
"/home/mueller/codes/moris/projects/EXA/structure/linear/Thick_Pressure_Vessel/example_test_case.cpp", "C++", 0, 0, 0, 0, 0, 242, 0, 0, 0, 0, 0, 0, 0, 65, 90, 397
"/home/mueller/codes/moris/projects/EXA/structure/linear/Two_Bar_Truss/CMakeLists.txt", "CMake", 0, 0, 0, 0, 0, 0, 87, 0, 0, 0, 0, 0, 0, 0, 16, 103
"/home/mueller/codes/moris/projects/EXA/structure/linear/Two_Bar_Truss/Two_Bar_Truss.cpp", "C++", 0, 0, 0, 0, 0, 411, 0, 0, 0, 0, 0, 0, 0, 97, 132, 640
"/home/mueller/codes/moris/projects/EXA/structure/linear/Two_Bar_Truss/example_test_case.cpp", "C++", 0, 0, 0, 0, 0, 59, 0, 0, 0, 0, 0, 0, 0, 24, 29, 112
"/home/mueller/codes/moris/projects/EXA/structure/linear/Zienkiewicz_Zhu_Elemental_Field/CMakeLists.txt", "CMake", 0, 0, 0, 0, 0, 0, 90, 0, 0, 0, 0, 0, 0, 0, 16, 106
"/home/mueller/codes/moris/projects/EXA/structure/linear/Zienkiewicz_Zhu_Elemental_Field/Zienkiewicz_Zhu_Elemental_Field.cpp", "C++", 0, 0, 0, 0, 0, 302, 0, 0, 0, 0, 0, 0, 0, 61, 98, 461
"/home/mueller/codes/moris/projects/EXA/structure/linear/Zienkiewicz_Zhu_Elemental_Field/example_test_case.cpp", "C++", 0, 0, 0, 0, 0, 50, 0, 0, 0, 0, 0, 0, 0, 14, 22, 86
"/home/mueller/codes/moris/projects/EXA/structure/thermo_elastic/CMakeLists.txt", "CMake", 0, 0, 0, 0, 0, 0, 9, 0, 0, 0, 0, 0, 0, 0, 4, 13
"/home/mueller/codes/moris/projects/EXA/structure/thermo_elastic/MOPAR/AxisymmetricProblem.cpp", "C++", 0, 0, 0, 0, 0, 567, 0, 0, 0, 0, 0, 0, 0, 98, 145, 810
"/home/mueller/codes/moris/projects/EXA/structure/thermo_elastic/MOPAR/CMakeLists.txt", "CMake", 0, 0, 0, 0, 0, 0, 89, 0, 0, 0, 0, 0, 0, 0, 15, 104
"/home/mueller/codes/moris/projects/EXA/structure/thermo_elastic/MOPAR/example_test_case.cpp", "C++", 0, 0, 0, 0, 0, 133, 0, 0, 0, 0, 0, 0, 0, 34, 59, 226
"/home/mueller/codes/moris/projects/EXA/structure/thermo_elastic/MOPAR/mapper.m", "Objective-C", 0, 39, 0, 0, 0, 0, 0, 0, 0, 0, 0, 0, 0, 0, 18, 57
"/home/mueller/codes/moris/projects/EXA/structure/thermo_elastic/MOPAR/misc/ComputeErrorNorm.m", "Objective-C", 0, 33, 0, 0, 0, 0, 0, 0, 0, 0, 0, 0, 0, 0, 20, 53
"/home/mueller/codes/moris/projects/EXA/structure/thermo_elastic/MOPAR/misc/CreateNetcdfFile.m", "Objective-C", 0, 362, 0, 0, 0, 0, 0, 0, 0, 0, 0, 0, 0, 0, 65, 427
"/home/mueller/codes/moris/projects/EXA/structure/thermo_elastic/MOPAR/misc/ExtractExoData.m", "Objective-C", 0, 211, 0, 0, 0, 0, 0, 0, 0, 0, 0, 0, 0, 0, 10, 221
"/home/mueller/codes/moris/projects/EXA/structure/thermo_elastic/MOPAR/misc/ExtractExoDataOld.m", "Objective-C", 0, 212, 0, 0, 0, 0, 0, 0, 0, 0, 0, 0, 0, 0, 10, 222
"/home/mueller/codes/moris/projects/EXA/structure/thermo_elastic/MOPAR/misc/ExtractExoDataWrapper.m", "Objective-C", 0, 59, 0, 0, 0, 0, 0, 0, 0, 0, 0, 0, 0, 0, 10, 69
"/home/mueller/codes/moris/projects/EXA/structure/thermo_elastic/MOPAR/misc/GaussQuadrature.m", "Objective-C", 0, 41, 0, 0, 0, 0, 0, 0, 0, 0, 0, 0, 0, 0, 9, 50
"/home/mueller/codes/moris/projects/EXA/structure/thermo_elastic/MOPAR/misc/IniExoData.m", "Objective-C", 0, 93, 0, 0, 0, 0, 0, 0, 0, 0, 0, 0, 0, 0, 17, 110
"/home/mueller/codes/moris/projects/EXA/structure/thermo_elastic/MOPAR/misc/LoadExoMesh.m", "Objective-C", 0, 109, 0, 0, 0, 0, 0, 0, 0, 0, 0, 0, 0, 0, 31, 140
"/home/mueller/codes/moris/projects/EXA/structure/thermo_elastic/MOPAR/misc/ProcessExoMesh.m", "Objective-C", 0, 66, 0, 0, 0, 0, 0, 0, 0, 0, 0, 0, 0, 0, 24, 90
"/home/mueller/codes/moris/projects/EXA/structure/thermo_elastic/MOPAR/misc/ReadTopMesh.m", "Objective-C", 0, 66, 0, 0, 0, 0, 0, 0, 0, 0, 0, 0, 0, 0, 26, 92
"/home/mueller/codes/moris/projects/EXA/structure/thermo_elastic/MOPAR/misc/ReadTopRes.m", "Objective-C", 0, 53, 0, 0, 0, 0, 0, 0, 0, 0, 0, 0, 0, 0, 28, 81
"/home/mueller/codes/moris/projects/EXA/structure/thermo_elastic/MOPAR/misc/ResetTimeExoData.m", "Objective-C", 0, 31, 0, 0, 0, 0, 0, 0, 0, 0, 0, 0, 0, 0, 16, 47
"/home/mueller/codes/moris/projects/EXA/structure/thermo_elastic/MOPAR/misc/ResetTimeExoDataForESsuffix.m", "Objective-C", 0, 25, 0, 0, 0, 0, 0, 0, 0, 0, 0, 0, 0, 0, 13, 38
"/home/mueller/codes/moris/projects/EXA/structure/thermo_elastic/MOPAR/misc/WriteExoData.m", "Objective-C", 0, 219, 0, 0, 0, 0, 0, 0, 0, 0, 0, 0, 0, 0, 45, 264
"/home/mueller/codes/moris/projects/EXA/structure/thermo_elastic/MOPAR/misc/WriteExoMatrix.m", "Objective-C", 0, 36, 0, 0, 0, 0, 0, 0, 0, 0, 0, 0, 0, 0, 12, 48
"/home/mueller/codes/moris/projects/EXA/structure/thermo_elastic/MOPAR/misc/WriteExoMatrixPete.m", "Objective-C", 0, 57, 0, 0, 0, 0, 0, 0, 0, 0, 0, 0, 0, 0, 12, 69
"/home/mueller/codes/moris/projects/EXA/structure/thermo_elastic/MOPAR/misc/awk.m", "Objective-C", 0, 32, 0, 0, 0, 0, 0, 0, 0, 0, 0, 0, 0, 0, 8, 40
"/home/mueller/codes/moris/projects/EXA/structure/thermo_elastic/MOPAR/misc/comparerjelem.m", "Objective-C", 0, 20, 0, 0, 0, 0, 0, 0, 0, 0, 0, 0, 0, 0, 7, 27
"/home/mueller/codes/moris/projects/EXA/structure/thermo_elastic/MOPAR/misc/computeRefinement.m", "Objective-C", 0, 72, 0, 0, 0, 0, 0, 0, 0, 0, 0, 0, 0, 0, 39, 111
"/home/mueller/codes/moris/projects/EXA/structure/thermo_elastic/MOPAR/misc/distance2curve.m", "Objective-C", 0, 1485, 0, 0, 0, 0, 0, 0, 0, 0, 0, 0, 0, 0, 164, 1649
"/home/mueller/codes/moris/projects/EXA/structure/thermo_elastic/MOPAR/misc/driver_twolevelmesh.m", "Objective-C", 0, 19, 0, 0, 0, 0, 0, 0, 0, 0, 0, 0, 0, 0, 11, 30
"/home/mueller/codes/moris/projects/EXA/structure/thermo_elastic/MOPAR/misc/findstrg.m", "Objective-C", 0, 32, 0, 0, 0, 0, 0, 0, 0, 0, 0, 0, 0, 0, 8, 40
"/home/mueller/codes/moris/projects/EXA/structure/thermo_elastic/MOPAR/misc/imageproc.m", "Objective-C", 0, 99, 0, 0, 0, 0, 0, 0, 0, 0, 0, 0, 0, 0, 30, 129
"/home/mueller/codes/moris/projects/EXA/structure/thermo_elastic/MOPAR/misc/ksdensity2d.m", "Objective-C", 0, 36, 0, 0, 0, 0, 0, 0, 0, 0, 0, 0, 0, 0, 3, 39
"/home/mueller/codes/moris/projects/EXA/structure/thermo_elastic/MOPAR/misc/levpoly.m", "Objective-C", 0, 141, 0, 0, 0, 0, 0, 0, 0, 0, 0, 0, 0, 0, 37, 178
"/home/mueller/codes/moris/projects/EXA/structure/thermo_elastic/MOPAR/misc/levpoly2.m", "Objective-C", 0, 147, 0, 0, 0, 0, 0, 0, 0, 0, 0, 0, 0, 0, 38, 185
"/home/mueller/codes/moris/projects/EXA/structure/thermo_elastic/MOPAR/misc/lgwt.m", "Objective-C", 0, 42, 0, 0, 0, 0, 0, 0, 0, 0, 0, 0, 0, 0, 17, 59
"/home/mueller/codes/moris/projects/EXA/structure/thermo_elastic/MOPAR/misc/memorylog.m", "Objective-C", 0, 18, 0, 0, 0, 0, 0, 0, 0, 0, 0, 0, 0, 0, 6, 24
"/home/mueller/codes/moris/projects/EXA/structure/thermo_elastic/MOPAR/misc/mktdir.m", "Objective-C", 0, 8, 0, 0, 0, 0, 0, 0, 0, 0, 0, 0, 0, 0, 5, 13
"/home/mueller/codes/moris/projects/EXA/structure/thermo_elastic/MOPAR/misc/p_poly_dist.m", "Objective-C", 0, 81, 0, 0, 0, 0, 0, 0, 0, 0, 0, 0, 0, 0, 10, 91
"/home/mueller/codes/moris/projects/EXA/structure/thermo_elastic/MOPAR/misc/printlog.m", "Objective-C", 0, 15, 0, 0, 0, 0, 0, 0, 0, 0, 0, 0, 0, 0, 4, 19
"/home/mueller/codes/moris/projects/EXA/structure/thermo_elastic/MOPAR/misc/refine_levelset.m", "Objective-C", 0, 95, 0, 0, 0, 0, 0, 0, 0, 0, 0, 0, 0, 0, 44, 139
"/home/mueller/codes/moris/projects/EXA/structure/thermo_elastic/MOPAR/misc/refine_simp.m", "Objective-C", 0, 78, 0, 0, 0, 0, 0, 0, 0, 0, 0, 0, 0, 0, 30, 108
"/home/mueller/codes/moris/projects/EXA/structure/thermo_elastic/MOPAR/misc/savecell2file.m", "Objective-C", 0, 36, 0, 0, 0, 0, 0, 0, 0, 0, 0, 0, 0, 0, 4, 40
"/home/mueller/codes/moris/projects/EXA/structure/thermo_elastic/MOPAR/misc/smoothHeaviside.m", "Objective-C", 0, 14, 0, 0, 0, 0, 0, 0, 0, 0, 0, 0, 0, 0, 3, 17
"/home/mueller/codes/moris/projects/EXA/structure/thermo_elastic/MOPAR/misc/top2exo.m", "Objective-C", 0, 38, 0, 0, 0, 0, 0, 0, 0, 0, 0, 0, 0, 0, 15, 53
"/home/mueller/codes/moris/projects/EXA/structure/thermo_elastic/MOPAR/misc/triquad.m", "Objective-C", 0, 43, 0, 0, 0, 0, 0, 0, 0, 0, 0, 0, 0, 0, 6, 49
"/home/mueller/codes/moris/projects/EXA/structure/thermo_elastic/MOPAR/misc/twolevelmesh.m", "Objective-C", 0, 113, 0, 0, 0, 0, 0, 0, 0, 0, 0, 0, 0, 0, 32, 145
"/home/mueller/codes/moris/projects/EXA/structure/thermo_elastic/single_element/CMakeLists.txt", "CMake", 0, 0, 0, 0, 0, 0, 84, 0, 0, 0, 0, 0, 0, 0, 16, 100
"/home/mueller/codes/moris/projects/EXA/structure/thermo_elastic/single_element/example_test_case.cpp", "C++", 0, 0, 0, 0, 0, 142, 0, 0, 0, 0, 0, 0, 0, 56, 61, 259
"/home/mueller/codes/moris/projects/EXA/structure/thermo_elastic/single_element/single_element.cpp", "C++", 0, 0, 0, 0, 0, 611, 0, 0, 0, 0, 0, 0, 0, 174, 167, 952
"/home/mueller/codes/moris/projects/EXA/thermal/CMakeLists.txt", "CMake", 0, 0, 0, 0, 0, 0, 10, 0, 0, 0, 0, 0, 0, 0, 4, 14
"/home/mueller/codes/moris/projects/EXA/thermal/advection/CMakeLists.txt", "CMake", 0, 0, 0, 0, 0, 0, 9, 0, 0, 0, 0, 0, 0, 0, 3, 12
"/home/mueller/codes/moris/projects/EXA/thermal/advection/Channel_with_Four_Cylinders_Static/CMakeLists.txt", "CMake", 0, 0, 0, 0, 0, 0, 87, 0, 0, 0, 0, 0, 0, 0, 16, 103
"/home/mueller/codes/moris/projects/EXA/thermal/advection/Channel_with_Four_Cylinders_Static/Channel_with_Four_Cylinders_Static.cpp", "C++", 0, 0, 0, 0, 0, 473, 0, 0, 0, 0, 0, 0, 0, 87, 91, 651
"/home/mueller/codes/moris/projects/EXA/thermal/advection/Channel_with_Four_Cylinders_Static/example_test_case.cpp", "C++", 0, 0, 0, 0, 0, 160, 0, 0, 0, 0, 0, 0, 0, 46, 55, 261
"/home/mueller/codes/moris/projects/EXA/thermal/advection/Channel_with_Four_Cylinders_Transient/CMakeLists.txt", "CMake", 0, 0, 0, 0, 0, 0, 84, 0, 0, 0, 0, 0, 0, 0, 16, 100
"/home/mueller/codes/moris/projects/EXA/thermal/advection/Channel_with_Four_Cylinders_Transient/Channel_with_Four_Cylinders_Transient.cpp", "C++", 0, 0, 0, 0, 0, 540, 0, 0, 0, 0, 0, 0, 0, 72, 118, 730
"/home/mueller/codes/moris/projects/EXA/thermal/advection/Channel_with_Four_Cylinders_Transient/example_test_case.cpp", "C++", 0, 0, 0, 0, 0, 13, 0, 0, 0, 0, 0, 0, 0, 14, 12, 39
"/home/mueller/codes/moris/projects/EXA/thermal/advection/Two_Channels_with_Separation_Wall_Transient/CMakeLists.txt", "CMake", 0, 0, 0, 0, 0, 0, 84, 0, 0, 0, 0, 0, 0, 0, 16, 100
"/home/mueller/codes/moris/projects/EXA/thermal/advection/Two_Channels_with_Separation_Wall_Transient/Two_Channels_with_Separation_Wall_Transient.cpp", "C++", 0, 0, 0, 0, 0, 484, 0, 0, 0, 0, 0, 0, 0, 95, 101, 680
"/home/mueller/codes/moris/projects/EXA/thermal/advection/Two_Channels_with_Separation_Wall_Transient/example_test_case.cpp", "C++", 0, 0, 0, 0, 0, 12, 0, 0, 0, 0, 0, 0, 0, 55, 13, 80
"/home/mueller/codes/moris/projects/EXA/thermal/diffusion/CMakeLists.txt", "CMake", 0, 0, 0, 0, 0, 0, 19, 0, 0, 0, 0, 0, 0, 0, 2, 21
"/home/mueller/codes/moris/projects/EXA/thermal/diffusion/Channel_with_Four_Cylinders_Static_Temp_Only/CMakeLists.txt", "CMake", 0, 0, 0, 0, 0, 0, 87, 0, 0, 0, 0, 0, 0, 0, 16, 103
"/home/mueller/codes/moris/projects/EXA/thermal/diffusion/Channel_with_Four_Cylinders_Static_Temp_Only/Channel_with_Four_Cylinders_Static_Temp_Only.cpp", "C++", 0, 0, 0, 0, 0, 362, 0, 0, 0, 0, 0, 0, 0, 55, 87, 504
"/home/mueller/codes/moris/projects/EXA/thermal/diffusion/Channel_with_Four_Cylinders_Static_Temp_Only/example_test_case.cpp", "C++", 0, 0, 0, 0, 0, 316, 0, 0, 0, 0, 0, 0, 0, 75, 121, 512
"/home/mueller/codes/moris/projects/EXA/thermal/diffusion/Fickian_Problem/CMakeLists.txt", "CMake", 0, 0, 0, 0, 0, 0, 84, 0, 0, 0, 0, 0, 0, 0, 16, 100
"/home/mueller/codes/moris/projects/EXA/thermal/diffusion/Fickian_Problem/Fick_Problem.cpp", "C++", 0, 0, 0, 0, 0, 269, 0, 0, 0, 0, 0, 0, 0, 39, 59, 367
"/home/mueller/codes/moris/projects/EXA/thermal/diffusion/Fickian_Problem/Fick_Problem.m", "Objective-C", 0, 68, 0, 0, 0, 0, 0, 0, 0, 0, 0, 0, 0, 0, 33, 101
"/home/mueller/codes/moris/projects/EXA/thermal/diffusion/Fickian_Problem/example_test_case.cpp", "C++", 0, 0, 0, 0, 0, 144, 0, 0, 0, 0, 0, 0, 0, 60, 72, 276
"/home/mueller/codes/moris/projects/EXA/thermal/diffusion/Fickian_Problem/solve_fick_problem_1D.m", "Objective-C", 0, 20, 0, 0, 0, 0, 0, 0, 0, 0, 0, 0, 0, 0, 9, 29
"/home/mueller/codes/moris/projects/EXA/thermal/diffusion/Field_Example/CMakeLists.txt", "CMake", 0, 0, 0, 0, 0, 0, 90, 0, 0, 0, 0, 0, 0, 0, 17, 107
"/home/mueller/codes/moris/projects/EXA/thermal/diffusion/Field_Example/Field_example_compare.cpp", "C++", 0, 0, 0, 0, 0, 243, 0, 0, 0, 0, 0, 0, 0, 55, 76, 374
"/home/mueller/codes/moris/projects/EXA/thermal/diffusion/Field_Example/Field_example_read.cpp", "C++", 0, 0, 0, 0, 0, 266, 0, 0, 0, 0, 0, 0, 0, 56, 76, 398
"/home/mueller/codes/moris/projects/EXA/thermal/diffusion/Field_Example/Field_example_write.cpp", "C++", 0, 0, 0, 0, 0, 245, 0, 0, 0, 0, 0, 0, 0, 62, 72, 379
"/home/mueller/codes/moris/projects/EXA/thermal/diffusion/Field_Example/example_test_case.cpp", "C++", 0, 0, 0, 0, 0, 155, 0, 0, 0, 0, 0, 0, 0, 46, 70, 271
"/home/mueller/codes/moris/projects/EXA/thermal/diffusion/Grain_Structure/CMakeLists.txt", "CMake", 0, 0, 0, 0, 0, 0, 87, 0, 0, 0, 0, 0, 0, 0, 16, 103
"/home/mueller/codes/moris/projects/EXA/thermal/diffusion/Grain_Structure/Grain_Structure.cpp", "C++", 0, 0, 0, 0, 0, 293, 0, 0, 0, 0, 0, 0, 0, 44, 67, 404
"/home/mueller/codes/moris/projects/EXA/thermal/diffusion/Grain_Structure/example_test_case.cpp", "C++", 0, 0, 0, 0, 0, 70, 0, 0, 0, 0, 0, 0, 0, 26, 34, 130
"/home/mueller/codes/moris/projects/EXA/thermal/diffusion/HeatConduction_2D/CMakeLists.txt", "CMake", 0, 0, 0, 0, 0, 0, 90, 0, 0, 0, 0, 0, 0, 0, 15, 105
"/home/mueller/codes/moris/projects/EXA/thermal/diffusion/HeatConduction_2D/HeatConduction.cpp", "C++", 0, 0, 0, 0, 0, 588, 0, 0, 0, 0, 0, 0, 0, 149, 200, 937
"/home/mueller/codes/moris/projects/EXA/thermal/diffusion/HeatConduction_2D/example_test_case.cpp", "C++", 0, 0, 0, 0, 0, 132, 0, 0, 0, 0, 0, 0, 0, 40, 55, 227
"/home/mueller/codes/moris/projects/EXA/thermal/diffusion/Heated_Sphere/CMakeLists.txt", "CMake", 0, 0, 0, 0, 0, 0, 87, 0, 0, 0, 0, 0, 0, 0, 16, 103
"/home/mueller/codes/moris/projects/EXA/thermal/diffusion/Heated_Sphere/Heated_Sphere.cpp", "C++", 0, 0, 0, 0, 0, 437, 0, 0, 0, 0, 0, 0, 0, 102, 110, 649
"/home/mueller/codes/moris/projects/EXA/thermal/diffusion/Heated_Sphere/example_test_case.cpp", "C++", 0, 0, 0, 0, 0, 123, 0, 0, 0, 0, 0, 0, 0, 106, 54, 283
"/home/mueller/codes/moris/projects/EXA/thermal/diffusion/Laplace_2D/CMakeLists.txt", "CMake", 0, 0, 0, 0, 0, 0, 90, 0, 0, 0, 0, 0, 0, 0, 15, 105
"/home/mueller/codes/moris/projects/EXA/thermal/diffusion/Laplace_2D/Laplace.cpp", "C++", 0, 0, 0, 0, 0, 852, 0, 0, 0, 0, 0, 0, 0, 252, 293, 1397
"/home/mueller/codes/moris/projects/EXA/thermal/diffusion/Laplace_2D/example_test_case.cpp", "C++", 0, 0, 0, 0, 0, 146, 0, 0, 0, 0, 0, 0, 0, 36, 53, 235
"/home/mueller/codes/moris/projects/EXA/thermal/diffusion/STK_XTK_HeatConduction/CMakeLists.txt", "CMake", 0, 0, 0, 0, 0, 0, 90, 0, 0, 0, 0, 0, 0, 0, 16, 106
"/home/mueller/codes/moris/projects/EXA/thermal/diffusion/STK_XTK_HeatConduction/STK_XTK_HeatConduction.cpp", "C++", 0, 0, 0, 0, 0, 571, 0, 0, 0, 0, 0, 0, 0, 155, 184, 910
"/home/mueller/codes/moris/projects/EXA/thermal/diffusion/STK_XTK_HeatConduction/example_test_case.cpp", "C++", 0, 0, 0, 0, 0, 131, 0, 0, 0, 0, 0, 0, 0, 40, 55, 226
"/home/mueller/codes/moris/projects/EXA/thermal/diffusion/Single_Phase_Hollow_Cylinder_Static/CMakeLists.txt", "CMake", 0, 0, 0, 0, 0, 0, 87, 0, 0, 0, 0, 0, 0, 0, 16, 103
"/home/mueller/codes/moris/projects/EXA/thermal/diffusion/Single_Phase_Hollow_Cylinder_Static/Single_Phase_Hollow_Cylinder_Static.cpp", "C++", 0, 0, 0, 0, 0, 265, 0, 0, 0, 0, 0, 0, 0, 53, 64, 382
"/home/mueller/codes/moris/projects/EXA/thermal/diffusion/Single_Phase_Hollow_Cylinder_Static/example_test_case.cpp", "C++", 0, 0, 0, 0, 0, 14, 0, 0, 0, 0, 0, 0, 0, 16, 14, 44
"/home/mueller/codes/moris/projects/EXA/thermal/diffusion/Stefans_Problem_conform/CMakeLists.txt", "CMake", 0, 0, 0, 0, 0, 0, 84, 0, 0, 0, 0, 0, 0, 0, 16, 100
"/home/mueller/codes/moris/projects/EXA/thermal/diffusion/Stefans_Problem_conform/Comsol_conform.cpp", "C++", 0, 0, 0, 0, 0, 307, 0, 0, 0, 0, 0, 0, 0, 50, 65, 422
"/home/mueller/codes/moris/projects/EXA/thermal/diffusion/Stefans_Problem_conform/Stefans_Problem.m", "Objective-C", 0, 74, 0, 0, 0, 0, 0, 0, 0, 0, 0, 0, 0, 0, 34, 108
"/home/mueller/codes/moris/projects/EXA/thermal/diffusion/Stefans_Problem_conform/example_test_case.cpp", "C++", 0, 0, 0, 0, 0, 149, 0, 0, 0, 0, 0, 0, 0, 58, 74, 281
"/home/mueller/codes/moris/projects/EXA/thermal/diffusion/Stefans_Problem_conform/solve_stefans_problem_1D.m", "Objective-C", 0, 35, 0, 0, 0, 0, 0, 0, 0, 0, 0, 0, 0, 0, 15, 50
"/home/mueller/codes/moris/projects/EXA/thermal/diffusion/Stefans_Problem_cut/CMakeLists.txt", "CMake", 0, 0, 0, 0, 0, 0, 84, 0, 0, 0, 0, 0, 0, 0, 16, 100
"/home/mueller/codes/moris/projects/EXA/thermal/diffusion/Stefans_Problem_cut/Comsol_cut.cpp", "C++", 0, 0, 0, 0, 0, 312, 0, 0, 0, 0, 0, 0, 0, 49, 71, 432
"/home/mueller/codes/moris/projects/EXA/thermal/diffusion/Stefans_Problem_cut/example_test_case.cpp", "C++", 0, 0, 0, 0, 0, 140, 0, 0, 0, 0, 0, 0, 0, 54, 62, 256
"/home/mueller/codes/moris/projects/EXA/thermal/diffusion/Two_Material_Bar/CMakeLists.txt", "CMake", 0, 0, 0, 0, 0, 0, 87, 0, 0, 0, 0, 0, 0, 0, 16, 103
"/home/mueller/codes/moris/projects/EXA/thermal/diffusion/Two_Material_Bar/HeatedBarBenchmark.m", "Objective-C", 0, 53, 0, 0, 0, 0, 0, 0, 0, 0, 0, 0, 0, 0, 13, 66
"/home/mueller/codes/moris/projects/EXA/thermal/diffusion/Two_Material_Bar/Two_Material_Bar.cpp", "C++", 0, 0, 0, 0, 0, 428, 0, 0, 0, 0, 0, 0, 0, 112, 121, 661
"/home/mueller/codes/moris/projects/EXA/thermal/diffusion/Two_Material_Bar/Two_Material_Bar_Linear.m", "Objective-C", 0, 23, 0, 0, 0, 0, 0, 0, 0, 0, 0, 0, 0, 0, 6, 29
"/home/mueller/codes/moris/projects/EXA/thermal/diffusion/Two_Material_Bar/Two_Material_Bar_Quadratic.m", "Objective-C", 0, 23, 0, 0, 0, 0, 0, 0, 0, 0, 0, 0, 0, 0, 6, 29
"/home/mueller/codes/moris/projects/EXA/thermal/diffusion/Two_Material_Bar/example_test_case.cpp", "C++", 0, 0, 0, 0, 0, 256, 0, 0, 0, 0, 0, 0, 0, 65, 108, 429
"/home/mueller/codes/moris/projects/EXA/thermal/diffusion/Voxel_Grain_Structure/CMakeLists.txt", "CMake", 0, 0, 0, 0, 0, 0, 88, 0, 0, 0, 0, 0, 0, 0, 17, 105
"/home/mueller/codes/moris/projects/EXA/thermal/diffusion/Voxel_Grain_Structure/Voxel_Grain_Structure.cpp", "C++", 0, 0, 0, 0, 0, 460, 0, 0, 0, 0, 0, 0, 0, 59, 92, 611
"/home/mueller/codes/moris/projects/EXA/thermal/diffusion/Voxel_Grain_Structure/example_test_case.cpp", "C++", 0, 0, 0, 0, 0, 81, 0, 0, 0, 0, 0, 0, 0, 31, 41, 153
"/home/mueller/codes/moris/projects/FEM/CMakeLists.txt", "CMake", 0, 0, 0, 0, 0, 0, 13, 0, 0, 0, 0, 0, 0, 0, 4, 17
"/home/mueller/codes/moris/projects/FEM/INT/CMakeLists.txt", "CMake", 0, 0, 0, 0, 0, 0, 14, 0, 0, 0, 0, 0, 0, 0, 5, 19
"/home/mueller/codes/moris/projects/FEM/INT/src/CM/cl_FEM_CM_Compressible_Newtonian_Fluid.cpp", "C++", 0, 0, 0, 0, 0, 1254, 0, 0, 0, 0, 0, 0, 0, 446, 411, 2111
"/home/mueller/codes/moris/projects/FEM/INT/src/CM/cl_FEM_CM_Compressible_Newtonian_Fluid.hpp", "C++", 0, 0, 0, 0, 0, 398, 0, 0, 0, 0, 0, 0, 0, 591, 146, 1135
"/home/mueller/codes/moris/projects/FEM/INT/src/CM/cl_FEM_CM_Compressible_Newtonian_Fluid_Test_Tractions.cpp", "C++", 0, 0, 0, 0, 0, 227, 0, 0, 0, 0, 0, 0, 0, 119, 75, 421
"/home/mueller/codes/moris/projects/FEM/INT/src/CM/cl_FEM_CM_Diffusion_Linear_Isotropic.cpp", "C++", 0, 0, 0, 0, 0, 518, 0, 0, 0, 0, 0, 0, 0, 205, 161, 884
"/home/mueller/codes/moris/projects/FEM/INT/src/CM/cl_FEM_CM_Diffusion_Linear_Isotropic.hpp", "C++", 0, 0, 0, 0, 0, 91, 0, 0, 0, 0, 0, 0, 0, 194, 48, 333
"/home/mueller/codes/moris/projects/FEM/INT/src/CM/cl_FEM_CM_Diffusion_Linear_Isotropic_Phase_Change.cpp", "C++", 0, 0, 0, 0, 0, 267, 0, 0, 0, 0, 0, 0, 0, 103, 87, 457
"/home/mueller/codes/moris/projects/FEM/INT/src/CM/cl_FEM_CM_Diffusion_Linear_Isotropic_Phase_Change.hpp", "C++", 0, 0, 0, 0, 0, 61, 0, 0, 0, 0, 0, 0, 0, 83, 28, 172
"/home/mueller/codes/moris/projects/FEM/INT/src/CM/cl_FEM_CM_Diffusion_Linear_Isotropic_Turbulence.cpp", "C++", 0, 0, 0, 0, 0, 769, 0, 0, 0, 0, 0, 0, 0, 298, 252, 1319
"/home/mueller/codes/moris/projects/FEM/INT/src/CM/cl_FEM_CM_Diffusion_Linear_Isotropic_Turbulence.hpp", "C++", 0, 0, 0, 0, 0, 169, 0, 0, 0, 0, 0, 0, 0, 279, 68, 516
"/home/mueller/codes/moris/projects/FEM/INT/src/CM/cl_FEM_CM_Factory.cpp", "C++", 0, 0, 0, 0, 0, 60, 0, 0, 0, 0, 0, 0, 0, 12, 19, 91
"/home/mueller/codes/moris/projects/FEM/INT/src/CM/cl_FEM_CM_Factory.hpp", "C++", 0, 0, 0, 0, 0, 16, 0, 0, 0, 0, 0, 0, 0, 29, 13, 58
"/home/mueller/codes/moris/projects/FEM/INT/src/CM/cl_FEM_CM_Fluid_Compressible_Ideal.cpp", "C++", 0, 0, 0, 0, 0, 902, 0, 0, 0, 0, 0, 0, 0, 316, 271, 1489
"/home/mueller/codes/moris/projects/FEM/INT/src/CM/cl_FEM_CM_Fluid_Compressible_Ideal.hpp", "C++", 0, 0, 0, 0, 0, 291, 0, 0, 0, 0, 0, 0, 0, 440, 108, 839
"/home/mueller/codes/moris/projects/FEM/INT/src/CM/cl_FEM_CM_Fluid_Compressible_Ideal_Test_Tractions.cpp", "C++", 0, 0, 0, 0, 0, 227, 0, 0, 0, 0, 0, 0, 0, 119, 75, 421
"/home/mueller/codes/moris/projects/FEM/INT/src/CM/cl_FEM_CM_Fluid_Compressible_Van_der_Waals.cpp", "C++", 0, 0, 0, 0, 0, 1127, 0, 0, 0, 0, 0, 0, 0, 378, 322, 1827
"/home/mueller/codes/moris/projects/FEM/INT/src/CM/cl_FEM_CM_Fluid_Compressible_Van_der_Waals.hpp", "C++", 0, 0, 0, 0, 0, 337, 0, 0, 0, 0, 0, 0, 0, 477, 118, 932
"/home/mueller/codes/moris/projects/FEM/INT/src/CM/cl_FEM_CM_Fluid_Compressible_Van_der_Waals_Test_Tractions.cpp", "C++", 0, 0, 0, 0, 0, 320, 0, 0, 0, 0, 0, 0, 0, 140, 94, 554
"/home/mueller/codes/moris/projects/FEM/INT/src/CM/cl_FEM_CM_Fluid_Incompressible.cpp", "C++", 0, 0, 0, 0, 0, 480, 0, 0, 0, 0, 0, 0, 0, 144, 139, 763
"/home/mueller/codes/moris/projects/FEM/INT/src/CM/cl_FEM_CM_Fluid_Incompressible.hpp", "C++", 0, 0, 0, 0, 0, 121, 0, 0, 0, 0, 0, 0, 0, 131, 41, 293
"/home/mueller/codes/moris/projects/FEM/INT/src/CM/cl_FEM_CM_Fluid_Turbulence.cpp", "C++", 0, 0, 0, 0, 0, 755, 0, 0, 0, 0, 0, 0, 0, 285, 243, 1283
"/home/mueller/codes/moris/projects/FEM/INT/src/CM/cl_FEM_CM_Fluid_Turbulence.hpp", "C++", 0, 0, 0, 0, 0, 160, 0, 0, 0, 0, 0, 0, 0, 260, 62, 482
"/home/mueller/codes/moris/projects/FEM/INT/src/CM/cl_FEM_CM_Spalart_Allmaras_Turbulence.cpp", "C++", 0, 0, 0, 0, 0, 1886, 0, 0, 0, 0, 0, 0, 0, 759, 667, 3312
"/home/mueller/codes/moris/projects/FEM/INT/src/CM/cl_FEM_CM_Spalart_Allmaras_Turbulence.hpp", "C++", 0, 0, 0, 0, 0, 347, 0, 0, 0, 0, 0, 0, 0, 619, 153, 1119
"/home/mueller/codes/moris/projects/FEM/INT/src/CM/cl_FEM_CM_Struc_Linear.cpp", "C++", 0, 0, 0, 0, 0, 702, 0, 0, 0, 0, 0, 0, 0, 194, 187, 1083
"/home/mueller/codes/moris/projects/FEM/INT/src/CM/cl_FEM_CM_Struc_Linear.hpp", "C++", 0, 0, 0, 0, 0, 153, 0, 0, 0, 0, 0, 0, 0, 221, 67, 441
"/home/mueller/codes/moris/projects/FEM/INT/src/CM/cl_FEM_CM_Struc_Linear_Isotropic.cpp", "C++", 0, 0, 0, 0, 0, 272, 0, 0, 0, 0, 0, 0, 0, 65, 86, 423
"/home/mueller/codes/moris/projects/FEM/INT/src/CM/cl_FEM_CM_Struc_Linear_Isotropic.hpp", "C++", 0, 0, 0, 0, 0, 72, 0, 0, 0, 0, 0, 0, 0, 113, 36, 221
"/home/mueller/codes/moris/projects/FEM/INT/src/CM/cl_FEM_CM_Struc_Linear_Isotropic_Damage.cpp", "C++", 0, 0, 0, 0, 0, 1276, 0, 0, 0, 0, 0, 0, 0, 402, 336, 2014
"/home/mueller/codes/moris/projects/FEM/INT/src/CM/cl_FEM_CM_Struc_Linear_Isotropic_Damage.hpp", "C++", 0, 0, 0, 0, 0, 208, 0, 0, 0, 0, 0, 0, 0, 290, 82, 580
"/home/mueller/codes/moris/projects/FEM/INT/src/CM/cl_FEM_CM_Struc_Linear_MoriTanaka.cpp", "C++", 0, 0, 0, 0, 0, 521, 0, 0, 0, 0, 0, 0, 0, 129, 118, 768
"/home/mueller/codes/moris/projects/FEM/INT/src/CM/cl_FEM_CM_Struc_Linear_MoriTanaka.hpp", "C++", 0, 0, 0, 0, 0, 76, 0, 0, 0, 0, 0, 0, 0, 97, 35, 208
"/home/mueller/codes/moris/projects/FEM/INT/src/CM/cl_FEM_CM_Struc_Nonlinear_Isotropic.cpp", "C++", 0, 0, 0, 0, 0, 1750, 0, 0, 0, 0, 0, 0, 0, 518, 354, 2622
"/home/mueller/codes/moris/projects/FEM/INT/src/CM/cl_FEM_CM_Struc_Nonlinear_Isotropic.hpp", "C++", 0, 0, 0, 0, 0, 498, 0, 0, 0, 0, 0, 0, 0, 436, 155, 1089
"/home/mueller/codes/moris/projects/FEM/INT/src/CM/cl_FEM_CM_Struc_Nonlinear_Isotropic_Compressible_Neo_Hookean_Bonet.cpp", "C++", 0, 0, 0, 0, 0, 1330, 0, 0, 0, 0, 0, 0, 0, 165, 197, 1692
"/home/mueller/codes/moris/projects/FEM/INT/src/CM/cl_FEM_CM_Struc_Nonlinear_Isotropic_Compressible_Neo_Hookean_Bonet.hpp", "C++", 0, 0, 0, 0, 0, 138, 0, 0, 0, 0, 0, 0, 0, 209, 56, 403
"/home/mueller/codes/moris/projects/FEM/INT/src/CM/cl_FEM_CM_Struc_Nonlinear_Isotropic_Compressible_Neo_Hookean_Wriggers.cpp", "C++", 0, 0, 0, 0, 0, 1337, 0, 0, 0, 0, 0, 0, 0, 132, 186, 1655
"/home/mueller/codes/moris/projects/FEM/INT/src/CM/cl_FEM_CM_Struc_Nonlinear_Isotropic_Compressible_Neo_Hookean_Wriggers.hpp", "C++", 0, 0, 0, 0, 0, 126, 0, 0, 0, 0, 0, 0, 0, 171, 56, 353
"/home/mueller/codes/moris/projects/FEM/INT/src/CM/cl_FEM_CM_Struc_Nonlinear_Isotropic_Saint_Venant_Kirchhoff.cpp", "C++", 0, 0, 0, 0, 0, 1266, 0, 0, 0, 0, 0, 0, 0, 128, 172, 1566
"/home/mueller/codes/moris/projects/FEM/INT/src/CM/cl_FEM_CM_Struc_Nonlinear_Isotropic_Saint_Venant_Kirchhoff.hpp", "C++", 0, 0, 0, 0, 0, 127, 0, 0, 0, 0, 0, 0, 0, 181, 50, 358
"/home/mueller/codes/moris/projects/FEM/INT/src/CM/cl_FEM_Constitutive_Model.cpp", "C++", 0, 0, 0, 0, 0, 2049, 0, 0, 0, 0, 0, 0, 0, 871, 720, 3640
"/home/mueller/codes/moris/projects/FEM/INT/src/CM/cl_FEM_Constitutive_Model.hpp", "C++", 0, 0, 0, 0, 0, 816, 0, 0, 0, 0, 0, 0, 0, 934, 228, 1978
"/home/mueller/codes/moris/projects/FEM/INT/src/CM/fn_FEM_CM_Phase_State_Functions.hpp", "C++", 0, 0, 0, 0, 0, 175, 0, 0, 0, 0, 0, 0, 0, 36, 34, 245
"/home/mueller/codes/moris/projects/FEM/INT/src/CMakeLists.txt", "CMake", 0, 0, 0, 0, 0, 0, 551, 0, 0, 0, 0, 0, 0, 0, 89, 640
"/home/mueller/codes/moris/projects/FEM/INT/src/CORE/cl_FEM_Field.cpp", "C++", 0, 0, 0, 0, 0, 114, 0, 0, 0, 0, 0, 0, 0, 28, 36, 178
"/home/mueller/codes/moris/projects/FEM/INT/src/CORE/cl_FEM_Field.hpp", "C++", 0, 0, 0, 0, 0, 67, 0, 0, 0, 0, 0, 0, 0, 37, 38, 142
"/home/mueller/codes/moris/projects/FEM/INT/src/CORE/cl_FEM_Model.cpp", "C++", 0, 0, 0, 0, 0, 820, 0, 0, 0, 0, 0, 0, 0, 271, 240, 1331
"/home/mueller/codes/moris/projects/FEM/INT/src/CORE/cl_FEM_Model.hpp", "C++", 0, 0, 0, 0, 0, 232, 0, 0, 0, 0, 0, 0, 0, 260, 81, 573
"/home/mueller/codes/moris/projects/FEM/INT/src/CORE/cl_FEM_Model_Initializer.cpp", "C++", 0, 0, 0, 0, 0, 141, 0, 0, 0, 0, 0, 0, 0, 33, 45, 219
"/home/mueller/codes/moris/projects/FEM/INT/src/CORE/cl_FEM_Model_Initializer.hpp", "C++", 0, 0, 0, 0, 0, 95, 0, 0, 0, 0, 0, 0, 0, 19, 29, 143
"/home/mueller/codes/moris/projects/FEM/INT/src/CORE/cl_FEM_Model_Initializer_Legacy.cpp", "C++", 0, 0, 0, 0, 0, 613, 0, 0, 0, 0, 0, 0, 0, 185, 174, 972
"/home/mueller/codes/moris/projects/FEM/INT/src/CORE/cl_FEM_Model_Initializer_Legacy.hpp", "C++", 0, 0, 0, 0, 0, 47, 0, 0, 0, 0, 0, 0, 0, 9, 9, 65
"/home/mueller/codes/moris/projects/FEM/INT/src/CORE/cl_FEM_Model_Initializer_Phasebased.cpp", "C++", 0, 0, 0, 0, 0, 839, 0, 0, 0, 0, 0, 0, 0, 355, 323, 1517
"/home/mueller/codes/moris/projects/FEM/INT/src/CORE/cl_FEM_Model_Initializer_Phasebased.hpp", "C++", 0, 0, 0, 0, 0, 52, 0, 0, 0, 0, 0, 0, 0, 9, 10, 71
"/home/mueller/codes/moris/projects/FEM/INT/src/CORE/cl_FEM_Node.hpp", "C++", 0, 0, 0, 0, 0, 77, 0, 0, 0, 0, 0, 0, 0, 65, 37, 179
"/home/mueller/codes/moris/projects/FEM/INT/src/CORE/cl_FEM_NodeProxy.hpp", "C++", 0, 0, 0, 0, 0, 68, 0, 0, 0, 0, 0, 0, 0, 21, 21, 110
"/home/mueller/codes/moris/projects/FEM/INT/src/CORE/cl_FEM_Node_Base.hpp", "C++", 0, 0, 0, 0, 0, 127, 0, 0, 0, 0, 0, 0, 0, 84, 49, 260
"/home/mueller/codes/moris/projects/FEM/INT/src/CORE/cl_FEM_Phase_User_Info.hpp", "C++", 0, 0, 0, 0, 0, 166, 0, 0, 0, 0, 0, 0, 0, 160, 59, 385
"/home/mueller/codes/moris/projects/FEM/INT/src/CORE/cl_FEM_Property.cpp", "C++", 0, 0, 0, 0, 0, 301, 0, 0, 0, 0, 0, 0, 0, 146, 126, 573
"/home/mueller/codes/moris/projects/FEM/INT/src/CORE/cl_FEM_Property.hpp", "C++", 0, 0, 0, 0, 0, 185, 0, 0, 0, 0, 0, 0, 0, 252, 74, 511
"/home/mueller/codes/moris/projects/FEM/INT/src/CORE/cl_FEM_Set.cpp", "C++", 0, 0, 0, 0, 0, 2455, 0, 0, 0, 0, 0, 0, 0, 652, 719, 3826
"/home/mueller/codes/moris/projects/FEM/INT/src/CORE/cl_FEM_Set.hpp", "C++", 0, 0, 0, 0, 0, 412, 0, 0, 0, 0, 0, 0, 0, 554, 160, 1126
"/home/mueller/codes/moris/projects/FEM/INT/src/CORE/cl_FEM_Set_User_Info.hpp", "C++", 0, 0, 0, 0, 0, 198, 0, 0, 0, 0, 0, 0, 0, 203, 72, 473
"/home/mueller/codes/moris/projects/FEM/INT/src/CORE/fn_FEM_Check.hpp", "C++", 0, 0, 0, 0, 0, 67, 0, 0, 0, 0, 0, 0, 0, 26, 19, 112
"/home/mueller/codes/moris/projects/FEM/INT/src/CORE/fn_FEM_FD_Scheme.hpp", "C++", 0, 0, 0, 0, 0, 50, 0, 0, 0, 0, 0, 0, 0, 26, 20, 96
"/home/mueller/codes/moris/projects/FEM/INT/src/CORE/fn_FEM_Side_Coordinate_Map.hpp", "C++", 0, 0, 0, 0, 0, 92, 0, 0, 0, 0, 0, 0, 0, 26, 23, 141
"/home/mueller/codes/moris/projects/FEM/INT/src/ELEM/cl_FEM_Cluster.cpp", "C++", 0, 0, 0, 0, 0, 847, 0, 0, 0, 0, 0, 0, 0, 255, 215, 1317
"/home/mueller/codes/moris/projects/FEM/INT/src/ELEM/cl_FEM_Cluster.hpp", "C++", 0, 0, 0, 0, 0, 158, 0, 0, 0, 0, 0, 0, 0, 253, 72, 483
"/home/mueller/codes/moris/projects/FEM/INT/src/ELEM/cl_FEM_Element.hpp", "C++", 0, 0, 0, 0, 0, 357, 0, 0, 0, 0, 0, 0, 0, 175, 72, 604
"/home/mueller/codes/moris/projects/FEM/INT/src/ELEM/cl_FEM_ElementProxy.hpp", "C++", 0, 0, 0, 0, 0, 106, 0, 0, 0, 0, 0, 0, 0, 32, 41, 179
"/home/mueller/codes/moris/projects/FEM/INT/src/ELEM/cl_FEM_Element_Bulk.cpp", "C++", 0, 0, 0, 0, 0, 512, 0, 0, 0, 0, 0, 0, 0, 235, 212, 959
"/home/mueller/codes/moris/projects/FEM/INT/src/ELEM/cl_FEM_Element_Bulk.hpp", "C++", 0, 0, 0, 0, 0, 40, 0, 0, 0, 0, 0, 0, 0, 96, 25, 161
"/home/mueller/codes/moris/projects/FEM/INT/src/ELEM/cl_FEM_Element_Double_Sideset.cpp", "C++", 0, 0, 0, 0, 0, 414, 0, 0, 0, 0, 0, 0, 0, 163, 172, 749
"/home/mueller/codes/moris/projects/FEM/INT/src/ELEM/cl_FEM_Element_Double_Sideset.hpp", "C++", 0, 0, 0, 0, 0, 57, 0, 0, 0, 0, 0, 0, 0, 97, 39, 193
"/home/mueller/codes/moris/projects/FEM/INT/src/ELEM/cl_FEM_Element_Factory.cpp", "C++", 0, 0, 0, 0, 0, 74, 0, 0, 0, 0, 0, 0, 0, 18, 17, 109
"/home/mueller/codes/moris/projects/FEM/INT/src/ELEM/cl_FEM_Element_Factory.hpp", "C++", 0, 0, 0, 0, 0, 51, 0, 0, 0, 0, 0, 0, 0, 51, 14, 116
"/home/mueller/codes/moris/projects/FEM/INT/src/ELEM/cl_FEM_Element_Nonconformal_Sideset.cpp", "C++", 0, 0, 0, 0, 0, 39, 0, 0, 0, 0, 0, 0, 0, 15, 16, 70
"/home/mueller/codes/moris/projects/FEM/INT/src/ELEM/cl_FEM_Element_Nonconformal_Sideset.hpp", "C++", 0, 0, 0, 0, 0, 39, 0, 0, 0, 0, 0, 0, 0, 9, 9, 57
"/home/mueller/codes/moris/projects/FEM/INT/src/ELEM/cl_FEM_Element_Sideset.cpp", "C++", 0, 0, 0, 0, 0, 476, 0, 0, 0, 0, 0, 0, 0, 247, 230, 953
"/home/mueller/codes/moris/projects/FEM/INT/src/ELEM/cl_FEM_Element_Sideset.hpp", "C++", 0, 0, 0, 0, 0, 37, 0, 0, 0, 0, 0, 0, 0, 88, 41, 166
"/home/mueller/codes/moris/projects/FEM/INT/src/ELEM/cl_FEM_Element_Time_Boundary.cpp", "C++", 0, 0, 0, 0, 0, 301, 0, 0, 0, 0, 0, 0, 0, 154, 126, 581
"/home/mueller/codes/moris/projects/FEM/INT/src/ELEM/cl_FEM_Element_Time_Boundary.hpp", "C++", 0, 0, 0, 0, 0, 37, 0, 0, 0, 0, 0, 0, 0, 76, 25, 138
"/home/mueller/codes/moris/projects/FEM/INT/src/ELEM/cl_FEM_Element_Time_Final_Sideset.cpp", "C++", 0, 0, 0, 0, 0, 374, 0, 0, 0, 0, 0, 0, 0, 170, 149, 693
"/home/mueller/codes/moris/projects/FEM/INT/src/ELEM/cl_FEM_Element_Time_Final_Sideset.hpp", "C++", 0, 0, 0, 0, 0, 34, 0, 0, 0, 0, 0, 0, 0, 79, 26, 139
"/home/mueller/codes/moris/projects/FEM/INT/src/ELEM/cl_FEM_Element_Time_Sideset.cpp", "C++", 0, 0, 0, 0, 0, 355, 0, 0, 0, 0, 0, 0, 0, 165, 145, 665
"/home/mueller/codes/moris/projects/FEM/INT/src/ELEM/cl_FEM_Element_Time_Sideset.hpp", "C++", 0, 0, 0, 0, 0, 32, 0, 0, 0, 0, 0, 0, 0, 78, 26, 136
"/home/mueller/codes/moris/projects/FEM/INT/src/ELEM/cl_FEM_Interpolation_Element.cpp", "C++", 0, 0, 0, 0, 0, 924, 0, 0, 0, 0, 0, 0, 0, 428, 359, 1711
"/home/mueller/codes/moris/projects/FEM/INT/src/ELEM/cl_FEM_Interpolation_Element.hpp", "C++", 0, 0, 0, 0, 0, 108, 0, 0, 0, 0, 0, 0, 0, 127, 47, 282
"/home/mueller/codes/moris/projects/FEM/INT/src/IP/cl_FEM_Field_Interpolator.cpp", "C++", 0, 0, 0, 0, 0, 686, 0, 0, 0, 0, 0, 0, 0, 204, 181, 1071
"/home/mueller/codes/moris/projects/FEM/INT/src/IP/cl_FEM_Field_Interpolator.hpp", "C++", 0, 0, 0, 0, 0, 212, 0, 0, 0, 0, 0, 0, 0, 270, 88, 570
"/home/mueller/codes/moris/projects/FEM/INT/src/IP/cl_FEM_Field_Interpolator_Manager.cpp", "C++", 0, 0, 0, 0, 0, 319, 0, 0, 0, 0, 0, 0, 0, 121, 102, 542
"/home/mueller/codes/moris/projects/FEM/INT/src/IP/cl_FEM_Field_Interpolator_Manager.hpp", "C++", 0, 0, 0, 0, 0, 136, 0, 0, 0, 0, 0, 0, 0, 167, 54, 357
"/home/mueller/codes/moris/projects/FEM/INT/src/IP/cl_FEM_Geometry_Interpolator.cpp", "C++", 0, 0, 0, 0, 0, 610, 0, 0, 0, 0, 0, 0, 0, 214, 226, 1050
"/home/mueller/codes/moris/projects/FEM/INT/src/IP/cl_FEM_Geometry_Interpolator.hpp", "C++", 0, 0, 0, 0, 0, 243, 0, 0, 0, 0, 0, 0, 0, 387, 106, 736
"/home/mueller/codes/moris/projects/FEM/INT/src/IQI/cl_FEM_IQI.cpp", "C++", 0, 0, 0, 0, 0, 1682, 0, 0, 0, 0, 0, 0, 0, 556, 425, 2663
"/home/mueller/codes/moris/projects/FEM/INT/src/IQI/cl_FEM_IQI.hpp", "C++", 0, 0, 0, 0, 0, 383, 0, 0, 0, 0, 0, 0, 0, 435, 117, 935
"/home/mueller/codes/moris/projects/FEM/INT/src/IQI/cl_FEM_IQI_2D_Drag_Lift_Coefficient.cpp", "C++", 0, 0, 0, 0, 0, 89, 0, 0, 0, 0, 0, 0, 0, 44, 32, 165
"/home/mueller/codes/moris/projects/FEM/INT/src/IQI/cl_FEM_IQI_2D_Drag_Lift_Coefficient.hpp", "C++", 0, 0, 0, 0, 0, 44, 0, 0, 0, 0, 0, 0, 0, 44, 20, 108
"/home/mueller/codes/moris/projects/FEM/INT/src/IQI/cl_FEM_IQI_ALM_Dof.cpp", "C++", 0, 0, 0, 0, 0, 135, 0, 0, 0, 0, 0, 0, 0, 60, 62, 257
"/home/mueller/codes/moris/projects/FEM/INT/src/IQI/cl_FEM_IQI_ALM_Dof.hpp", "C++", 0, 0, 0, 0, 0, 33, 0, 0, 0, 0, 0, 0, 0, 60, 22, 115
"/home/mueller/codes/moris/projects/FEM/INT/src/IQI/cl_FEM_IQI_Advection_Strong_Residual.cpp", "C++", 0, 0, 0, 0, 0, 49, 0, 0, 0, 0, 0, 0, 0, 28, 25, 102
"/home/mueller/codes/moris/projects/FEM/INT/src/IQI/cl_FEM_IQI_Advection_Strong_Residual.hpp", "C++", 0, 0, 0, 0, 0, 35, 0, 0, 0, 0, 0, 0, 0, 44, 20, 99
"/home/mueller/codes/moris/projects/FEM/INT/src/IQI/cl_FEM_IQI_Contact_Pressure.cpp", "C++", 0, 0, 0, 0, 0, 63, 0, 0, 0, 0, 0, 0, 0, 23, 21, 107
"/home/mueller/codes/moris/projects/FEM/INT/src/IQI/cl_FEM_IQI_Contact_Pressure.hpp", "C++", 0, 0, 0, 0, 0, 28, 0, 0, 0, 0, 0, 0, 0, 43, 19, 90
"/home/mueller/codes/moris/projects/FEM/INT/src/IQI/cl_FEM_IQI_Dof.cpp", "C++", 0, 0, 0, 0, 0, 181, 0, 0, 0, 0, 0, 0, 0, 63, 62, 306
"/home/mueller/codes/moris/projects/FEM/INT/src/IQI/cl_FEM_IQI_Dof.hpp", "C++", 0, 0, 0, 0, 0, 32, 0, 0, 0, 0, 0, 0, 0, 54, 21, 107
"/home/mueller/codes/moris/projects/FEM/INT/src/IQI/cl_FEM_IQI_Effective_Conductivity.cpp", "C++", 0, 0, 0, 0, 0, 27, 0, 0, 0, 0, 0, 0, 0, 21, 13, 61
"/home/mueller/codes/moris/projects/FEM/INT/src/IQI/cl_FEM_IQI_Effective_Conductivity.hpp", "C++", 0, 0, 0, 0, 0, 38, 0, 0, 0, 0, 0, 0, 0, 40, 17, 95
"/home/mueller/codes/moris/projects/FEM/INT/src/IQI/cl_FEM_IQI_Effective_Dynamic_Viscosity.cpp", "C++", 0, 0, 0, 0, 0, 27, 0, 0, 0, 0, 0, 0, 0, 21, 13, 61
"/home/mueller/codes/moris/projects/FEM/INT/src/IQI/cl_FEM_IQI_Effective_Dynamic_Viscosity.hpp", "C++", 0, 0, 0, 0, 0, 37, 0, 0, 0, 0, 0, 0, 0, 40, 17, 94
"/home/mueller/codes/moris/projects/FEM/INT/src/IQI/cl_FEM_IQI_Eigen_Value.cpp", "C++", 0, 0, 0, 0, 0, 73, 0, 0, 0, 0, 0, 0, 0, 27, 27, 127
"/home/mueller/codes/moris/projects/FEM/INT/src/IQI/cl_FEM_IQI_Eigen_Value.hpp", "C++", 0, 0, 0, 0, 0, 28, 0, 0, 0, 0, 0, 0, 0, 53, 18, 99
"/home/mueller/codes/moris/projects/FEM/INT/src/IQI/cl_FEM_IQI_Eigen_Vector.cpp", "C++", 0, 0, 0, 0, 0, 72, 0, 0, 0, 0, 0, 0, 0, 27, 27, 126
"/home/mueller/codes/moris/projects/FEM/INT/src/IQI/cl_FEM_IQI_Eigen_Vector.hpp", "C++", 0, 0, 0, 0, 0, 28, 0, 0, 0, 0, 0, 0, 0, 53, 18, 99
"/home/mueller/codes/moris/projects/FEM/INT/src/IQI/cl_FEM_IQI_Factory.cpp", "C++", 0, 0, 0, 0, 0, 182, 0, 0, 0, 0, 0, 0, 0, 12, 33, 227
"/home/mueller/codes/moris/projects/FEM/INT/src/IQI/cl_FEM_IQI_Factory.hpp", "C++", 0, 0, 0, 0, 0, 16, 0, 0, 0, 0, 0, 0, 0, 28, 12, 56
"/home/mueller/codes/moris/projects/FEM/INT/src/IQI/cl_FEM_IQI_Gap.cpp", "C++", 0, 0, 0, 0, 0, 51, 0, 0, 0, 0, 0, 0, 0, 15, 22, 88
"/home/mueller/codes/moris/projects/FEM/INT/src/IQI/cl_FEM_IQI_Gap.hpp", "C++", 0, 0, 0, 0, 0, 24, 0, 0, 0, 0, 0, 0, 0, 32, 16, 72
"/home/mueller/codes/moris/projects/FEM/INT/src/IQI/cl_FEM_IQI_H1_Error.cpp", "C++", 0, 0, 0, 0, 0, 160, 0, 0, 0, 0, 0, 0, 0, 72, 66, 298
"/home/mueller/codes/moris/projects/FEM/INT/src/IQI/cl_FEM_IQI_H1_Error.hpp", "C++", 0, 0, 0, 0, 0, 36, 0, 0, 0, 0, 0, 0, 0, 50, 24, 110
"/home/mueller/codes/moris/projects/FEM/INT/src/IQI/cl_FEM_IQI_H1_Error_Analytic.cpp", "C++", 0, 0, 0, 0, 0, 38, 0, 0, 0, 0, 0, 0, 0, 27, 23, 88
"/home/mueller/codes/moris/projects/FEM/INT/src/IQI/cl_FEM_IQI_H1_Error_Analytic.hpp", "C++", 0, 0, 0, 0, 0, 36, 0, 0, 0, 0, 0, 0, 0, 42, 19, 97
"/home/mueller/codes/moris/projects/FEM/INT/src/IQI/cl_FEM_IQI_Heat_Method_Penalty.cpp", "C++", 0, 0, 0, 0, 0, 147, 0, 0, 0, 0, 0, 0, 0, 52, 46, 245
"/home/mueller/codes/moris/projects/FEM/INT/src/IQI/cl_FEM_IQI_Heat_Method_Penalty.hpp", "C++", 0, 0, 0, 0, 0, 42, 0, 0, 0, 0, 0, 0, 0, 65, 24, 131
"/home/mueller/codes/moris/projects/FEM/INT/src/IQI/cl_FEM_IQI_Homogenized_Constitutive.cpp", "C++", 0, 0, 0, 0, 0, 31, 0, 0, 0, 0, 0, 0, 0, 26, 18, 75
"/home/mueller/codes/moris/projects/FEM/INT/src/IQI/cl_FEM_IQI_Homogenized_Constitutive.hpp", "C++", 0, 0, 0, 0, 0, 41, 0, 0, 0, 0, 0, 0, 0, 41, 18, 100
"/home/mueller/codes/moris/projects/FEM/INT/src/IQI/cl_FEM_IQI_J_Integral.cpp", "C++", 0, 0, 0, 0, 0, 29, 0, 0, 0, 0, 0, 0, 0, 34, 18, 81
"/home/mueller/codes/moris/projects/FEM/INT/src/IQI/cl_FEM_IQI_J_Integral.hpp", "C++", 0, 0, 0, 0, 0, 35, 0, 0, 0, 0, 0, 0, 0, 42, 16, 93
"/home/mueller/codes/moris/projects/FEM/INT/src/IQI/cl_FEM_IQI_Jump_Dof.cpp", "C++", 0, 0, 0, 0, 0, 92, 0, 0, 0, 0, 0, 0, 0, 35, 37, 164
"/home/mueller/codes/moris/projects/FEM/INT/src/IQI/cl_FEM_IQI_Jump_Dof.hpp", "C++", 0, 0, 0, 0, 0, 30, 0, 0, 0, 0, 0, 0, 0, 55, 23, 108
"/home/mueller/codes/moris/projects/FEM/INT/src/IQI/cl_FEM_IQI_Jump_Traction.cpp", "C++", 0, 0, 0, 0, 0, 77, 0, 0, 0, 0, 0, 0, 0, 31, 26, 134
"/home/mueller/codes/moris/projects/FEM/INT/src/IQI/cl_FEM_IQI_Jump_Traction.hpp", "C++", 0, 0, 0, 0, 0, 29, 0, 0, 0, 0, 0, 0, 0, 43, 20, 92
"/home/mueller/codes/moris/projects/FEM/INT/src/IQI/cl_FEM_IQI_L2_Error_Analytic.cpp", "C++", 0, 0, 0, 0, 0, 48, 0, 0, 0, 0, 0, 0, 0, 26, 23, 97
"/home/mueller/codes/moris/projects/FEM/INT/src/IQI/cl_FEM_IQI_L2_Error_Analytic.hpp", "C++", 0, 0, 0, 0, 0, 36, 0, 0, 0, 0, 0, 0, 0, 42, 19, 97
"/home/mueller/codes/moris/projects/FEM/INT/src/IQI/cl_FEM_IQI_Latent_Heat_Absorption.cpp", "C++", 0, 0, 0, 0, 0, 116, 0, 0, 0, 0, 0, 0, 0, 50, 37, 203
"/home/mueller/codes/moris/projects/FEM/INT/src/IQI/cl_FEM_IQI_Latent_Heat_Absorption.hpp", "C++", 0, 0, 0, 0, 0, 34, 0, 0, 0, 0, 0, 0, 0, 41, 19, 94
"/home/mueller/codes/moris/projects/FEM/INT/src/IQI/cl_FEM_IQI_Linear_Elasticity_Damage.cpp", "C++", 0, 0, 0, 0, 0, 59, 0, 0, 0, 0, 0, 0, 0, 30, 18, 107
"/home/mueller/codes/moris/projects/FEM/INT/src/IQI/cl_FEM_IQI_Linear_Elasticity_Damage.hpp", "C++", 0, 0, 0, 0, 0, 37, 0, 0, 0, 0, 0, 0, 0, 45, 15, 97
"/home/mueller/codes/moris/projects/FEM/INT/src/IQI/cl_FEM_IQI_Mass_Flow.cpp", "C++", 0, 0, 0, 0, 0, 82, 0, 0, 0, 0, 0, 0, 0, 50, 34, 166
"/home/mueller/codes/moris/projects/FEM/INT/src/IQI/cl_FEM_IQI_Mass_Flow.hpp", "C++", 0, 0, 0, 0, 0, 30, 0, 0, 0, 0, 0, 0, 0, 42, 19, 91
"/home/mueller/codes/moris/projects/FEM/INT/src/IQI/cl_FEM_IQI_Max_Damage.cpp", "C++", 0, 0, 0, 0, 0, 122, 0, 0, 0, 0, 0, 0, 0, 43, 48, 213
"/home/mueller/codes/moris/projects/FEM/INT/src/IQI/cl_FEM_IQI_Max_Damage.hpp", "C++", 0, 0, 0, 0, 0, 41, 0, 0, 0, 0, 0, 0, 0, 40, 19, 100
"/home/mueller/codes/moris/projects/FEM/INT/src/IQI/cl_FEM_IQI_Max_Dof.cpp", "C++", 0, 0, 0, 0, 0, 189, 0, 0, 0, 0, 0, 0, 0, 48, 57, 294
"/home/mueller/codes/moris/projects/FEM/INT/src/IQI/cl_FEM_IQI_Max_Dof.hpp", "C++", 0, 0, 0, 0, 0, 41, 0, 0, 0, 0, 0, 0, 0, 61, 26, 128
"/home/mueller/codes/moris/projects/FEM/INT/src/IQI/cl_FEM_IQI_Max_Stress.cpp", "C++", 0, 0, 0, 0, 0, 213, 0, 0, 0, 0, 0, 0, 0, 63, 74, 350
"/home/mueller/codes/moris/projects/FEM/INT/src/IQI/cl_FEM_IQI_Max_Stress.hpp", "C++", 0, 0, 0, 0, 0, 54, 0, 0, 0, 0, 0, 0, 0, 82, 30, 166
"/home/mueller/codes/moris/projects/FEM/INT/src/IQI/cl_FEM_IQI_Normal_Vector.cpp", "C++", 0, 0, 0, 0, 0, 40, 0, 0, 0, 0, 0, 0, 0, 16, 18, 74
"/home/mueller/codes/moris/projects/FEM/INT/src/IQI/cl_FEM_IQI_Normal_Vector.hpp", "C++", 0, 0, 0, 0, 0, 24, 0, 0, 0, 0, 0, 0, 0, 32, 15, 71
"/home/mueller/codes/moris/projects/FEM/INT/src/IQI/cl_FEM_IQI_Power_Dissipation.cpp", "C++", 0, 0, 0, 0, 0, 88, 0, 0, 0, 0, 0, 0, 0, 50, 35, 173
"/home/mueller/codes/moris/projects/FEM/INT/src/IQI/cl_FEM_IQI_Power_Dissipation.hpp", "C++", 0, 0, 0, 0, 0, 30, 0, 0, 0, 0, 0, 0, 0, 42, 19, 91
"/home/mueller/codes/moris/projects/FEM/INT/src/IQI/cl_FEM_IQI_Power_Dissipation_Bulk.cpp", "C++", 0, 0, 0, 0, 0, 121, 0, 0, 0, 0, 0, 0, 0, 62, 45, 228
"/home/mueller/codes/moris/projects/FEM/INT/src/IQI/cl_FEM_IQI_Power_Dissipation_Bulk.hpp", "C++", 0, 0, 0, 0, 0, 35, 0, 0, 0, 0, 0, 0, 0, 46, 19, 100
"/home/mueller/codes/moris/projects/FEM/INT/src/IQI/cl_FEM_IQI_Property.cpp", "C++", 0, 0, 0, 0, 0, 74, 0, 0, 0, 0, 0, 0, 0, 39, 30, 143
"/home/mueller/codes/moris/projects/FEM/INT/src/IQI/cl_FEM_IQI_Property.hpp", "C++", 0, 0, 0, 0, 0, 30, 0, 0, 0, 0, 0, 0, 0, 42, 19, 91
"/home/mueller/codes/moris/projects/FEM/INT/src/IQI/cl_FEM_IQI_Res_Crosswind_Incompressible_NS.cpp", "C++", 0, 0, 0, 0, 0, 133, 0, 0, 0, 0, 0, 0, 0, 63, 54, 250
"/home/mueller/codes/moris/projects/FEM/INT/src/IQI/cl_FEM_IQI_Res_Crosswind_Incompressible_NS.hpp", "C++", 0, 0, 0, 0, 0, 48, 0, 0, 0, 0, 0, 0, 0, 50, 22, 120
"/home/mueller/codes/moris/projects/FEM/INT/src/IQI/cl_FEM_IQI_Res_SUPG_Incompressible_NS.cpp", "C++", 0, 0, 0, 0, 0, 116, 0, 0, 0, 0, 0, 0, 0, 55, 49, 220
"/home/mueller/codes/moris/projects/FEM/INT/src/IQI/cl_FEM_IQI_Res_SUPG_Incompressible_NS.hpp", "C++", 0, 0, 0, 0, 0, 49, 0, 0, 0, 0, 0, 0, 0, 51, 24, 124
"/home/mueller/codes/moris/projects/FEM/INT/src/IQI/cl_FEM_IQI_SP_Crosswind_Incompressible_NS.cpp", "C++", 0, 0, 0, 0, 0, 122, 0, 0, 0, 0, 0, 0, 0, 57, 51, 230
"/home/mueller/codes/moris/projects/FEM/INT/src/IQI/cl_FEM_IQI_SP_Crosswind_Incompressible_NS.hpp", "C++", 0, 0, 0, 0, 0, 47, 0, 0, 0, 0, 0, 0, 0, 50, 22, 119
"/home/mueller/codes/moris/projects/FEM/INT/src/IQI/cl_FEM_IQI_SP_Crosswind_SA.cpp", "C++", 0, 0, 0, 0, 0, 71, 0, 0, 0, 0, 0, 0, 0, 37, 34, 142
"/home/mueller/codes/moris/projects/FEM/INT/src/IQI/cl_FEM_IQI_SP_Crosswind_SA.hpp", "C++", 0, 0, 0, 0, 0, 36, 0, 0, 0, 0, 0, 0, 0, 49, 21, 106
"/home/mueller/codes/moris/projects/FEM/INT/src/IQI/cl_FEM_IQI_Spalart_Allmaras_Coefficient.cpp", "C++", 0, 0, 0, 0, 0, 112, 0, 0, 0, 0, 0, 0, 0, 39, 16, 167
"/home/mueller/codes/moris/projects/FEM/INT/src/IQI/cl_FEM_IQI_Spalart_Allmaras_Coefficient.hpp", "C++", 0, 0, 0, 0, 0, 37, 0, 0, 0, 0, 0, 0, 0, 48, 16, 101
"/home/mueller/codes/moris/projects/FEM/INT/src/IQI/cl_FEM_IQI_Stabilization.cpp", "C++", 0, 0, 0, 0, 0, 71, 0, 0, 0, 0, 0, 0, 0, 35, 25, 131
"/home/mueller/codes/moris/projects/FEM/INT/src/IQI/cl_FEM_IQI_Stabilization.hpp", "C++", 0, 0, 0, 0, 0, 30, 0, 0, 0, 0, 0, 0, 0, 42, 19, 91
"/home/mueller/codes/moris/projects/FEM/INT/src/IQI/cl_FEM_IQI_Strain_Energy.cpp", "C++", 0, 0, 0, 0, 0, 147, 0, 0, 0, 0, 0, 0, 0, 70, 57, 274
"/home/mueller/codes/moris/projects/FEM/INT/src/IQI/cl_FEM_IQI_Strain_Energy.hpp", "C++", 0, 0, 0, 0, 0, 37, 0, 0, 0, 0, 0, 0, 0, 46, 21, 104
"/home/mueller/codes/moris/projects/FEM/INT/src/IQI/cl_FEM_IQI_Stress.cpp", "C++", 0, 0, 0, 0, 0, 233, 0, 0, 0, 0, 0, 0, 0, 66, 70, 369
"/home/mueller/codes/moris/projects/FEM/INT/src/IQI/cl_FEM_IQI_Stress.hpp", "C++", 0, 0, 0, 0, 0, 52, 0, 0, 0, 0, 0, 0, 0, 90, 31, 173
"/home/mueller/codes/moris/projects/FEM/INT/src/IQI/cl_FEM_IQI_Strong_Residual_Incompressible_NS.cpp", "C++", 0, 0, 0, 0, 0, 116, 0, 0, 0, 0, 0, 0, 0, 46, 41, 203
"/home/mueller/codes/moris/projects/FEM/INT/src/IQI/cl_FEM_IQI_Strong_Residual_Incompressible_NS.hpp", "C++", 0, 0, 0, 0, 0, 40, 0, 0, 0, 0, 0, 0, 0, 44, 20, 104
"/home/mueller/codes/moris/projects/FEM/INT/src/IQI/cl_FEM_IQI_Strong_Residual_SA.cpp", "C++", 0, 0, 0, 0, 0, 46, 0, 0, 0, 0, 0, 0, 0, 29, 23, 98
"/home/mueller/codes/moris/projects/FEM/INT/src/IQI/cl_FEM_IQI_Strong_Residual_SA.hpp", "C++", 0, 0, 0, 0, 0, 32, 0, 0, 0, 0, 0, 0, 0, 43, 20, 95
"/home/mueller/codes/moris/projects/FEM/INT/src/IQI/cl_FEM_IQI_Thermal_Energy.cpp", "C++", 0, 0, 0, 0, 0, 108, 0, 0, 0, 0, 0, 0, 0, 62, 38, 208
"/home/mueller/codes/moris/projects/FEM/INT/src/IQI/cl_FEM_IQI_Thermal_Energy.hpp", "C++", 0, 0, 0, 0, 0, 33, 0, 0, 0, 0, 0, 0, 0, 42, 20, 95
"/home/mueller/codes/moris/projects/FEM/INT/src/IQI/cl_FEM_IQI_Thermal_Energy_Convective_Flux.cpp", "C++", 0, 0, 0, 0, 0, 73, 0, 0, 0, 0, 0, 0, 0, 46, 31, 150
"/home/mueller/codes/moris/projects/FEM/INT/src/IQI/cl_FEM_IQI_Thermal_Energy_Convective_Flux.hpp", "C++", 0, 0, 0, 0, 0, 30, 0, 0, 0, 0, 0, 0, 0, 42, 19, 91
"/home/mueller/codes/moris/projects/FEM/INT/src/IQI/cl_FEM_IQI_Thermal_Energy_Diffusive_Flux.cpp", "C++", 0, 0, 0, 0, 0, 56, 0, 0, 0, 0, 0, 0, 0, 40, 25, 121
"/home/mueller/codes/moris/projects/FEM/INT/src/IQI/cl_FEM_IQI_Thermal_Energy_Diffusive_Flux.hpp", "C++", 0, 0, 0, 0, 0, 30, 0, 0, 0, 0, 0, 0, 0, 42, 19, 91
"/home/mueller/codes/moris/projects/FEM/INT/src/IQI/cl_FEM_IQI_Total_Pressure.cpp", "C++", 0, 0, 0, 0, 0, 100, 0, 0, 0, 0, 0, 0, 0, 62, 38, 200
"/home/mueller/codes/moris/projects/FEM/INT/src/IQI/cl_FEM_IQI_Total_Pressure.hpp", "C++", 0, 0, 0, 0, 0, 30, 0, 0, 0, 0, 0, 0, 0, 42, 19, 91
"/home/mueller/codes/moris/projects/FEM/INT/src/IQI/cl_FEM_IQI_Traction.cpp", "C++", 0, 0, 0, 0, 0, 70, 0, 0, 0, 0, 0, 0, 0, 30, 25, 125
"/home/mueller/codes/moris/projects/FEM/INT/src/IQI/cl_FEM_IQI_Traction.hpp", "C++", 0, 0, 0, 0, 0, 29, 0, 0, 0, 0, 0, 0, 0, 43, 20, 92
"/home/mueller/codes/moris/projects/FEM/INT/src/IQI/cl_FEM_IQI_Turbulent_Dynamic_Viscosity.cpp", "C++", 0, 0, 0, 0, 0, 27, 0, 0, 0, 0, 0, 0, 0, 21, 13, 61
"/home/mueller/codes/moris/projects/FEM/INT/src/IQI/cl_FEM_IQI_Turbulent_Dynamic_Viscosity.hpp", "C++", 0, 0, 0, 0, 0, 37, 0, 0, 0, 0, 0, 0, 0, 40, 17, 94
"/home/mueller/codes/moris/projects/FEM/INT/src/IQI/cl_FEM_IQI_Turbulent_Kinematic_Viscosity.cpp", "C++", 0, 0, 0, 0, 0, 86, 0, 0, 0, 0, 0, 0, 0, 36, 26, 148
"/home/mueller/codes/moris/projects/FEM/INT/src/IQI/cl_FEM_IQI_Turbulent_Kinematic_Viscosity.hpp", "C++", 0, 0, 0, 0, 0, 48, 0, 0, 0, 0, 0, 0, 0, 49, 22, 119
"/home/mueller/codes/moris/projects/FEM/INT/src/IQI/cl_FEM_IQI_Volume.cpp", "C++", 0, 0, 0, 0, 0, 99, 0, 0, 0, 0, 0, 0, 0, 47, 33, 179
"/home/mueller/codes/moris/projects/FEM/INT/src/IQI/cl_FEM_IQI_Volume.hpp", "C++", 0, 0, 0, 0, 0, 30, 0, 0, 0, 0, 0, 0, 0, 45, 17, 92
"/home/mueller/codes/moris/projects/FEM/INT/src/IQI/cl_FEM_IQI_Volume_Fraction.cpp", "C++", 0, 0, 0, 0, 0, 23, 0, 0, 0, 0, 0, 0, 0, 21, 15, 59
"/home/mueller/codes/moris/projects/FEM/INT/src/IQI/cl_FEM_IQI_Volume_Fraction.hpp", "C++", 0, 0, 0, 0, 0, 35, 0, 0, 0, 0, 0, 0, 0, 41, 18, 94
"/home/mueller/codes/moris/projects/FEM/INT/src/IQI/cl_FEM_IQI_Zienkiewicz_Zhu.cpp", "C++", 0, 0, 0, 0, 0, 207, 0, 0, 0, 0, 0, 0, 0, 58, 64, 329
"/home/mueller/codes/moris/projects/FEM/INT/src/IQI/cl_FEM_IQI_Zienkiewicz_Zhu.hpp", "C++", 0, 0, 0, 0, 0, 48, 0, 0, 0, 0, 0, 0, 0, 83, 30, 161
"/home/mueller/codes/moris/projects/FEM/INT/src/IWG/cl_FEM_IWG.cpp", "C++", 0, 0, 0, 0, 0, 2874, 0, 0, 0, 0, 0, 0, 0, 905, 737, 4516
"/home/mueller/codes/moris/projects/FEM/INT/src/IWG/cl_FEM_IWG.hpp", "C++", 0, 0, 0, 0, 0, 431, 0, 0, 0, 0, 0, 0, 0, 481, 132, 1044
"/home/mueller/codes/moris/projects/FEM/INT/src/IWG/cl_FEM_IWG_Advection_Bulk.cpp", "C++", 0, 0, 0, 0, 0, 304, 0, 0, 0, 0, 0, 0, 0, 137, 104, 545
"/home/mueller/codes/moris/projects/FEM/INT/src/IWG/cl_FEM_IWG_Advection_Bulk.hpp", "C++", 0, 0, 0, 0, 0, 45, 0, 0, 0, 0, 0, 0, 0, 56, 22, 123
"/home/mueller/codes/moris/projects/FEM/INT/src/IWG/cl_FEM_IWG_Compressible_NS_Advective_Energy_Flux_Boundary.cpp", "C++", 0, 0, 0, 0, 0, 87, 0, 0, 0, 0, 0, 0, 0, 37, 34, 158
"/home/mueller/codes/moris/projects/FEM/INT/src/IWG/cl_FEM_IWG_Compressible_NS_Advective_Energy_Flux_Boundary.hpp", "C++", 0, 0, 0, 0, 0, 35, 0, 0, 0, 0, 0, 0, 0, 55, 17, 107
"/home/mueller/codes/moris/projects/FEM/INT/src/IWG/cl_FEM_IWG_Compressible_NS_Advective_Momentum_Flux_Boundary.cpp", "C++", 0, 0, 0, 0, 0, 168, 0, 0, 0, 0, 0, 0, 0, 66, 58, 292
"/home/mueller/codes/moris/projects/FEM/INT/src/IWG/cl_FEM_IWG_Compressible_NS_Advective_Momentum_Flux_Boundary.hpp", "C++", 0, 0, 0, 0, 0, 41, 0, 0, 0, 0, 0, 0, 0, 71, 22, 134
"/home/mueller/codes/moris/projects/FEM/INT/src/IWG/cl_FEM_IWG_Compressible_NS_Base.cpp", "C++", 0, 0, 0, 0, 0, 568, 0, 0, 0, 0, 0, 0, 0, 228, 196, 992
"/home/mueller/codes/moris/projects/FEM/INT/src/IWG/cl_FEM_IWG_Compressible_NS_Base.hpp", "C++", 0, 0, 0, 0, 0, 155, 0, 0, 0, 0, 0, 0, 0, 198, 58, 411
"/home/mueller/codes/moris/projects/FEM/INT/src/IWG/cl_FEM_IWG_Compressible_NS_Boundary.cpp", "C++", 0, 0, 0, 0, 0, 177, 0, 0, 0, 0, 0, 0, 0, 66, 63, 306
"/home/mueller/codes/moris/projects/FEM/INT/src/IWG/cl_FEM_IWG_Compressible_NS_Boundary.hpp", "C++", 0, 0, 0, 0, 0, 42, 0, 0, 0, 0, 0, 0, 0, 57, 22, 121
"/home/mueller/codes/moris/projects/FEM/INT/src/IWG/cl_FEM_IWG_Compressible_NS_Bulk.cpp", "C++", 0, 0, 0, 0, 0, 163, 0, 0, 0, 0, 0, 0, 0, 139, 74, 376
"/home/mueller/codes/moris/projects/FEM/INT/src/IWG/cl_FEM_IWG_Compressible_NS_Bulk.hpp", "C++", 0, 0, 0, 0, 0, 73, 0, 0, 0, 0, 0, 0, 0, 148, 45, 266
"/home/mueller/codes/moris/projects/FEM/INT/src/IWG/cl_FEM_IWG_Compressible_NS_Bulk_Stabilization.cpp", "C++", 0, 0, 0, 0, 0, 387, 0, 0, 0, 0, 0, 0, 0, 198, 168, 753
"/home/mueller/codes/moris/projects/FEM/INT/src/IWG/cl_FEM_IWG_Compressible_NS_Density_Bulk.cpp", "C++", 0, 0, 0, 0, 0, 95, 0, 0, 0, 0, 0, 0, 0, 39, 35, 169
"/home/mueller/codes/moris/projects/FEM/INT/src/IWG/cl_FEM_IWG_Compressible_NS_Density_Bulk.hpp", "C++", 0, 0, 0, 0, 0, 37, 0, 0, 0, 0, 0, 0, 0, 56, 19, 112
"/home/mueller/codes/moris/projects/FEM/INT/src/IWG/cl_FEM_IWG_Compressible_NS_Dirichlet_Nitsche.cpp", "C++", 0, 0, 0, 0, 0, 127, 0, 0, 0, 0, 0, 0, 0, 68, 57, 252
"/home/mueller/codes/moris/projects/FEM/INT/src/IWG/cl_FEM_IWG_Compressible_NS_Dirichlet_Nitsche.hpp", "C++", 0, 0, 0, 0, 0, 69, 0, 0, 0, 0, 0, 0, 0, 98, 37, 204
"/home/mueller/codes/moris/projects/FEM/INT/src/IWG/cl_FEM_IWG_Compressible_NS_Dirichlet_Nitsche_Flux_Matrices.cpp", "C++", 0, 0, 0, 0, 0, 267, 0, 0, 0, 0, 0, 0, 0, 125, 100, 492
"/home/mueller/codes/moris/projects/FEM/INT/src/IWG/cl_FEM_IWG_Compressible_NS_Heat_Flux_Neumann.cpp", "C++", 0, 0, 0, 0, 0, 67, 0, 0, 0, 0, 0, 0, 0, 33, 28, 128
"/home/mueller/codes/moris/projects/FEM/INT/src/IWG/cl_FEM_IWG_Compressible_NS_Heat_Flux_Neumann.hpp", "C++", 0, 0, 0, 0, 0, 28, 0, 0, 0, 0, 0, 0, 0, 41, 18, 87
"/home/mueller/codes/moris/projects/FEM/INT/src/IWG/cl_FEM_IWG_Compressible_NS_Mass_Flux_Neumann.cpp", "C++", 0, 0, 0, 0, 0, 67, 0, 0, 0, 0, 0, 0, 0, 33, 28, 128
"/home/mueller/codes/moris/projects/FEM/INT/src/IWG/cl_FEM_IWG_Compressible_NS_Mass_Flux_Neumann.hpp", "C++", 0, 0, 0, 0, 0, 28, 0, 0, 0, 0, 0, 0, 0, 41, 18, 87
"/home/mueller/codes/moris/projects/FEM/INT/src/IWG/cl_FEM_IWG_Compressible_NS_Temperature_Bulk.cpp", "C++", 0, 0, 0, 0, 0, 155, 0, 0, 0, 0, 0, 0, 0, 57, 45, 257
"/home/mueller/codes/moris/projects/FEM/INT/src/IWG/cl_FEM_IWG_Compressible_NS_Temperature_Bulk.hpp", "C++", 0, 0, 0, 0, 0, 44, 0, 0, 0, 0, 0, 0, 0, 59, 22, 125
"/home/mueller/codes/moris/projects/FEM/INT/src/IWG/cl_FEM_IWG_Compressible_NS_Temperature_Dirichlet_Nitsche.cpp", "C++", 0, 0, 0, 0, 0, 146, 0, 0, 0, 0, 0, 0, 0, 62, 47, 255
"/home/mueller/codes/moris/projects/FEM/INT/src/IWG/cl_FEM_IWG_Compressible_NS_Temperature_Dirichlet_Nitsche.hpp", "C++", 0, 0, 0, 0, 0, 41, 0, 0, 0, 0, 0, 0, 0, 48, 20, 109
"/home/mueller/codes/moris/projects/FEM/INT/src/IWG/cl_FEM_IWG_Compressible_NS_Traction_Neumann.cpp", "C++", 0, 0, 0, 0, 0, 67, 0, 0, 0, 0, 0, 0, 0, 33, 28, 128
"/home/mueller/codes/moris/projects/FEM/INT/src/IWG/cl_FEM_IWG_Compressible_NS_Traction_Neumann.hpp", "C++", 0, 0, 0, 0, 0, 28, 0, 0, 0, 0, 0, 0, 0, 41, 18, 87
"/home/mueller/codes/moris/projects/FEM/INT/src/IWG/cl_FEM_IWG_Compressible_NS_Velocity_Bulk.cpp", "C++", 0, 0, 0, 0, 0, 234, 0, 0, 0, 0, 0, 0, 0, 90, 74, 398
"/home/mueller/codes/moris/projects/FEM/INT/src/IWG/cl_FEM_IWG_Compressible_NS_Velocity_Bulk.hpp", "C++", 0, 0, 0, 0, 0, 49, 0, 0, 0, 0, 0, 0, 0, 80, 26, 155
"/home/mueller/codes/moris/projects/FEM/INT/src/IWG/cl_FEM_IWG_Compressible_NS_Velocity_Dirichlet_Nitsche.cpp", "C++", 0, 0, 0, 0, 0, 171, 0, 0, 0, 0, 0, 0, 0, 70, 53, 294
"/home/mueller/codes/moris/projects/FEM/INT/src/IWG/cl_FEM_IWG_Compressible_NS_Velocity_Dirichlet_Nitsche.hpp", "C++", 0, 0, 0, 0, 0, 42, 0, 0, 0, 0, 0, 0, 0, 48, 20, 110
"/home/mueller/codes/moris/projects/FEM/INT/src/IWG/cl_FEM_IWG_Diffusion_Bulk.cpp", "C++", 0, 0, 0, 0, 0, 190, 0, 0, 0, 0, 0, 0, 0, 156, 66, 412
"/home/mueller/codes/moris/projects/FEM/INT/src/IWG/cl_FEM_IWG_Diffusion_Bulk.hpp", "C++", 0, 0, 0, 0, 0, 42, 0, 0, 0, 0, 0, 0, 0, 41, 19, 102
"/home/mueller/codes/moris/projects/FEM/INT/src/IWG/cl_FEM_IWG_Diffusion_Convection.cpp", "C++", 0, 0, 0, 0, 0, 88, 0, 0, 0, 0, 0, 0, 0, 42, 34, 164
"/home/mueller/codes/moris/projects/FEM/INT/src/IWG/cl_FEM_IWG_Diffusion_Convection.hpp", "C++", 0, 0, 0, 0, 0, 30, 0, 0, 0, 0, 0, 0, 0, 41, 17, 88
"/home/mueller/codes/moris/projects/FEM/INT/src/IWG/cl_FEM_IWG_Diffusion_Dirichlet_Nitsche.cpp", "C++", 0, 0, 0, 0, 0, 135, 0, 0, 0, 0, 0, 0, 0, 60, 57, 252
"/home/mueller/codes/moris/projects/FEM/INT/src/IWG/cl_FEM_IWG_Diffusion_Dirichlet_Nitsche.hpp", "C++", 0, 0, 0, 0, 0, 40, 0, 0, 0, 0, 0, 0, 0, 43, 21, 104
"/home/mueller/codes/moris/projects/FEM/INT/src/IWG/cl_FEM_IWG_Diffusion_Interface.cpp", "C++", 0, 0, 0, 0, 0, 246, 0, 0, 0, 0, 0, 0, 0, 78, 82, 406
"/home/mueller/codes/moris/projects/FEM/INT/src/IWG/cl_FEM_IWG_Diffusion_Interface.hpp", "C++", 0, 0, 0, 0, 0, 40, 0, 0, 0, 0, 0, 0, 0, 41, 20, 101
"/home/mueller/codes/moris/projects/FEM/INT/src/IWG/cl_FEM_IWG_Diffusion_Neumann.cpp", "C++", 0, 0, 0, 0, 0, 84, 0, 0, 0, 0, 0, 0, 0, 37, 32, 153
"/home/mueller/codes/moris/projects/FEM/INT/src/IWG/cl_FEM_IWG_Diffusion_Neumann.hpp", "C++", 0, 0, 0, 0, 0, 29, 0, 0, 0, 0, 0, 0, 0, 41, 17, 87
"/home/mueller/codes/moris/projects/FEM/INT/src/IWG/cl_FEM_IWG_Diffusion_Radiation.cpp", "C++", 0, 0, 0, 0, 0, 108, 0, 0, 0, 0, 0, 0, 0, 48, 40, 196
"/home/mueller/codes/moris/projects/FEM/INT/src/IWG/cl_FEM_IWG_Diffusion_Radiation.hpp", "C++", 0, 0, 0, 0, 0, 33, 0, 0, 0, 0, 0, 0, 0, 42, 18, 93
"/home/mueller/codes/moris/projects/FEM/INT/src/IWG/cl_FEM_IWG_Diffusion_Robin_Nitsche.cpp", "C++", 0, 0, 0, 0, 0, 180, 0, 0, 0, 0, 0, 0, 0, 75, 62, 317
"/home/mueller/codes/moris/projects/FEM/INT/src/IWG/cl_FEM_IWG_Diffusion_Robin_Nitsche.hpp", "C++", 0, 0, 0, 0, 0, 41, 0, 0, 0, 0, 0, 0, 0, 47, 18, 106
"/home/mueller/codes/moris/projects/FEM/INT/src/IWG/cl_FEM_IWG_Diffusion_Virtual_Work_Ghost.cpp", "C++", 0, 0, 0, 0, 0, 292, 0, 0, 0, 0, 0, 0, 0, 75, 85, 452
"/home/mueller/codes/moris/projects/FEM/INT/src/IWG/cl_FEM_IWG_Diffusion_Virtual_Work_Ghost.hpp", "C++", 0, 0, 0, 0, 0, 37, 0, 0, 0, 0, 0, 0, 0, 48, 20, 105
"/home/mueller/codes/moris/projects/FEM/INT/src/IWG/cl_FEM_IWG_FS_Struc_Interface.cpp", "C++", 0, 0, 0, 0, 0, 70, 0, 0, 0, 0, 0, 0, 0, 34, 28, 132
"/home/mueller/codes/moris/projects/FEM/INT/src/IWG/cl_FEM_IWG_FS_Struc_Interface.hpp", "C++", 0, 0, 0, 0, 0, 23, 0, 0, 0, 0, 0, 0, 0, 40, 17, 80
"/home/mueller/codes/moris/projects/FEM/INT/src/IWG/cl_FEM_IWG_Factory.cpp", "C++", 0, 0, 0, 0, 0, 299, 0, 0, 0, 0, 0, 0, 0, 53, 124, 476
"/home/mueller/codes/moris/projects/FEM/INT/src/IWG/cl_FEM_IWG_Factory.hpp", "C++", 0, 0, 0, 0, 0, 15, 0, 0, 0, 0, 0, 0, 0, 24, 11, 50
"/home/mueller/codes/moris/projects/FEM/INT/src/IWG/cl_FEM_IWG_Ghost_Normal_Field.cpp", "C++", 0, 0, 0, 0, 0, 268, 0, 0, 0, 0, 0, 0, 0, 81, 88, 437
"/home/mueller/codes/moris/projects/FEM/INT/src/IWG/cl_FEM_IWG_Ghost_Normal_Field.hpp", "C++", 0, 0, 0, 0, 0, 37, 0, 0, 0, 0, 0, 0, 0, 59, 18, 114
"/home/mueller/codes/moris/projects/FEM/INT/src/IWG/cl_FEM_IWG_Hamilton_Jacobi_Bulk.cpp", "C++", 0, 0, 0, 0, 0, 40, 0, 0, 0, 0, 0, 0, 0, 23, 20, 83
"/home/mueller/codes/moris/projects/FEM/INT/src/IWG/cl_FEM_IWG_Hamilton_Jacobi_Bulk.hpp", "C++", 0, 0, 0, 0, 0, 26, 0, 0, 0, 0, 0, 0, 0, 37, 15, 78
"/home/mueller/codes/moris/projects/FEM/INT/src/IWG/cl_FEM_IWG_Hamilton_Jacobi_Bulk2.cpp", "C++", 0, 0, 0, 0, 0, 56, 0, 0, 0, 0, 0, 0, 0, 28, 23, 107
"/home/mueller/codes/moris/projects/FEM/INT/src/IWG/cl_FEM_IWG_Hamilton_Jacobi_Bulk2.hpp", "C++", 0, 0, 0, 0, 0, 24, 0, 0, 0, 0, 0, 0, 0, 37, 15, 76
"/home/mueller/codes/moris/projects/FEM/INT/src/IWG/cl_FEM_IWG_Hamilton_Jacobi_Bulk_Test.cpp", "C++", 0, 0, 0, 0, 0, 44, 0, 0, 0, 0, 0, 0, 0, 26, 22, 92
"/home/mueller/codes/moris/projects/FEM/INT/src/IWG/cl_FEM_IWG_Hamilton_Jacobi_Bulk_Test.hpp", "C++", 0, 0, 0, 0, 0, 23, 0, 0, 0, 0, 0, 0, 0, 41, 17, 81
"/home/mueller/codes/moris/projects/FEM/INT/src/IWG/cl_FEM_IWG_Helmholtz_Bulk.cpp", "C++", 0, 0, 0, 0, 0, 38, 0, 0, 0, 0, 0, 0, 0, 25, 14, 77
"/home/mueller/codes/moris/projects/FEM/INT/src/IWG/cl_FEM_IWG_Helmholtz_Bulk.hpp", "C++", 0, 0, 0, 0, 0, 27, 0, 0, 0, 0, 0, 0, 0, 38, 16, 81
"/home/mueller/codes/moris/projects/FEM/INT/src/IWG/cl_FEM_IWG_Helmholtz_Bulk2.cpp", "C++", 0, 0, 0, 0, 0, 74, 0, 0, 0, 0, 0, 0, 0, 36, 27, 137
"/home/mueller/codes/moris/projects/FEM/INT/src/IWG/cl_FEM_IWG_Helmholtz_Bulk2.hpp", "C++", 0, 0, 0, 0, 0, 28, 0, 0, 0, 0, 0, 0, 0, 41, 18, 87
"/home/mueller/codes/moris/projects/FEM/INT/src/IWG/cl_FEM_IWG_Helmholtz_Interface.cpp", "C++", 0, 0, 0, 0, 0, 38, 0, 0, 0, 0, 0, 0, 0, 23, 21, 82
"/home/mueller/codes/moris/projects/FEM/INT/src/IWG/cl_FEM_IWG_Helmholtz_Interface.hpp", "C++", 0, 0, 0, 0, 0, 27, 0, 0, 0, 0, 0, 0, 0, 39, 15, 81
"/home/mueller/codes/moris/projects/FEM/INT/src/IWG/cl_FEM_IWG_Incompressible_NS_Convective_Velocity_Ghost.cpp", "C++", 0, 0, 0, 0, 0, 153, 0, 0, 0, 0, 0, 0, 0, 61, 52, 266
"/home/mueller/codes/moris/projects/FEM/INT/src/IWG/cl_FEM_IWG_Incompressible_NS_Convective_Velocity_Ghost.hpp", "C++", 0, 0, 0, 0, 0, 31, 0, 0, 0, 0, 0, 0, 0, 52, 18, 101
"/home/mueller/codes/moris/projects/FEM/INT/src/IWG/cl_FEM_IWG_Incompressible_NS_Pressure_Bulk.cpp", "C++", 0, 0, 0, 0, 0, 352, 0, 0, 0, 0, 0, 0, 0, 157, 113, 622
"/home/mueller/codes/moris/projects/FEM/INT/src/IWG/cl_FEM_IWG_Incompressible_NS_Pressure_Bulk.hpp", "C++", 0, 0, 0, 0, 0, 53, 0, 0, 0, 0, 0, 0, 0, 73, 25, 151
"/home/mueller/codes/moris/projects/FEM/INT/src/IWG/cl_FEM_IWG_Incompressible_NS_Pressure_Dirichlet_Nitsche.cpp", "C++", 0, 0, 0, 0, 0, 130, 0, 0, 0, 0, 0, 0, 0, 61, 47, 238
"/home/mueller/codes/moris/projects/FEM/INT/src/IWG/cl_FEM_IWG_Incompressible_NS_Pressure_Dirichlet_Nitsche.hpp", "C++", 0, 0, 0, 0, 0, 34, 0, 0, 0, 0, 0, 0, 0, 46, 18, 98
"/home/mueller/codes/moris/projects/FEM/INT/src/IWG/cl_FEM_IWG_Incompressible_NS_Pressure_Interface.cpp", "C++", 0, 0, 0, 0, 0, 166, 0, 0, 0, 0, 0, 0, 0, 69, 52, 287
"/home/mueller/codes/moris/projects/FEM/INT/src/IWG/cl_FEM_IWG_Incompressible_NS_Pressure_Interface.hpp", "C++", 0, 0, 0, 0, 0, 33, 0, 0, 0, 0, 0, 0, 0, 47, 18, 98
"/home/mueller/codes/moris/projects/FEM/INT/src/IWG/cl_FEM_IWG_Incompressible_NS_Pressure_Neumann.cpp", "C++", 0, 0, 0, 0, 0, 194, 0, 0, 0, 0, 0, 0, 0, 77, 63, 334
"/home/mueller/codes/moris/projects/FEM/INT/src/IWG/cl_FEM_IWG_Incompressible_NS_Pressure_Neumann.hpp", "C++", 0, 0, 0, 0, 0, 31, 0, 0, 0, 0, 0, 0, 0, 42, 17, 90
"/home/mueller/codes/moris/projects/FEM/INT/src/IWG/cl_FEM_IWG_Incompressible_NS_Pressure_SlipBoundary_Nitsche.cpp", "C++", 0, 0, 0, 0, 0, 101, 0, 0, 0, 0, 0, 0, 0, 53, 41, 195
"/home/mueller/codes/moris/projects/FEM/INT/src/IWG/cl_FEM_IWG_Incompressible_NS_Pressure_SlipBoundary_Nitsche.hpp", "C++", 0, 0, 0, 0, 0, 35, 0, 0, 0, 0, 0, 0, 0, 46, 18, 99
"/home/mueller/codes/moris/projects/FEM/INT/src/IWG/cl_FEM_IWG_Incompressible_NS_Velocity_Bulk.cpp", "C++", 0, 0, 0, 0, 0, 697, 0, 0, 0, 0, 0, 0, 0, 265, 208, 1170
"/home/mueller/codes/moris/projects/FEM/INT/src/IWG/cl_FEM_IWG_Incompressible_NS_Velocity_Bulk.hpp", "C++", 0, 0, 0, 0, 0, 60, 0, 0, 0, 0, 0, 0, 0, 83, 27, 170
"/home/mueller/codes/moris/projects/FEM/INT/src/IWG/cl_FEM_IWG_Incompressible_NS_Velocity_Dirichlet_Nitsche.cpp", "C++", 0, 0, 0, 0, 0, 212, 0, 0, 0, 0, 0, 0, 0, 78, 64, 354
"/home/mueller/codes/moris/projects/FEM/INT/src/IWG/cl_FEM_IWG_Incompressible_NS_Velocity_Dirichlet_Nitsche.hpp", "C++", 0, 0, 0, 0, 0, 40, 0, 0, 0, 0, 0, 0, 0, 47, 19, 106
"/home/mueller/codes/moris/projects/FEM/INT/src/IWG/cl_FEM_IWG_Incompressible_NS_Velocity_Interface.cpp", "C++", 0, 0, 0, 0, 0, 210, 0, 0, 0, 0, 0, 0, 0, 63, 60, 333
"/home/mueller/codes/moris/projects/FEM/INT/src/IWG/cl_FEM_IWG_Incompressible_NS_Velocity_Interface.hpp", "C++", 0, 0, 0, 0, 0, 34, 0, 0, 0, 0, 0, 0, 0, 42, 20, 96
"/home/mueller/codes/moris/projects/FEM/INT/src/IWG/cl_FEM_IWG_Incompressible_NS_Velocity_SlipBoundary_Nitsche.cpp", "C++", 0, 0, 0, 0, 0, 199, 0, 0, 0, 0, 0, 0, 0, 84, 71, 354
"/home/mueller/codes/moris/projects/FEM/INT/src/IWG/cl_FEM_IWG_Incompressible_NS_Velocity_SlipBoundary_Nitsche.hpp", "C++", 0, 0, 0, 0, 0, 40, 0, 0, 0, 0, 0, 0, 0, 47, 19, 106
"/home/mueller/codes/moris/projects/FEM/INT/src/IWG/cl_FEM_IWG_Isotropic_Struc_Linear_Bulk.cpp", "C++", 0, 0, 0, 0, 0, 123, 0, 0, 0, 0, 0, 0, 0, 56, 46, 225
"/home/mueller/codes/moris/projects/FEM/INT/src/IWG/cl_FEM_IWG_Isotropic_Struc_Linear_Bulk.hpp", "C++", 0, 0, 0, 0, 0, 35, 0, 0, 0, 0, 0, 0, 0, 41, 20, 96
"/home/mueller/codes/moris/projects/FEM/INT/src/IWG/cl_FEM_IWG_Isotropic_Struc_Linear_Contact_Gap_Nitsche.cpp", "C++", 0, 0, 0, 0, 0, 357, 0, 0, 0, 0, 0, 0, 0, 82, 91, 530
"/home/mueller/codes/moris/projects/FEM/INT/src/IWG/cl_FEM_IWG_Isotropic_Struc_Linear_Contact_Gap_Nitsche.hpp", "C++", 0, 0, 0, 0, 0, 41, 0, 0, 0, 0, 0, 0, 0, 42, 21, 104
"/home/mueller/codes/moris/projects/FEM/INT/src/IWG/cl_FEM_IWG_Isotropic_Struc_Linear_Contact_Gap_Nitsche_Unbiased.cpp", "C++", 0, 0, 0, 0, 0, 214, 0, 0, 0, 0, 0, 0, 0, 76, 68, 358
"/home/mueller/codes/moris/projects/FEM/INT/src/IWG/cl_FEM_IWG_Isotropic_Struc_Linear_Contact_Gap_Nitsche_Unbiased.hpp", "C++", 0, 0, 0, 0, 0, 41, 0, 0, 0, 0, 0, 0, 0, 42, 20, 103
"/home/mueller/codes/moris/projects/FEM/INT/src/IWG/cl_FEM_IWG_Isotropic_Struc_Linear_Contact_Nitsche.cpp", "C++", 0, 0, 0, 0, 0, 263, 0, 0, 0, 0, 0, 0, 0, 80, 82, 425
"/home/mueller/codes/moris/projects/FEM/INT/src/IWG/cl_FEM_IWG_Isotropic_Struc_Linear_Contact_Nitsche.hpp", "C++", 0, 0, 0, 0, 0, 40, 0, 0, 0, 0, 0, 0, 0, 42, 21, 103
"/home/mueller/codes/moris/projects/FEM/INT/src/IWG/cl_FEM_IWG_Isotropic_Struc_Linear_Contact_Normal_Nitsche_Unbiased.cpp", "C++", 0, 0, 0, 0, 0, 243, 0, 0, 0, 0, 0, 0, 0, 89, 73, 405
"/home/mueller/codes/moris/projects/FEM/INT/src/IWG/cl_FEM_IWG_Isotropic_Struc_Linear_Contact_Normal_Nitsche_Unbiased.hpp", "C++", 0, 0, 0, 0, 0, 39, 0, 0, 0, 0, 0, 0, 0, 42, 19, 100
"/home/mueller/codes/moris/projects/FEM/INT/src/IWG/cl_FEM_IWG_Isotropic_Struc_Linear_Contact_Penalty.cpp", "C++", 0, 0, 0, 0, 0, 182, 0, 0, 0, 0, 0, 0, 0, 179, 73, 434
"/home/mueller/codes/moris/projects/FEM/INT/src/IWG/cl_FEM_IWG_Isotropic_Struc_Linear_Contact_Penalty.hpp", "C++", 0, 0, 0, 0, 0, 39, 0, 0, 0, 0, 0, 0, 0, 41, 19, 99
"/home/mueller/codes/moris/projects/FEM/INT/src/IWG/cl_FEM_IWG_Isotropic_Struc_Linear_Dirichlet.cpp", "C++", 0, 0, 0, 0, 0, 141, 0, 0, 0, 0, 0, 0, 0, 64, 55, 260
"/home/mueller/codes/moris/projects/FEM/INT/src/IWG/cl_FEM_IWG_Isotropic_Struc_Linear_Dirichlet.hpp", "C++", 0, 0, 0, 0, 0, 40, 0, 0, 0, 0, 0, 0, 0, 42, 22, 104
"/home/mueller/codes/moris/projects/FEM/INT/src/IWG/cl_FEM_IWG_Isotropic_Struc_Linear_Fluid_Interface.cpp", "C++", 0, 0, 0, 0, 0, 80, 0, 0, 0, 0, 0, 0, 0, 39, 35, 154
"/home/mueller/codes/moris/projects/FEM/INT/src/IWG/cl_FEM_IWG_Isotropic_Struc_Linear_Fluid_Interface.hpp", "C++", 0, 0, 0, 0, 0, 34, 0, 0, 0, 0, 0, 0, 0, 42, 19, 95
"/home/mueller/codes/moris/projects/FEM/INT/src/IWG/cl_FEM_IWG_Isotropic_Struc_Linear_Interface.cpp", "C++", 0, 0, 0, 0, 0, 250, 0, 0, 0, 0, 0, 0, 0, 80, 77, 407
"/home/mueller/codes/moris/projects/FEM/INT/src/IWG/cl_FEM_IWG_Isotropic_Struc_Linear_Interface.hpp", "C++", 0, 0, 0, 0, 0, 40, 0, 0, 0, 0, 0, 0, 0, 42, 21, 103
"/home/mueller/codes/moris/projects/FEM/INT/src/IWG/cl_FEM_IWG_Isotropic_Struc_Linear_Interface_SLM_Constraint.cpp", "C++", 0, 0, 0, 0, 0, 122, 0, 0, 0, 0, 0, 0, 0, 44, 48, 214
"/home/mueller/codes/moris/projects/FEM/INT/src/IWG/cl_FEM_IWG_Isotropic_Struc_Linear_Interface_SLM_Constraint.hpp", "C++", 0, 0, 0, 0, 0, 35, 0, 0, 0, 0, 0, 0, 0, 41, 20, 96
"/home/mueller/codes/moris/projects/FEM/INT/src/IWG/cl_FEM_IWG_Isotropic_Struc_Linear_Interface_SLM_L2.cpp", "C++", 0, 0, 0, 0, 0, 78, 0, 0, 0, 0, 0, 0, 0, 42, 34, 154
"/home/mueller/codes/moris/projects/FEM/INT/src/IWG/cl_FEM_IWG_Isotropic_Struc_Linear_Interface_SLM_L2.hpp", "C++", 0, 0, 0, 0, 0, 32, 0, 0, 0, 0, 0, 0, 0, 43, 21, 96
"/home/mueller/codes/moris/projects/FEM/INT/src/IWG/cl_FEM_IWG_Isotropic_Struc_Linear_Interface_SLM_LMJump.cpp", "C++", 0, 0, 0, 0, 0, 113, 0, 0, 0, 0, 0, 0, 0, 40, 43, 196
"/home/mueller/codes/moris/projects/FEM/INT/src/IWG/cl_FEM_IWG_Isotropic_Struc_Linear_Interface_SLM_LMJump.hpp", "C++", 0, 0, 0, 0, 0, 35, 0, 0, 0, 0, 0, 0, 0, 41, 20, 96
"/home/mueller/codes/moris/projects/FEM/INT/src/IWG/cl_FEM_IWG_Isotropic_Struc_Linear_Interface_SLM_Mixed.cpp", "C++", 0, 0, 0, 0, 0, 129, 0, 0, 0, 0, 0, 0, 0, 50, 51, 230
"/home/mueller/codes/moris/projects/FEM/INT/src/IWG/cl_FEM_IWG_Isotropic_Struc_Linear_Interface_SLM_Mixed.hpp", "C++", 0, 0, 0, 0, 0, 37, 0, 0, 0, 0, 0, 0, 0, 41, 20, 98
"/home/mueller/codes/moris/projects/FEM/INT/src/IWG/cl_FEM_IWG_Isotropic_Struc_Linear_Neumann.cpp", "C++", 0, 0, 0, 0, 0, 102, 0, 0, 0, 0, 0, 0, 0, 42, 37, 181
"/home/mueller/codes/moris/projects/FEM/INT/src/IWG/cl_FEM_IWG_Isotropic_Struc_Linear_Neumann.hpp", "C++", 0, 0, 0, 0, 0, 30, 0, 0, 0, 0, 0, 0, 0, 41, 18, 89
"/home/mueller/codes/moris/projects/FEM/INT/src/IWG/cl_FEM_IWG_Isotropic_Struc_Linear_Pressure_Bulk.cpp", "C++", 0, 0, 0, 0, 0, 96, 0, 0, 0, 0, 0, 0, 0, 41, 36, 173
"/home/mueller/codes/moris/projects/FEM/INT/src/IWG/cl_FEM_IWG_Isotropic_Struc_Linear_Pressure_Bulk.hpp", "C++", 0, 0, 0, 0, 0, 32, 0, 0, 0, 0, 0, 0, 0, 41, 19, 92
"/home/mueller/codes/moris/projects/FEM/INT/src/IWG/cl_FEM_IWG_Isotropic_Struc_Linear_Pressure_Dirichlet.cpp", "C++", 0, 0, 0, 0, 0, 136, 0, 0, 0, 0, 0, 0, 0, 57, 50, 243
"/home/mueller/codes/moris/projects/FEM/INT/src/IWG/cl_FEM_IWG_Isotropic_Struc_Linear_Pressure_Dirichlet.hpp", "C++", 0, 0, 0, 0, 0, 40, 0, 0, 0, 0, 0, 0, 0, 42, 22, 104
"/home/mueller/codes/moris/projects/FEM/INT/src/IWG/cl_FEM_IWG_Isotropic_Struc_Linear_Virtual_Work_Ghost.cpp", "C++", 0, 0, 0, 0, 0, 264, 0, 0, 0, 0, 0, 0, 0, 71, 81, 416
"/home/mueller/codes/moris/projects/FEM/INT/src/IWG/cl_FEM_IWG_Isotropic_Struc_Linear_Virtual_Work_Ghost.hpp", "C++", 0, 0, 0, 0, 0, 43, 0, 0, 0, 0, 0, 0, 0, 49, 23, 115
"/home/mueller/codes/moris/projects/FEM/INT/src/IWG/cl_FEM_IWG_Isotropic_Struc_Nonlinear_Bulk.cpp", "C++", 0, 0, 0, 0, 0, 128, 0, 0, 0, 0, 0, 0, 0, 57, 46, 231
"/home/mueller/codes/moris/projects/FEM/INT/src/IWG/cl_FEM_IWG_Isotropic_Struc_Nonlinear_Bulk.hpp", "C++", 0, 0, 0, 0, 0, 39, 0, 0, 0, 0, 0, 0, 0, 43, 21, 103
"/home/mueller/codes/moris/projects/FEM/INT/src/IWG/cl_FEM_IWG_Isotropic_Struc_Nonlinear_Contact_Mlika.cpp", "C++", 0, 0, 0, 0, 0, 108, 0, 0, 0, 0, 0, 0, 0, 46, 36, 190
"/home/mueller/codes/moris/projects/FEM/INT/src/IWG/cl_FEM_IWG_Isotropic_Struc_Nonlinear_Contact_Mlika.hpp", "C++", 0, 0, 0, 0, 0, 41, 0, 0, 0, 0, 0, 0, 0, 48, 18, 107
"/home/mueller/codes/moris/projects/FEM/INT/src/IWG/cl_FEM_IWG_Isotropic_Struc_Nonlinear_Contact_Seitz.cpp", "C++", 0, 0, 0, 0, 0, 204, 0, 0, 0, 0, 0, 0, 0, 160, 83, 447
"/home/mueller/codes/moris/projects/FEM/INT/src/IWG/cl_FEM_IWG_Isotropic_Struc_Nonlinear_Contact_Seitz.hpp", "C++", 0, 0, 0, 0, 0, 42, 0, 0, 0, 0, 0, 0, 0, 49, 20, 111
"/home/mueller/codes/moris/projects/FEM/INT/src/IWG/cl_FEM_IWG_Isotropic_Struc_Nonlinear_Dirichlet.cpp", "C++", 0, 0, 0, 0, 0, 145, 0, 0, 0, 0, 0, 0, 0, 63, 54, 262
"/home/mueller/codes/moris/projects/FEM/INT/src/IWG/cl_FEM_IWG_Isotropic_Struc_Nonlinear_Dirichlet.hpp", "C++", 0, 0, 0, 0, 0, 45, 0, 0, 0, 0, 0, 0, 0, 43, 23, 111
"/home/mueller/codes/moris/projects/FEM/INT/src/IWG/cl_FEM_IWG_Isotropic_Struc_Nonlinear_Geometric_Stiffness.cpp", "C++", 0, 0, 0, 0, 0, 85, 0, 0, 0, 0, 0, 0, 0, 38, 29, 152
"/home/mueller/codes/moris/projects/FEM/INT/src/IWG/cl_FEM_IWG_Isotropic_Struc_Nonlinear_Geometric_Stiffness.hpp", "C++", 0, 0, 0, 0, 0, 38, 0, 0, 0, 0, 0, 0, 0, 43, 20, 101
"/home/mueller/codes/moris/projects/FEM/INT/src/IWG/cl_FEM_IWG_Isotropic_Struc_Nonlinear_Interface.cpp", "C++", 0, 0, 0, 0, 0, 230, 0, 0, 0, 0, 0, 0, 0, 71, 72, 373
"/home/mueller/codes/moris/projects/FEM/INT/src/IWG/cl_FEM_IWG_Isotropic_Struc_Nonlinear_Interface.hpp", "C++", 0, 0, 0, 0, 0, 44, 0, 0, 0, 0, 0, 0, 0, 43, 22, 109
"/home/mueller/codes/moris/projects/FEM/INT/src/IWG/cl_FEM_IWG_L2.cpp", "C++", 0, 0, 0, 0, 0, 158, 0, 0, 0, 0, 0, 0, 0, 50, 48, 256
"/home/mueller/codes/moris/projects/FEM/INT/src/IWG/cl_FEM_IWG_L2.hpp", "C++", 0, 0, 0, 0, 0, 31, 0, 0, 0, 0, 0, 0, 0, 34, 16, 81
"/home/mueller/codes/moris/projects/FEM/INT/src/IWG/cl_FEM_IWG_L2_Damage_Bulk.cpp", "C++", 0, 0, 0, 0, 0, 238, 0, 0, 0, 0, 0, 0, 0, 90, 85, 413
"/home/mueller/codes/moris/projects/FEM/INT/src/IWG/cl_FEM_IWG_L2_Damage_Bulk.hpp", "C++", 0, 0, 0, 0, 0, 58, 0, 0, 0, 0, 0, 0, 0, 61, 27, 146
"/home/mueller/codes/moris/projects/FEM/INT/src/IWG/cl_FEM_IWG_LSNormal_Bulk.cpp", "C++", 0, 0, 0, 0, 0, 67, 0, 0, 0, 0, 0, 0, 0, 81, 23, 171
"/home/mueller/codes/moris/projects/FEM/INT/src/IWG/cl_FEM_IWG_LSNormal_Bulk.hpp", "C++", 0, 0, 0, 0, 0, 25, 0, 0, 0, 0, 0, 0, 0, 37, 15, 77
"/home/mueller/codes/moris/projects/FEM/INT/src/IWG/cl_FEM_IWG_Nonlocal_Interface.cpp", "C++", 0, 0, 0, 0, 0, 213, 0, 0, 0, 0, 0, 0, 0, 85, 74, 372
"/home/mueller/codes/moris/projects/FEM/INT/src/IWG/cl_FEM_IWG_Nonlocal_Interface.hpp", "C++", 0, 0, 0, 0, 0, 42, 0, 0, 0, 0, 0, 0, 0, 46, 22, 110
"/home/mueller/codes/moris/projects/FEM/INT/src/IWG/cl_FEM_IWG_Olsson_CLS_Bulk.cpp", "C++", 0, 0, 0, 0, 0, 50, 0, 0, 0, 0, 0, 0, 0, 38, 22, 110
"/home/mueller/codes/moris/projects/FEM/INT/src/IWG/cl_FEM_IWG_Olsson_CLS_Bulk.hpp", "C++", 0, 0, 0, 0, 0, 28, 0, 0, 0, 0, 0, 0, 0, 42, 16, 86
"/home/mueller/codes/moris/projects/FEM/INT/src/IWG/cl_FEM_IWG_Olsson_CLS_Interface.cpp", "C++", 0, 0, 0, 0, 0, 52, 0, 0, 0, 0, 0, 0, 0, 31, 24, 107
"/home/mueller/codes/moris/projects/FEM/INT/src/IWG/cl_FEM_IWG_Olsson_CLS_Interface.hpp", "C++", 0, 0, 0, 0, 0, 28, 0, 0, 0, 0, 0, 0, 0, 42, 16, 86
"/home/mueller/codes/moris/projects/FEM/INT/src/IWG/cl_FEM_IWG_Spalart_Allmaras_Turbulence_Bulk.cpp", "C++", 0, 0, 0, 0, 0, 256, 0, 0, 0, 0, 0, 0, 0, 117, 89, 462
"/home/mueller/codes/moris/projects/FEM/INT/src/IWG/cl_FEM_IWG_Spalart_Allmaras_Turbulence_Bulk.hpp", "C++", 0, 0, 0, 0, 0, 40, 0, 0, 0, 0, 0, 0, 0, 58, 18, 116
"/home/mueller/codes/moris/projects/FEM/INT/src/IWG/cl_FEM_IWG_Spalart_Allmaras_Turbulence_Dirichlet.cpp", "C++", 0, 0, 0, 0, 0, 209, 0, 0, 0, 0, 0, 0, 0, 77, 62, 348
"/home/mueller/codes/moris/projects/FEM/INT/src/IWG/cl_FEM_IWG_Spalart_Allmaras_Turbulence_Dirichlet.hpp", "C++", 0, 0, 0, 0, 0, 44, 0, 0, 0, 0, 0, 0, 0, 49, 18, 111
"/home/mueller/codes/moris/projects/FEM/INT/src/IWG/cl_FEM_IWG_Spalart_Allmaras_Turbulence_Interface.cpp", "C++", 0, 0, 0, 0, 0, 211, 0, 0, 0, 0, 0, 0, 0, 64, 58, 333
"/home/mueller/codes/moris/projects/FEM/INT/src/IWG/cl_FEM_IWG_Spalart_Allmaras_Turbulence_Interface.hpp", "C++", 0, 0, 0, 0, 0, 34, 0, 0, 0, 0, 0, 0, 0, 47, 16, 97
"/home/mueller/codes/moris/projects/FEM/INT/src/IWG/cl_FEM_IWG_Struc_Stress.cpp", "C++", 0, 0, 0, 0, 0, 237, 0, 0, 0, 0, 0, 0, 0, 60, 73, 370
"/home/mueller/codes/moris/projects/FEM/INT/src/IWG/cl_FEM_IWG_Struc_Stress.hpp", "C++", 0, 0, 0, 0, 0, 48, 0, 0, 0, 0, 0, 0, 0, 46, 25, 119
"/home/mueller/codes/moris/projects/FEM/INT/src/IWG/cl_FEM_IWG_Time_Continuity_Dof.cpp", "C++", 0, 0, 0, 0, 0, 282, 0, 0, 0, 0, 0, 0, 0, 104, 85, 471
"/home/mueller/codes/moris/projects/FEM/INT/src/IWG/cl_FEM_IWG_Time_Continuity_Dof.hpp", "C++", 0, 0, 0, 0, 0, 33, 0, 0, 0, 0, 0, 0, 0, 46, 18, 97
"/home/mueller/codes/moris/projects/FEM/INT/src/IWG/cl_FEM_IWG_User_Defined.cpp", "C++", 0, 0, 0, 0, 0, 73, 0, 0, 0, 0, 0, 0, 0, 32, 27, 132
"/home/mueller/codes/moris/projects/FEM/INT/src/IWG/cl_FEM_IWG_User_Defined.hpp", "C++", 0, 0, 0, 0, 0, 28, 0, 0, 0, 0, 0, 0, 0, 34, 16, 78
"/home/mueller/codes/moris/projects/FEM/INT/src/IWG/fn_FEM_IWG_Compressible_NS.hpp", "C++", 0, 0, 0, 0, 0, 138, 0, 0, 0, 0, 0, 0, 0, 23, 40, 201
"/home/mueller/codes/moris/projects/FEM/INT/src/IWG/fn_FEM_IWG_Compressible_NS_Dof_Check.cpp", "C++", 0, 0, 0, 0, 0, 64, 0, 0, 0, 0, 0, 0, 0, 20, 20, 104
"/home/mueller/codes/moris/projects/FEM/INT/src/IWG/fn_FEM_IWG_Compressible_NS_Flux_Matrices.cpp", "C++", 0, 0, 0, 0, 0, 278, 0, 0, 0, 0, 0, 0, 0, 82, 73, 433
"/home/mueller/codes/moris/projects/FEM/INT/src/IWG/fn_FEM_IWG_Compressible_NS_Flux_Matrices_Dof_Derivs.cpp", "C++", 0, 0, 0, 0, 0, 710, 0, 0, 0, 0, 0, 0, 0, 111, 319, 1140
"/home/mueller/codes/moris/projects/FEM/INT/src/IWG/fn_FEM_IWG_Compressible_NS_Flux_Matrices_Var_Derivs.cpp", "C++", 0, 0, 0, 0, 0, 1630, 0, 0, 0, 0, 0, 0, 0, 348, 323, 2301
"/home/mueller/codes/moris/projects/FEM/INT/src/IWG/fn_FEM_IWG_Compressible_NS_Tools.cpp", "C++", 0, 0, 0, 0, 0, 102, 0, 0, 0, 0, 0, 0, 0, 25, 20, 147
"/home/mueller/codes/moris/projects/FEM/INT/src/IWG/fn_FEM_IWG_Crosswind_Stabilization_Tools.cpp", "C++", 0, 0, 0, 0, 0, 127, 0, 0, 0, 0, 0, 0, 0, 51, 31, 209
"/home/mueller/codes/moris/projects/FEM/INT/src/IWG/fn_FEM_IWG_Crosswind_Stabilization_Tools.hpp", "C++", 0, 0, 0, 0, 0, 26, 0, 0, 0, 0, 0, 0, 0, 31, 8, 65
"/home/mueller/codes/moris/projects/FEM/INT/src/IWG/fn_FEM_IWG_Spalart_Allmaras_Turbulence_Tools.cpp", "C++", 0, 0, 0, 0, 0, 235, 0, 0, 0, 0, 0, 0, 0, 69, 57, 361
"/home/mueller/codes/moris/projects/FEM/INT/src/IWG/fn_FEM_IWG_Spalart_Allmaras_Turbulence_Tools.hpp", "C++", 0, 0, 0, 0, 0, 51, 0, 0, 0, 0, 0, 0, 0, 57, 14, 122
"/home/mueller/codes/moris/projects/FEM/INT/src/MEA/cl_FEM_Cluster_Measure.cpp", "C++", 0, 0, 0, 0, 0, 84, 0, 0, 0, 0, 0, 0, 0, 31, 24, 139
"/home/mueller/codes/moris/projects/FEM/INT/src/MEA/cl_FEM_Cluster_Measure.hpp", "C++", 0, 0, 0, 0, 0, 61, 0, 0, 0, 0, 0, 0, 0, 71, 20, 152
"/home/mueller/codes/moris/projects/FEM/INT/src/MM/cl_FEM_MM_Factory.cpp", "C++", 0, 0, 0, 0, 0, 17, 0, 0, 0, 0, 0, 0, 0, 15, 6, 38
"/home/mueller/codes/moris/projects/FEM/INT/src/MM/cl_FEM_MM_Factory.hpp", "C++", 0, 0, 0, 0, 0, 16, 0, 0, 0, 0, 0, 0, 0, 29, 13, 58
"/home/mueller/codes/moris/projects/FEM/INT/src/MM/cl_FEM_MM_Perfect_Gas.cpp", "C++", 0, 0, 0, 0, 0, 373, 0, 0, 0, 0, 0, 0, 0, 166, 151, 690
"/home/mueller/codes/moris/projects/FEM/INT/src/MM/cl_FEM_MM_Perfect_Gas.hpp", "C++", 0, 0, 0, 0, 0, 78, 0, 0, 0, 0, 0, 0, 0, 89, 30, 197
"/home/mueller/codes/moris/projects/FEM/INT/src/MM/cl_FEM_Material_Model.cpp", "C++", 0, 0, 0, 0, 0, 449, 0, 0, 0, 0, 0, 0, 0, 161, 149, 759
"/home/mueller/codes/moris/projects/FEM/INT/src/MM/cl_FEM_Material_Model.hpp", "C++", 0, 0, 0, 0, 0, 562, 0, 0, 0, 0, 0, 0, 0, 337, 156, 1055
"/home/mueller/codes/moris/projects/FEM/INT/src/MM/cl_FEM_Material_Model_Density_Functions.cpp", "C++", 0, 0, 0, 0, 0, 196, 0, 0, 0, 0, 0, 0, 0, 91, 58, 345
"/home/mueller/codes/moris/projects/FEM/INT/src/MM/cl_FEM_Material_Model_FD_Functions.cpp", "C++", 0, 0, 0, 0, 0, 516, 0, 0, 0, 0, 0, 0, 0, 212, 156, 884
"/home/mueller/codes/moris/projects/FEM/INT/src/MM/cl_FEM_Material_Model_Pressure_Functions.cpp", "C++", 0, 0, 0, 0, 0, 196, 0, 0, 0, 0, 0, 0, 0, 91, 57, 344
"/home/mueller/codes/moris/projects/FEM/INT/src/MM/cl_FEM_Material_Model_Temperature_Functions.cpp", "C++", 0, 0, 0, 0, 0, 196, 0, 0, 0, 0, 0, 0, 0, 91, 58, 345
"/home/mueller/codes/moris/projects/FEM/INT/src/MM/cl_FEM_Material_Model_Thermodynamic_Quantities.cpp", "C++", 0, 0, 0, 0, 0, 170, 0, 0, 0, 0, 0, 0, 0, 104, 64, 338
"/home/mueller/codes/moris/projects/FEM/INT/src/SP/cl_FEM_SP_Compressible_Dirichlet_Nitsche.cpp", "C++", 0, 0, 0, 0, 0, 95, 0, 0, 0, 0, 0, 0, 0, 41, 32, 168
"/home/mueller/codes/moris/projects/FEM/INT/src/SP/cl_FEM_SP_Compressible_Dirichlet_Nitsche.hpp", "C++", 0, 0, 0, 0, 0, 48, 0, 0, 0, 0, 0, 0, 0, 63, 19, 130
"/home/mueller/codes/moris/projects/FEM/INT/src/SP/cl_FEM_SP_Compressible_Velocity_Dirichlet_Nitsche.cpp", "C++", 0, 0, 0, 0, 0, 90, 0, 0, 0, 0, 0, 0, 0, 35, 27, 152
"/home/mueller/codes/moris/projects/FEM/INT/src/SP/cl_FEM_SP_Compressible_Velocity_Dirichlet_Nitsche.hpp", "C++", 0, 0, 0, 0, 0, 55, 0, 0, 0, 0, 0, 0, 0, 67, 20, 142
"/home/mueller/codes/moris/projects/FEM/INT/src/SP/cl_FEM_SP_Convective_Ghost.cpp", "C++", 0, 0, 0, 0, 0, 104, 0, 0, 0, 0, 0, 0, 0, 41, 33, 178
"/home/mueller/codes/moris/projects/FEM/INT/src/SP/cl_FEM_SP_Convective_Ghost.hpp", "C++", 0, 0, 0, 0, 0, 56, 0, 0, 0, 0, 0, 0, 0, 64, 21, 141
"/home/mueller/codes/moris/projects/FEM/INT/src/SP/cl_FEM_SP_Crosswind.cpp", "C++", 0, 0, 0, 0, 0, 50, 0, 0, 0, 0, 0, 0, 0, 34, 27, 111
"/home/mueller/codes/moris/projects/FEM/INT/src/SP/cl_FEM_SP_Crosswind.hpp", "C++", 0, 0, 0, 0, 0, 46, 0, 0, 0, 0, 0, 0, 0, 74, 18, 138
"/home/mueller/codes/moris/projects/FEM/INT/src/SP/cl_FEM_SP_Dirichlet_Nitsche.cpp", "C++", 0, 0, 0, 0, 0, 120, 0, 0, 0, 0, 0, 0, 0, 37, 32, 189
"/home/mueller/codes/moris/projects/FEM/INT/src/SP/cl_FEM_SP_Dirichlet_Nitsche.hpp", "C++", 0, 0, 0, 0, 0, 72, 0, 0, 0, 0, 0, 0, 0, 67, 25, 164
"/home/mueller/codes/moris/projects/FEM/INT/src/SP/cl_FEM_SP_Factory.cpp", "C++", 0, 0, 0, 0, 0, 93, 0, 0, 0, 0, 0, 0, 0, 12, 30, 135
"/home/mueller/codes/moris/projects/FEM/INT/src/SP/cl_FEM_SP_Factory.hpp", "C++", 0, 0, 0, 0, 0, 16, 0, 0, 0, 0, 0, 0, 0, 29, 13, 58
"/home/mueller/codes/moris/projects/FEM/INT/src/SP/cl_FEM_SP_GGLS_Diffusion.cpp", "C++", 0, 0, 0, 0, 0, 190, 0, 0, 0, 0, 0, 0, 0, 73, 56, 319
"/home/mueller/codes/moris/projects/FEM/INT/src/SP/cl_FEM_SP_GGLS_Diffusion.hpp", "C++", 0, 0, 0, 0, 0, 62, 0, 0, 0, 0, 0, 0, 0, 68, 20, 150
"/home/mueller/codes/moris/projects/FEM/INT/src/SP/cl_FEM_SP_Ghost_Displacement.cpp", "C++", 0, 0, 0, 0, 0, 93, 0, 0, 0, 0, 0, 0, 0, 30, 28, 151
"/home/mueller/codes/moris/projects/FEM/INT/src/SP/cl_FEM_SP_Ghost_Displacement.hpp", "C++", 0, 0, 0, 0, 0, 61, 0, 0, 0, 0, 0, 0, 0, 63, 26, 150
"/home/mueller/codes/moris/projects/FEM/INT/src/SP/cl_FEM_SP_Ghost_Virtual_Work.cpp", "C++", 0, 0, 0, 0, 0, 32, 0, 0, 0, 0, 0, 0, 0, 19, 13, 64
"/home/mueller/codes/moris/projects/FEM/INT/src/SP/cl_FEM_SP_Ghost_Virtual_Work.hpp", "C++", 0, 0, 0, 0, 0, 52, 0, 0, 0, 0, 0, 0, 0, 58, 21, 131
"/home/mueller/codes/moris/projects/FEM/INT/src/SP/cl_FEM_SP_Incompressible_Flow.cpp", "C++", 0, 0, 0, 0, 0, 209, 0, 0, 0, 0, 0, 0, 0, 75, 72, 356
"/home/mueller/codes/moris/projects/FEM/INT/src/SP/cl_FEM_SP_Incompressible_Flow.hpp", "C++", 0, 0, 0, 0, 0, 55, 0, 0, 0, 0, 0, 0, 0, 69, 24, 148
"/home/mueller/codes/moris/projects/FEM/INT/src/SP/cl_FEM_SP_Lagrange_Multiplier_L2.cpp", "C++", 0, 0, 0, 0, 0, 51, 0, 0, 0, 0, 0, 0, 0, 26, 18, 95
"/home/mueller/codes/moris/projects/FEM/INT/src/SP/cl_FEM_SP_Lagrange_Multiplier_L2.hpp", "C++", 0, 0, 0, 0, 0, 57, 0, 0, 0, 0, 0, 0, 0, 61, 23, 141
"/home/mueller/codes/moris/projects/FEM/INT/src/SP/cl_FEM_SP_Measure.cpp", "C++", 0, 0, 0, 0, 0, 45, 0, 0, 0, 0, 0, 0, 0, 19, 11, 75
"/home/mueller/codes/moris/projects/FEM/INT/src/SP/cl_FEM_SP_Measure.hpp", "C++", 0, 0, 0, 0, 0, 66, 0, 0, 0, 0, 0, 0, 0, 64, 22, 152
"/home/mueller/codes/moris/projects/FEM/INT/src/SP/cl_FEM_SP_Nitsche_Interface.cpp", "C++", 0, 0, 0, 0, 0, 133, 0, 0, 0, 0, 0, 0, 0, 54, 47, 234
"/home/mueller/codes/moris/projects/FEM/INT/src/SP/cl_FEM_SP_Nitsche_Interface.hpp", "C++", 0, 0, 0, 0, 0, 76, 0, 0, 0, 0, 0, 0, 0, 71, 24, 171
"/home/mueller/codes/moris/projects/FEM/INT/src/SP/cl_FEM_SP_Penalty_Contact.cpp", "C++", 0, 0, 0, 0, 0, 31, 0, 0, 0, 0, 0, 0, 0, 16, 12, 59
"/home/mueller/codes/moris/projects/FEM/INT/src/SP/cl_FEM_SP_Penalty_Contact.hpp", "C++", 0, 0, 0, 0, 0, 62, 0, 0, 0, 0, 0, 0, 0, 77, 24, 163
"/home/mueller/codes/moris/projects/FEM/INT/src/SP/cl_FEM_SP_Pressure_Ghost.cpp", "C++", 0, 0, 0, 0, 0, 195, 0, 0, 0, 0, 0, 0, 0, 71, 58, 324
"/home/mueller/codes/moris/projects/FEM/INT/src/SP/cl_FEM_SP_Pressure_Ghost.hpp", "C++", 0, 0, 0, 0, 0, 64, 0, 0, 0, 0, 0, 0, 0, 80, 23, 167
"/home/mueller/codes/moris/projects/FEM/INT/src/SP/cl_FEM_SP_Reciprocal_Total_Volume.cpp", "C++", 0, 0, 0, 0, 0, 44, 0, 0, 0, 0, 0, 0, 0, 17, 14, 75
"/home/mueller/codes/moris/projects/FEM/INT/src/SP/cl_FEM_SP_Reciprocal_Total_Volume.hpp", "C++", 0, 0, 0, 0, 0, 62, 0, 0, 0, 0, 0, 0, 0, 70, 23, 155
"/home/mueller/codes/moris/projects/FEM/INT/src/SP/cl_FEM_SP_Robin_Nitsche.cpp", "C++", 0, 0, 0, 0, 0, 98, 0, 0, 0, 0, 0, 0, 0, 37, 29, 164
"/home/mueller/codes/moris/projects/FEM/INT/src/SP/cl_FEM_SP_Robin_Nitsche.hpp", "C++", 0, 0, 0, 0, 0, 57, 0, 0, 0, 0, 0, 0, 0, 74, 22, 153
"/home/mueller/codes/moris/projects/FEM/INT/src/SP/cl_FEM_SP_SUPG_Advection.cpp", "C++", 0, 0, 0, 0, 0, 440, 0, 0, 0, 0, 0, 0, 0, 154, 145, 739
"/home/mueller/codes/moris/projects/FEM/INT/src/SP/cl_FEM_SP_SUPG_Advection.hpp", "C++", 0, 0, 0, 0, 0, 74, 0, 0, 0, 0, 0, 0, 0, 114, 31, 219
"/home/mueller/codes/moris/projects/FEM/INT/src/SP/cl_FEM_SP_SUPG_Spalart_Allmaras_Turbulence.cpp", "C++", 0, 0, 0, 0, 0, 278, 0, 0, 0, 0, 0, 0, 0, 116, 92, 486
"/home/mueller/codes/moris/projects/FEM/INT/src/SP/cl_FEM_SP_SUPG_Spalart_Allmaras_Turbulence.hpp", "C++", 0, 0, 0, 0, 0, 64, 0, 0, 0, 0, 0, 0, 0, 99, 30, 193
"/home/mueller/codes/moris/projects/FEM/INT/src/SP/cl_FEM_SP_Spalart_Allmaras_Nitsche_Interface.cpp", "C++", 0, 0, 0, 0, 0, 137, 0, 0, 0, 0, 0, 0, 0, 53, 45, 235
"/home/mueller/codes/moris/projects/FEM/INT/src/SP/cl_FEM_SP_Spalart_Allmaras_Nitsche_Interface.hpp", "C++", 0, 0, 0, 0, 0, 69, 0, 0, 0, 0, 0, 0, 0, 76, 22, 167
"/home/mueller/codes/moris/projects/FEM/INT/src/SP/cl_FEM_SP_Stab_Penalty_Contact.cpp", "C++", 0, 0, 0, 0, 0, 19, 0, 0, 0, 0, 0, 0, 0, 14, 7, 40
"/home/mueller/codes/moris/projects/FEM/INT/src/SP/cl_FEM_SP_Stab_Penalty_Contact.hpp", "C++", 0, 0, 0, 0, 0, 67, 0, 0, 0, 0, 0, 0, 0, 70, 21, 158
"/home/mueller/codes/moris/projects/FEM/INT/src/SP/cl_FEM_SP_Time_Velocity_Ghost.cpp", "C++", 0, 0, 0, 0, 0, 56, 0, 0, 0, 0, 0, 0, 0, 28, 22, 106
"/home/mueller/codes/moris/projects/FEM/INT/src/SP/cl_FEM_SP_Time_Velocity_Ghost.hpp", "C++", 0, 0, 0, 0, 0, 57, 0, 0, 0, 0, 0, 0, 0, 68, 19, 144
"/home/mueller/codes/moris/projects/FEM/INT/src/SP/cl_FEM_SP_Turbulence_Dirichlet_Nitsche.cpp", "C++", 0, 0, 0, 0, 0, 63, 0, 0, 0, 0, 0, 0, 0, 28, 23, 114
"/home/mueller/codes/moris/projects/FEM/INT/src/SP/cl_FEM_SP_Turbulence_Dirichlet_Nitsche.hpp", "C++", 0, 0, 0, 0, 0, 54, 0, 0, 0, 0, 0, 0, 0, 58, 21, 133
"/home/mueller/codes/moris/projects/FEM/INT/src/SP/cl_FEM_SP_Velocity_Dirichlet_Nitsche.cpp", "C++", 0, 0, 0, 0, 0, 227, 0, 0, 0, 0, 0, 0, 0, 72, 61, 360
"/home/mueller/codes/moris/projects/FEM/INT/src/SP/cl_FEM_SP_Velocity_Dirichlet_Nitsche.hpp", "C++", 0, 0, 0, 0, 0, 79, 0, 0, 0, 0, 0, 0, 0, 93, 26, 198
"/home/mueller/codes/moris/projects/FEM/INT/src/SP/cl_FEM_SP_Velocity_SlipBoundary_Nitsche.cpp", "C++", 0, 0, 0, 0, 0, 158, 0, 0, 0, 0, 0, 0, 0, 52, 48, 258
"/home/mueller/codes/moris/projects/FEM/INT/src/SP/cl_FEM_SP_Velocity_SlipBoundary_Nitsche.hpp", "C++", 0, 0, 0, 0, 0, 57, 0, 0, 0, 0, 0, 0, 0, 84, 20, 161
"/home/mueller/codes/moris/projects/FEM/INT/src/SP/cl_FEM_SP_Viscous_Ghost.cpp", "C++", 0, 0, 0, 0, 0, 74, 0, 0, 0, 0, 0, 0, 0, 29, 24, 127
"/home/mueller/codes/moris/projects/FEM/INT/src/SP/cl_FEM_SP_Viscous_Ghost.hpp", "C++", 0, 0, 0, 0, 0, 61, 0, 0, 0, 0, 0, 0, 0, 73, 18, 152
"/home/mueller/codes/moris/projects/FEM/INT/src/SP/cl_FEM_SP_YZBeta_Advection.cpp", "C++", 0, 0, 0, 0, 0, 159, 0, 0, 0, 0, 0, 0, 0, 62, 63, 284
"/home/mueller/codes/moris/projects/FEM/INT/src/SP/cl_FEM_SP_YZBeta_Advection.hpp", "C++", 0, 0, 0, 0, 0, 52, 0, 0, 0, 0, 0, 0, 0, 66, 20, 138
"/home/mueller/codes/moris/projects/FEM/INT/src/SP/cl_FEM_Stabilization_Parameter.cpp", "C++", 0, 0, 0, 0, 0, 1201, 0, 0, 0, 0, 0, 0, 0, 429, 315, 1945
"/home/mueller/codes/moris/projects/FEM/INT/src/SP/cl_FEM_Stabilization_Parameter.hpp", "C++", 0, 0, 0, 0, 0, 223, 0, 0, 0, 0, 0, 0, 0, 330, 85, 638
"/home/mueller/codes/moris/projects/FEM/INT/test/CMakeLists.txt", "CMake", 0, 0, 0, 0, 0, 0, 159, 0, 0, 0, 0, 0, 0, 0, 28, 187
"/home/mueller/codes/moris/projects/FEM/INT/test/FEM_Test_Proxy/cl_FEM_Design_Variable_Interface_Proxy.cpp", "C++", 0, 0, 0, 0, 0, 5, 0, 0, 0, 0, 0, 0, 0, 9, 3, 17
"/home/mueller/codes/moris/projects/FEM/INT/test/FEM_Test_Proxy/cl_FEM_Design_Variable_Interface_Proxy.hpp", "C++", 0, 0, 0, 0, 0, 258, 0, 0, 0, 0, 0, 0, 0, 40, 68, 366
"/home/mueller/codes/moris/projects/FEM/INT/test/FEM_Test_Proxy/cl_FEM_Fields_for_NS_Compressible_UT.cpp", "C++", 0, 0, 0, 0, 0, 494, 0, 0, 0, 0, 0, 0, 0, 18, 22, 534
"/home/mueller/codes/moris/projects/FEM/INT/test/FEM_Test_Proxy/cl_FEM_Fields_for_NS_Compressible_UT_for_BD.cpp", "C++", 0, 0, 0, 0, 0, 123, 0, 0, 0, 0, 0, 0, 0, 25, 25, 173
"/home/mueller/codes/moris/projects/FEM/INT/test/FEM_Test_Proxy/cl_FEM_Flux_Matrix_Reference_Values.cpp", "C++", 0, 0, 0, 0, 0, 924, 0, 0, 0, 0, 0, 0, 0, 74, 79, 1077
"/home/mueller/codes/moris/projects/FEM/INT/test/FEM_Test_Proxy/cl_FEM_Flux_Matrix_Reference_Values_Nitsche.cpp", "C++", 0, 0, 0, 0, 0, 804, 0, 0, 0, 0, 0, 0, 0, 70, 53, 927
"/home/mueller/codes/moris/projects/FEM/INT/test/FEM_Test_Proxy/cl_FEM_Inputs_for_Diffusion_UT.cpp", "C++", 0, 0, 0, 0, 0, 331, 0, 0, 0, 0, 0, 0, 0, 9, 9, 349
"/home/mueller/codes/moris/projects/FEM/INT/test/FEM_Test_Proxy/cl_FEM_Inputs_for_Elasticity_UT.cpp", "C++", 0, 0, 0, 0, 0, 1103, 0, 0, 0, 0, 0, 0, 0, 22, 49, 1174
"/home/mueller/codes/moris/projects/FEM/INT/test/FEM_Test_Proxy/cl_FEM_Inputs_for_Ghost_UT.cpp", "C++", 0, 0, 0, 0, 0, 539, 0, 0, 0, 0, 0, 0, 0, 72, 85, 696
"/home/mueller/codes/moris/projects/FEM/INT/test/FEM_Test_Proxy/cl_FEM_Inputs_for_NS_Compressible_1D.cpp", "C++", 0, 0, 0, 0, 0, 90, 0, 0, 0, 0, 0, 0, 0, 67, 25, 182
"/home/mueller/codes/moris/projects/FEM/INT/test/FEM_Test_Proxy/cl_FEM_Inputs_for_NS_Compressible_UT.cpp", "C++", 0, 0, 0, 0, 0, 1337, 0, 0, 0, 0, 0, 0, 0, 14, 37, 1388
"/home/mueller/codes/moris/projects/FEM/INT/test/FEM_Test_Proxy/cl_FEM_Inputs_for_NS_Incompressible_UT.cpp", "C++", 0, 0, 0, 0, 0, 1026, 0, 0, 0, 0, 0, 0, 0, 22, 32, 1080
"/home/mueller/codes/moris/projects/FEM/INT/test/FEM_Test_Proxy/fn_FEM_Convert_Dimensions.cpp", "C++", 0, 0, 0, 0, 0, 161, 0, 0, 0, 0, 0, 0, 0, 92, 61, 314
"/home/mueller/codes/moris/projects/FEM/INT/test/UT_FEM_CM.cpp", "C++", 0, 0, 0, 0, 0, 77, 0, 0, 0, 0, 0, 0, 0, 41, 34, 152
"/home/mueller/codes/moris/projects/FEM/INT/test/UT_FEM_CM_Compressible_Fluid_Ideal.cpp", "C++", 0, 0, 0, 0, 0, 294, 0, 0, 0, 0, 0, 0, 0, 156, 100, 550
"/home/mueller/codes/moris/projects/FEM/INT/test/UT_FEM_CM_Compressible_Fluid_VdW.cpp", "C++", 0, 0, 0, 0, 0, 316, 0, 0, 0, 0, 0, 0, 0, 165, 106, 587
"/home/mueller/codes/moris/projects/FEM/INT/test/UT_FEM_CM_Compressible_Newtonian_Fluid.cpp", "C++", 0, 0, 0, 0, 0, 868, 0, 0, 0, 0, 0, 0, 0, 566, 302, 1736
"/home/mueller/codes/moris/projects/FEM/INT/test/UT_FEM_CM_Diff_Lin_Iso.cpp", "C++", 0, 0, 0, 0, 0, 471, 0, 0, 0, 0, 0, 0, 0, 152, 103, 726
"/home/mueller/codes/moris/projects/FEM/INT/test/UT_FEM_CM_Diff_Lin_Iso_Turbulence.cpp", "C++", 0, 0, 0, 0, 0, 264, 0, 0, 0, 0, 0, 0, 0, 147, 95, 506
"/home/mueller/codes/moris/projects/FEM/INT/test/UT_FEM_CM_Diff_PC.cpp", "C++", 0, 0, 0, 0, 0, 526, 0, 0, 0, 0, 0, 0, 0, 136, 104, 766
"/home/mueller/codes/moris/projects/FEM/INT/test/UT_FEM_CM_Fluid.cpp", "C++", 0, 0, 0, 0, 0, 898, 0, 0, 0, 0, 0, 0, 0, 432, 317, 1647
"/home/mueller/codes/moris/projects/FEM/INT/test/UT_FEM_CM_Spalart_Allmaras_Turbulence.cpp", "C++", 0, 0, 0, 0, 0, 189, 0, 0, 0, 0, 0, 0, 0, 95, 69, 353
"/home/mueller/codes/moris/projects/FEM/INT/test/UT_FEM_CM_Struc_Linear_Isotropic.cpp", "C++", 0, 0, 0, 0, 0, 208, 0, 0, 0, 0, 0, 0, 0, 106, 69, 383
"/home/mueller/codes/moris/projects/FEM/INT/test/UT_FEM_CM_Struc_Linear_Isotropic_Axisymmetric.cpp", "C++", 0, 0, 0, 0, 0, 199, 0, 0, 0, 0, 0, 0, 0, 103, 67, 369
"/home/mueller/codes/moris/projects/FEM/INT/test/UT_FEM_CM_Struc_Linear_Isotropic_Damage.cpp", "C++", 0, 0, 0, 0, 0, 1959, 0, 0, 0, 0, 0, 0, 0, 1620, 644, 4223
"/home/mueller/codes/moris/projects/FEM/INT/test/UT_FEM_CM_Struc_NonLinear.cpp", "C++", 0, 0, 0, 0, 0, 377, 0, 0, 0, 0, 0, 0, 0, 413, 142, 932
"/home/mueller/codes/moris/projects/FEM/INT/test/UT_FEM_CM_Struc_NonLinear_Compressible.cpp", "C++", 0, 0, 0, 0, 0, 245, 0, 0, 0, 0, 0, 0, 0, 135, 83, 463
"/home/mueller/codes/moris/projects/FEM/INT/test/UT_FEM_CM_Struct_Linear_MT.cpp", "C++", 0, 0, 0, 0, 0, 249, 0, 0, 0, 0, 0, 0, 0, 115, 78, 442
"/home/mueller/codes/moris/projects/FEM/INT/test/UT_FEM_Element.cpp", "C++", 0, 0, 0, 0, 0, 108, 0, 0, 0, 0, 0, 0, 0, 52, 48, 208
"/home/mueller/codes/moris/projects/FEM/INT/test/UT_FEM_Geometry_Interpolator.cpp", "C++", 0, 0, 0, 0, 0, 29, 0, 0, 0, 0, 0, 0, 0, 21, 14, 64
"/home/mueller/codes/moris/projects/FEM/INT/test/UT_FEM_IQI_Dof.cpp", "C++", 0, 0, 0, 0, 0, 207, 0, 0, 0, 0, 0, 0, 0, 93, 69, 369
"/home/mueller/codes/moris/projects/FEM/INT/test/UT_FEM_IQI_Max_Damage.cpp", "C++", 0, 0, 0, 0, 0, 211, 0, 0, 0, 0, 0, 0, 0, 100, 78, 389
"/home/mueller/codes/moris/projects/FEM/INT/test/UT_FEM_IQI_Power_Dissipation.cpp", "C++", 0, 0, 0, 0, 0, 189, 0, 0, 0, 0, 0, 0, 0, 97, 68, 354
"/home/mueller/codes/moris/projects/FEM/INT/test/UT_FEM_IQI_Power_Dissipation_Bulk.cpp", "C++", 0, 0, 0, 0, 0, 193, 0, 0, 0, 0, 0, 0, 0, 97, 69, 359
"/home/mueller/codes/moris/projects/FEM/INT/test/UT_FEM_IQI_Strain_Energy.cpp", "C++", 0, 0, 0, 0, 0, 159, 0, 0, 0, 0, 0, 0, 0, 68, 65, 292
"/home/mueller/codes/moris/projects/FEM/INT/test/UT_FEM_IWG.cpp", "C++", 0, 0, 0, 0, 0, 96, 0, 0, 0, 0, 0, 0, 0, 97, 41, 234
"/home/mueller/codes/moris/projects/FEM/INT/test/UT_FEM_IWG_Advection_Bulk.cpp", "C++", 0, 0, 0, 0, 0, 1043, 0, 0, 0, 0, 0, 0, 0, 469, 350, 1862
"/home/mueller/codes/moris/projects/FEM/INT/test/UT_FEM_IWG_Compressible_NS_Advective_Energy_Boundary.cpp", "C++", 0, 0, 0, 0, 0, 453, 0, 0, 0, 0, 0, 0, 0, 215, 167, 835
"/home/mueller/codes/moris/projects/FEM/INT/test/UT_FEM_IWG_Compressible_NS_Advective_Momentum_Boundary.cpp", "C++", 0, 0, 0, 0, 0, 453, 0, 0, 0, 0, 0, 0, 0, 215, 167, 835
"/home/mueller/codes/moris/projects/FEM/INT/test/UT_FEM_IWG_Compressible_NS_Boundary.cpp", "C++", 0, 0, 0, 0, 0, 268, 0, 0, 0, 0, 0, 0, 0, 123, 92, 483
"/home/mueller/codes/moris/projects/FEM/INT/test/UT_FEM_IWG_Compressible_NS_Bulk.cpp", "C++", 0, 0, 0, 0, 0, 278, 0, 0, 0, 0, 0, 0, 0, 116, 92, 486
"/home/mueller/codes/moris/projects/FEM/INT/test/UT_FEM_IWG_Compressible_NS_Bulk_Analytical.cpp", "C++", 0, 0, 0, 0, 0, 326, 0, 0, 0, 0, 0, 0, 0, 124, 101, 551
"/home/mueller/codes/moris/projects/FEM/INT/test/UT_FEM_IWG_Compressible_NS_Bulk_Flux_Matrices.cpp", "C++", 0, 0, 0, 0, 0, 312, 0, 0, 0, 0, 0, 0, 0, 105, 102, 519
"/home/mueller/codes/moris/projects/FEM/INT/test/UT_FEM_IWG_Compressible_NS_Density_Bulk.cpp", "C++", 0, 0, 0, 0, 0, 432, 0, 0, 0, 0, 0, 0, 0, 207, 156, 795
"/home/mueller/codes/moris/projects/FEM/INT/test/UT_FEM_IWG_Compressible_NS_Density_Bulk_Analytical.cpp", "C++", 0, 0, 0, 0, 0, 389, 0, 0, 0, 0, 0, 0, 0, 213, 164, 766
"/home/mueller/codes/moris/projects/FEM/INT/test/UT_FEM_IWG_Compressible_NS_Dirichlet_Analytical.cpp", "C++", 0, 0, 0, 0, 0, 295, 0, 0, 0, 0, 0, 0, 0, 143, 115, 553
"/home/mueller/codes/moris/projects/FEM/INT/test/UT_FEM_IWG_Compressible_NS_Dirichlet_Nitsche.cpp", "C++", 0, 0, 0, 0, 0, 295, 0, 0, 0, 0, 0, 0, 0, 131, 103, 529
"/home/mueller/codes/moris/projects/FEM/INT/test/UT_FEM_IWG_Compressible_NS_Neumann_Boundaries.cpp", "C++", 0, 0, 0, 0, 0, 238, 0, 0, 0, 0, 0, 0, 0, 111, 81, 430
"/home/mueller/codes/moris/projects/FEM/INT/test/UT_FEM_IWG_Compressible_NS_Temperature_Bulk.cpp", "C++", 0, 0, 0, 0, 0, 460, 0, 0, 0, 0, 0, 0, 0, 213, 161, 834
"/home/mueller/codes/moris/projects/FEM/INT/test/UT_FEM_IWG_Compressible_NS_Temperature_Bulk_Analytical.cpp", "C++", 0, 0, 0, 0, 0, 390, 0, 0, 0, 0, 0, 0, 0, 170, 148, 708
"/home/mueller/codes/moris/projects/FEM/INT/test/UT_FEM_IWG_Compressible_NS_Temperature_Dirichlet_Nitsche.cpp", "C++", 0, 0, 0, 0, 0, 496, 0, 0, 0, 0, 0, 0, 0, 239, 184, 919
"/home/mueller/codes/moris/projects/FEM/INT/test/UT_FEM_IWG_Compressible_NS_Velocity_Bulk.cpp", "C++", 0, 0, 0, 0, 0, 448, 0, 0, 0, 0, 0, 0, 0, 211, 160, 819
"/home/mueller/codes/moris/projects/FEM/INT/test/UT_FEM_IWG_Compressible_NS_Velocity_Bulk_Analytical.cpp", "C++", 0, 0, 0, 0, 0, 390, 0, 0, 0, 0, 0, 0, 0, 170, 148, 708
"/home/mueller/codes/moris/projects/FEM/INT/test/UT_FEM_IWG_Compressible_NS_Velocity_Dirichlet_Nitsche.cpp", "C++", 0, 0, 0, 0, 0, 760, 0, 0, 0, 0, 0, 0, 0, 360, 283, 1403
"/home/mueller/codes/moris/projects/FEM/INT/test/UT_FEM_IWG_Diffusion_Bulk.cpp", "C++", 0, 0, 0, 0, 0, 459, 0, 0, 0, 0, 0, 0, 0, 302, 110, 871
"/home/mueller/codes/moris/projects/FEM/INT/test/UT_FEM_IWG_Diffusion_Dirichlet.cpp", "C++", 0, 0, 0, 0, 0, 307, 0, 0, 0, 0, 0, 0, 0, 139, 111, 557
"/home/mueller/codes/moris/projects/FEM/INT/test/UT_FEM_IWG_Diffusion_Ghost.cpp", "C++", 0, 0, 0, 0, 0, 195, 0, 0, 0, 0, 0, 0, 0, 103, 66, 364
"/home/mueller/codes/moris/projects/FEM/INT/test/UT_FEM_IWG_Diffusion_Interface.cpp", "C++", 0, 0, 0, 0, 0, 230, 0, 0, 0, 0, 0, 0, 0, 104, 76, 410
"/home/mueller/codes/moris/projects/FEM/INT/test/UT_FEM_IWG_Diffusion_Phase_Change_Bulk.cpp", "C++", 0, 0, 0, 0, 0, 228, 0, 0, 0, 0, 0, 0, 0, 90, 70, 388
"/home/mueller/codes/moris/projects/FEM/INT/test/UT_FEM_IWG_Diffusion_Robin_Nitsche.cpp", "C++", 0, 0, 0, 0, 0, 317, 0, 0, 0, 0, 0, 0, 0, 141, 112, 570
"/home/mueller/codes/moris/projects/FEM/INT/test/UT_FEM_IWG_Diffusion_Virtual_Work_Ghost.cpp", "C++", 0, 0, 0, 0, 0, 214, 0, 0, 0, 0, 0, 0, 0, 104, 73, 391
"/home/mueller/codes/moris/projects/FEM/INT/test/UT_FEM_IWG_FS_Struc_Interface.cpp", "C++", 0, 0, 0, 0, 0, 225, 0, 0, 0, 0, 0, 0, 0, 106, 81, 412
"/home/mueller/codes/moris/projects/FEM/INT/test/UT_FEM_IWG_GGLS_Diffusion_Phase_Change.cpp", "C++", 0, 0, 0, 0, 0, 243, 0, 0, 0, 0, 0, 0, 0, 94, 75, 412
"/home/mueller/codes/moris/projects/FEM/INT/test/UT_FEM_IWG_Ghost_Analytic.cpp", "C++", 0, 0, 0, 0, 0, 178, 0, 0, 0, 0, 0, 0, 0, 92, 72, 342
"/home/mueller/codes/moris/projects/FEM/INT/test/UT_FEM_IWG_Incompressible_NS_Dirichlet_Nitsche.cpp", "C++", 0, 0, 0, 0, 0, 861, 0, 0, 0, 0, 0, 0, 0, 367, 296, 1524
"/home/mueller/codes/moris/projects/FEM/INT/test/UT_FEM_IWG_Incompressible_NS_Interface_Nitsche.cpp", "C++", 0, 0, 0, 0, 0, 1077, 0, 0, 0, 0, 0, 0, 0, 440, 327, 1844
"/home/mueller/codes/moris/projects/FEM/INT/test/UT_FEM_IWG_Incompressible_NS_Pressure_Bulk.cpp", "C++", 0, 0, 0, 0, 0, 476, 0, 0, 0, 0, 0, 0, 0, 220, 155, 851
"/home/mueller/codes/moris/projects/FEM/INT/test/UT_FEM_IWG_Incompressible_NS_Pressure_Ghost.cpp", "C++", 0, 0, 0, 0, 0, 235, 0, 0, 0, 0, 0, 0, 0, 111, 72, 418
"/home/mueller/codes/moris/projects/FEM/INT/test/UT_FEM_IWG_Incompressible_NS_Pressure_Neumann.cpp", "C++", 0, 0, 0, 0, 0, 247, 0, 0, 0, 0, 0, 0, 0, 96, 80, 423
"/home/mueller/codes/moris/projects/FEM/INT/test/UT_FEM_IWG_Incompressible_NS_SlipBoundary_Nitsche.cpp", "C++", 0, 0, 0, 0, 0, 853, 0, 0, 0, 0, 0, 0, 0, 336, 319, 1508
"/home/mueller/codes/moris/projects/FEM/INT/test/UT_FEM_IWG_Incompressible_NS_Velocity_Bulk.cpp", "C++", 0, 0, 0, 0, 0, 910, 0, 0, 0, 0, 0, 0, 0, 437, 313, 1660
"/home/mueller/codes/moris/projects/FEM/INT/test/UT_FEM_IWG_Incompressible_NS_Velocity_Ghost.cpp", "C++", 0, 0, 0, 0, 0, 398, 0, 0, 0, 0, 0, 0, 0, 189, 135, 722
"/home/mueller/codes/moris/projects/FEM/INT/test/UT_FEM_IWG_L2_Damage_Bulk.cpp", "C++", 0, 0, 0, 0, 0, 262, 0, 0, 0, 0, 0, 0, 0, 102, 85, 449
"/home/mueller/codes/moris/projects/FEM/INT/test/UT_FEM_IWG_Nonlocal_Interface.cpp", "C++", 0, 0, 0, 0, 0, 248, 0, 0, 0, 0, 0, 0, 0, 103, 76, 427
"/home/mueller/codes/moris/projects/FEM/INT/test/UT_FEM_IWG_Spalart_Allmaras_Turbulence_Bulk.cpp", "C++", 0, 0, 0, 0, 0, 1447, 0, 0, 0, 0, 0, 0, 0, 478, 411, 2336
"/home/mueller/codes/moris/projects/FEM/INT/test/UT_FEM_IWG_Spalart_Allmaras_Turbulence_Dirichlet.cpp", "C++", 0, 0, 0, 0, 0, 892, 0, 0, 0, 0, 0, 0, 0, 361, 304, 1557
"/home/mueller/codes/moris/projects/FEM/INT/test/UT_FEM_IWG_Spalart_Allmaras_Turbulence_Interface.cpp", "C++", 0, 0, 0, 0, 0, 853, 0, 0, 0, 0, 0, 0, 0, 380, 279, 1512
"/home/mueller/codes/moris/projects/FEM/INT/test/UT_FEM_IWG_Struc_Linear_Axisymmetric_Bulk.cpp", "C++", 0, 0, 0, 0, 0, 326, 0, 0, 0, 0, 0, 0, 0, 162, 122, 610
"/home/mueller/codes/moris/projects/FEM/INT/test/UT_FEM_IWG_Struc_Linear_Axisymmetric_Dirichlet.cpp", "C++", 0, 0, 0, 0, 0, 1091, 0, 0, 0, 0, 0, 0, 0, 491, 406, 1988
"/home/mueller/codes/moris/projects/FEM/INT/test/UT_FEM_IWG_Struc_Linear_Axisymmetric_Interface.cpp", "C++", 0, 0, 0, 0, 0, 216, 0, 0, 0, 0, 0, 0, 0, 95, 73, 384
"/home/mueller/codes/moris/projects/FEM/INT/test/UT_FEM_IWG_Struc_Linear_Axisymmetric_Pressure_Bulk.cpp", "C++", 0, 0, 0, 0, 0, 180, 0, 0, 0, 0, 0, 0, 0, 88, 63, 331
"/home/mueller/codes/moris/projects/FEM/INT/test/UT_FEM_IWG_Struc_Linear_Axisymmetric_Pressure_Dirichlet.cpp", "C++", 0, 0, 0, 0, 0, 383, 0, 0, 0, 0, 0, 0, 0, 173, 137, 693
"/home/mueller/codes/moris/projects/FEM/INT/test/UT_FEM_IWG_Struc_Linear_Axisymmetric_Virtual_Work_Ghost.cpp", "C++", 0, 0, 0, 0, 0, 213, 0, 0, 0, 0, 0, 0, 0, 99, 74, 386
"/home/mueller/codes/moris/projects/FEM/INT/test/UT_FEM_IWG_Struc_Linear_Bulk.cpp", "C++", 0, 0, 0, 0, 0, 506, 0, 0, 0, 0, 0, 0, 0, 245, 180, 931
"/home/mueller/codes/moris/projects/FEM/INT/test/UT_FEM_IWG_Struc_Linear_Contact_Nitsche.cpp", "C++", 0, 0, 0, 0, 0, 239, 0, 0, 0, 0, 0, 0, 0, 105, 81, 425
"/home/mueller/codes/moris/projects/FEM/INT/test/UT_FEM_IWG_Struc_Linear_Dirichlet.cpp", "C++", 0, 0, 0, 0, 0, 1299, 0, 0, 0, 0, 0, 0, 0, 583, 469, 2351
"/home/mueller/codes/moris/projects/FEM/INT/test/UT_FEM_IWG_Struc_Linear_Ghost.cpp", "C++", 0, 0, 0, 0, 0, 190, 0, 0, 0, 0, 0, 0, 0, 100, 64, 354
"/home/mueller/codes/moris/projects/FEM/INT/test/UT_FEM_IWG_Struc_Linear_Interface.cpp", "C++", 0, 0, 0, 0, 0, 469, 0, 0, 0, 0, 0, 0, 0, 187, 144, 800
"/home/mueller/codes/moris/projects/FEM/INT/test/UT_FEM_IWG_Struc_Linear_Interface_SLM_Constraint_and_Mixed.cpp", "C++", 0, 0, 0, 0, 0, 379, 0, 0, 0, 0, 0, 0, 0, 182, 134, 695
"/home/mueller/codes/moris/projects/FEM/INT/test/UT_FEM_IWG_Struc_Linear_Interface_SLM_L2.cpp", "C++", 0, 0, 0, 0, 0, 184, 0, 0, 0, 0, 0, 0, 0, 95, 66, 345
"/home/mueller/codes/moris/projects/FEM/INT/test/UT_FEM_IWG_Struc_Linear_Pressure_Bulk.cpp", "C++", 0, 0, 0, 0, 0, 181, 0, 0, 0, 0, 0, 0, 0, 89, 62, 332
"/home/mueller/codes/moris/projects/FEM/INT/test/UT_FEM_IWG_Struc_Linear_Pressure_Dirichlet.cpp", "C++", 0, 0, 0, 0, 0, 385, 0, 0, 0, 0, 0, 0, 0, 175, 135, 695
"/home/mueller/codes/moris/projects/FEM/INT/test/UT_FEM_IWG_Struc_Linear_Virtual_Work_Ghost.cpp", "C++", 0, 0, 0, 0, 0, 213, 0, 0, 0, 0, 0, 0, 0, 100, 73, 386
"/home/mueller/codes/moris/projects/FEM/INT/test/UT_FEM_IWG_Struc_Nonlinear_Bulk.cpp", "C++", 0, 0, 0, 0, 0, 213, 0, 0, 0, 0, 0, 0, 0, 93, 76, 382
"/home/mueller/codes/moris/projects/FEM/INT/test/UT_FEM_IWG_Struc_Nonlinear_Dirichlet.cpp", "C++", 0, 0, 0, 0, 0, 245, 0, 0, 0, 0, 0, 0, 0, 101, 89, 435
"/home/mueller/codes/moris/projects/FEM/INT/test/UT_FEM_IWG_Struc_Nonlinear_Geometric_Stiffness.cpp", "C++", 0, 0, 0, 0, 0, 173, 0, 0, 0, 0, 0, 0, 0, 82, 61, 316
"/home/mueller/codes/moris/projects/FEM/INT/test/UT_FEM_IWG_Struc_Nonlinear_Interface.cpp", "C++", 0, 0, 0, 0, 0, 261, 0, 0, 0, 0, 0, 0, 0, 101, 87, 449
"/home/mueller/codes/moris/projects/FEM/INT/test/UT_FEM_IWG_Time_Continuity_Dof.cpp", "C++", 0, 0, 0, 0, 0, 260, 0, 0, 0, 0, 0, 0, 0, 93, 96, 449
"/home/mueller/codes/moris/projects/FEM/INT/test/UT_FEM_Input.cpp", "C++", 0, 0, 0, 0, 0, 4, 0, 0, 0, 0, 0, 0, 0, 10, 2, 16
"/home/mueller/codes/moris/projects/FEM/INT/test/UT_FEM_Integration_Rule.cpp", "C++", 0, 0, 0, 0, 0, 299, 0, 0, 0, 0, 0, 0, 0, 127, 108, 534
"/home/mueller/codes/moris/projects/FEM/INT/test/UT_FEM_Property.cpp", "C++", 0, 0, 0, 0, 0, 364, 0, 0, 0, 0, 0, 0, 0, 109, 112, 585
"/home/mueller/codes/moris/projects/FEM/INT/test/UT_FEM_SP.cpp", "C++", 0, 0, 0, 0, 0, 11, 0, 0, 0, 0, 0, 0, 0, 12, 5, 28
"/home/mueller/codes/moris/projects/FEM/INT/test/UT_FEM_SP_Crosswind.cpp", "C++", 0, 0, 0, 0, 0, 158, 0, 0, 0, 0, 0, 0, 0, 85, 60, 303
"/home/mueller/codes/moris/projects/FEM/INT/test/UT_FEM_SP_Fluid.cpp", "C++", 0, 0, 0, 0, 0, 323, 0, 0, 0, 0, 0, 0, 0, 111, 95, 529
"/home/mueller/codes/moris/projects/FEM/INT/test/UT_FEM_SP_YZBeta_Advection.cpp", "C++", 0, 0, 0, 0, 0, 201, 0, 0, 0, 0, 0, 0, 0, 86, 69, 356
"/home/mueller/codes/moris/projects/FEM/INT/test/UT_FEM_Set.cpp", "C++", 0, 0, 0, 0, 0, 27, 0, 0, 0, 0, 0, 0, 0, 759, 10, 796
"/home/mueller/codes/moris/projects/FEM/INT/test/cl_FEM_Double_Sided_Sideset_Test.cpp", "C++", 0, 0, 0, 0, 0, 874, 0, 0, 0, 0, 0, 0, 0, 178, 180, 1232
"/home/mueller/codes/moris/projects/FEM/INT/test/cl_FEM_Element_Creation.cpp", "C++", 0, 0, 0, 0, 0, 147, 0, 0, 0, 0, 0, 0, 0, 263, 68, 478
"/home/mueller/codes/moris/projects/FEM/INT/test/cl_FEM_Element_Diffusion_Test.cpp", "C++", 0, 0, 0, 0, 0, 250, 0, 0, 0, 0, 0, 0, 0, 94, 87, 431
"/home/mueller/codes/moris/projects/FEM/INT/test/cl_FEM_Element_HJ_Test.cpp", "C++", 0, 0, 0, 0, 0, 0, 0, 0, 0, 0, 0, 0, 0, 331, 2, 333
"/home/mueller/codes/moris/projects/FEM/INT/test/cl_FEM_Element_L2.cpp", "C++", 0, 0, 0, 0, 0, 54, 0, 0, 0, 0, 0, 0, 0, 1257, 18, 1329
"/home/mueller/codes/moris/projects/FEM/INT/test/cl_FEM_Field_IWG_Hamilton_Jacobi.cpp", "C++", 0, 0, 0, 0, 0, 143, 0, 0, 0, 0, 0, 0, 0, 103, 41, 287
"/home/mueller/codes/moris/projects/FEM/INT/test/cl_FEM_Field_IWG_Hamilton_Jacobi2.cpp", "C++", 0, 0, 0, 0, 0, 128, 0, 0, 0, 0, 0, 0, 0, 89, 42, 259
"/home/mueller/codes/moris/projects/FEM/INT/test/cl_FEM_Field_IWG_Helmholtz.cpp", "C++", 0, 0, 0, 0, 0, 86, 0, 0, 0, 0, 0, 0, 0, 225, 33, 344
"/home/mueller/codes/moris/projects/FEM/INT/test/cl_FEM_Field_IWG_Helmholtz2.cpp", "C++", 0, 0, 0, 0, 0, 122, 0, 0, 0, 0, 0, 0, 0, 58, 40, 220
"/home/mueller/codes/moris/projects/FEM/INT/test/cl_FEM_Field_IWG_LSNormal.cpp", "C++", 0, 0, 0, 0, 0, 147, 0, 0, 0, 0, 0, 0, 0, 64, 44, 255
"/home/mueller/codes/moris/projects/FEM/INT/test/cl_FEM_Field_IWG_Olsson_CLS.cpp", "C++", 0, 0, 0, 0, 0, 146, 0, 0, 0, 0, 0, 0, 0, 125, 44, 315
"/home/mueller/codes/moris/projects/FEM/INT/test/cl_FEM_Field_Interpolator_Test.cpp", "C++", 0, 0, 0, 0, 0, 361, 0, 0, 0, 0, 0, 0, 0, 123, 95, 579
"/home/mueller/codes/moris/projects/FEM/INT/test/cl_FEM_Geometry_Interpolator_3rd_Order_Derivs_Test.cpp", "C++", 0, 0, 0, 0, 0, 642, 0, 0, 0, 0, 0, 0, 0, 110, 107, 859
"/home/mueller/codes/moris/projects/FEM/INT/test/cl_FEM_Geometry_Interpolator_Test.cpp", "C++", 0, 0, 0, 0, 0, 577, 0, 0, 0, 0, 0, 0, 0, 106, 108, 791
"/home/mueller/codes/moris/projects/FEM/INT/test/cl_FEM_Integration_Mesh_Test.cpp", "C++", 0, 0, 0, 0, 0, 524, 0, 0, 0, 0, 0, 0, 0, 221, 214, 959
"/home/mueller/codes/moris/projects/FEM/INT/test/cl_FEM_Integration_Mesh_Test2.cpp", "C++", 0, 0, 0, 0, 0, 529, 0, 0, 0, 0, 0, 0, 0, 168, 163, 860
"/home/mueller/codes/moris/projects/FEM/INT/test/cl_FEM_Integrator.cpp", "C++", 0, 0, 0, 0, 0, 194, 0, 0, 0, 0, 0, 0, 0, 101, 99, 394
"/home/mueller/codes/moris/projects/FEM/INT/test/cl_FEM_Integrator_Test.cpp", "C++", 0, 0, 0, 0, 0, 156, 0, 0, 0, 0, 0, 0, 0, 47, 29, 232
"/home/mueller/codes/moris/projects/FEM/INT/test/cl_FEM_Interpolation_Function_Lagrange_Hex20.cpp", "C++", 0, 0, 0, 0, 0, 96, 0, 0, 0, 0, 0, 0, 0, 43, 47, 186
"/home/mueller/codes/moris/projects/FEM/INT/test/cl_FEM_Interpolation_Function_Lagrange_Hex27.cpp", "C++", 0, 0, 0, 0, 0, 141, 0, 0, 0, 0, 0, 0, 0, 57, 62, 260
"/home/mueller/codes/moris/projects/FEM/INT/test/cl_FEM_Interpolation_Function_Lagrange_Hex64.cpp", "C++", 0, 0, 0, 0, 0, 140, 0, 0, 0, 0, 0, 0, 0, 60, 59, 259
"/home/mueller/codes/moris/projects/FEM/INT/test/cl_FEM_Interpolation_Function_Lagrange_Hex8.cpp", "C++", 0, 0, 0, 0, 0, 141, 0, 0, 0, 0, 0, 0, 0, 57, 61, 259
"/home/mueller/codes/moris/projects/FEM/INT/test/cl_FEM_Interpolation_Function_Lagrange_Quad16.cpp", "C++", 0, 0, 0, 0, 0, 131, 0, 0, 0, 0, 0, 0, 0, 59, 58, 248
"/home/mueller/codes/moris/projects/FEM/INT/test/cl_FEM_Interpolation_Function_Lagrange_Quad4.cpp", "C++", 0, 0, 0, 0, 0, 130, 0, 0, 0, 0, 0, 0, 0, 56, 60, 246
"/home/mueller/codes/moris/projects/FEM/INT/test/cl_FEM_Interpolation_Function_Lagrange_Quad8.cpp", "C++", 0, 0, 0, 0, 0, 94, 0, 0, 0, 0, 0, 0, 0, 44, 47, 185
"/home/mueller/codes/moris/projects/FEM/INT/test/cl_FEM_Interpolation_Function_Lagrange_Quad9.cpp", "C++", 0, 0, 0, 0, 0, 131, 0, 0, 0, 0, 0, 0, 0, 56, 60, 247
"/home/mueller/codes/moris/projects/FEM/INT/test/cl_FEM_Interpolation_Integration_Lagrange_Tri_Tet.cpp", "C++", 0, 0, 0, 0, 0, 1026, 0, 0, 0, 0, 0, 0, 0, 456, 452, 1934
"/home/mueller/codes/moris/projects/FEM/INT/test/cl_FEM_Side_Geometry_Interpolation_Test.cpp", "C++", 0, 0, 0, 0, 0, 569, 0, 0, 0, 0, 0, 0, 0, 201, 113, 883
"/home/mueller/codes/moris/projects/FEM/INT/test/cl_FEM_Time_Side_Geometry_Interpolation_Test.cpp", "C++", 0, 0, 0, 0, 0, 377, 0, 0, 0, 0, 0, 0, 0, 114, 81, 572
"/home/mueller/codes/moris/projects/FEM/INT/test/matlab/1D_compressible_flow/Nitsche.m", "Objective-C", 0, 103, 0, 0, 0, 0, 0, 0, 0, 0, 0, 0, 0, 0, 30, 133
"/home/mueller/codes/moris/projects/FEM/INT/test/matlab/1D_compressible_flow/assembly_ct.m", "Objective-C", 0, 91, 0, 0, 0, 0, 0, 0, 0, 0, 0, 0, 0, 0, 29, 120
"/home/mueller/codes/moris/projects/FEM/INT/test/matlab/1D_compressible_flow/nitsche_func.m", "Objective-C", 0, 27, 0, 0, 0, 0, 0, 0, 0, 0, 0, 0, 0, 0, 5, 32
"/home/mueller/codes/moris/projects/FEM/INT/test/matlab/1D_compressible_flow/ondim_func.m", "Objective-C", 0, 27, 0, 0, 0, 0, 0, 0, 0, 0, 0, 0, 0, 0, 5, 32
"/home/mueller/codes/moris/projects/FEM/INT/test/matlab/1D_compressible_flow/ondim_tc_func.m", "Objective-C", 0, 27, 0, 0, 0, 0, 0, 0, 0, 0, 0, 0, 0, 0, 5, 32
"/home/mueller/codes/moris/projects/FEM/INT/test/matlab/1D_compressible_flow/onedim.m", "Objective-C", 0, 202, 0, 0, 0, 0, 0, 0, 0, 0, 0, 0, 0, 0, 59, 261
"/home/mueller/codes/moris/projects/FEM/INT/test/matlab/1D_compressible_flow/onedim_oneelem.m", "Objective-C", 0, 207, 0, 0, 0, 0, 0, 0, 0, 0, 0, 0, 0, 0, 60, 267
"/home/mueller/codes/moris/projects/FEM/INT/test/matlab/1D_compressible_flow/read_matrices.m", "Objective-C", 0, 30, 0, 0, 0, 0, 0, 0, 0, 0, 0, 0, 0, 0, 8, 38
"/home/mueller/codes/moris/projects/FEM/INT/test/matlab/1D_compressible_flow/shape_func.m", "Objective-C", 0, 46, 0, 0, 0, 0, 0, 0, 0, 0, 0, 0, 0, 0, 14, 60
"/home/mueller/codes/moris/projects/FEM/INT/test/matlab/ghost_and_higher_order_derivatives/convert_from_condensed_index.m", "Objective-C", 0, 36, 0, 0, 0, 0, 0, 0, 0, 0, 0, 0, 0, 0, 15, 51
"/home/mueller/codes/moris/projects/FEM/INT/test/matlab/ghost_and_higher_order_derivatives/convert_from_double_index.m", "Objective-C", 0, 36, 0, 0, 0, 0, 0, 0, 0, 0, 0, 0, 0, 0, 16, 52
"/home/mueller/codes/moris/projects/FEM/INT/test/matlab/ghost_and_higher_order_derivatives/convert_from_trippel_index.m", "Objective-C", 0, 40, 0, 0, 0, 0, 0, 0, 0, 0, 0, 0, 0, 0, 16, 56
"/home/mueller/codes/moris/projects/FEM/INT/test/matlab/ghost_and_higher_order_derivatives/convert_to_condensed_index.m", "Objective-C", 0, 35, 0, 0, 0, 0, 0, 0, 0, 0, 0, 0, 0, 0, 14, 49
"/home/mueller/codes/moris/projects/FEM/INT/test/matlab/ghost_and_higher_order_derivatives/convert_to_double_index.m", "Objective-C", 0, 40, 0, 0, 0, 0, 0, 0, 0, 0, 0, 0, 0, 0, 13, 53
"/home/mueller/codes/moris/projects/FEM/INT/test/matlab/ghost_and_higher_order_derivatives/convert_to_trippel_index.m", "Objective-C", 0, 42, 0, 0, 0, 0, 0, 0, 0, 0, 0, 0, 0, 0, 13, 55
"/home/mueller/codes/moris/projects/FEM/INT/test/matlab/ghost_and_higher_order_derivatives/double_dot.m", "Objective-C", 0, 26, 0, 0, 0, 0, 0, 0, 0, 0, 0, 0, 0, 0, 8, 34
"/home/mueller/codes/moris/projects/FEM/INT/test/matlab/ghost_and_higher_order_derivatives/generate_geometric_jacobians.m", "Objective-C", 0, 169, 0, 0, 0, 0, 0, 0, 0, 0, 0, 0, 0, 0, 50, 219
"/home/mueller/codes/moris/projects/FEM/INT/test/matlab/ghost_and_higher_order_derivatives/generate_ghost_test.m", "Objective-C", 0, 122, 0, 0, 0, 0, 0, 0, 0, 0, 0, 0, 0, 0, 36, 158
"/home/mueller/codes/moris/projects/FEM/INT/test/matlab/ghost_and_higher_order_derivatives/get_gauss_points.m", "Objective-C", 0, 71, 0, 0, 0, 0, 0, 0, 0, 0, 0, 0, 0, 0, 17, 88
"/home/mueller/codes/moris/projects/FEM/INT/test/matlab/ghost_and_higher_order_derivatives/get_multi_variate_polynomial.m", "Objective-C", 0, 34, 0, 0, 0, 0, 0, 0, 0, 0, 0, 0, 0, 0, 11, 45
"/home/mueller/codes/moris/projects/FEM/INT/test/matlab/ghost_and_higher_order_derivatives/get_nodal_points.m", "Objective-C", 0, 165, 0, 0, 0, 0, 0, 0, 0, 0, 0, 0, 0, 0, 17, 182
"/home/mueller/codes/moris/projects/FEM/INT/test/matlab/ghost_and_higher_order_derivatives/load_geometric_jacobians.m", "Objective-C", 0, 34, 0, 0, 0, 0, 0, 0, 0, 0, 0, 0, 0, 0, 13, 47
"/home/mueller/codes/moris/projects/FEM/INT/test/matlab/ghost_and_higher_order_derivatives/load_ghost_test.m", "Objective-C", 0, 31, 0, 0, 0, 0, 0, 0, 0, 0, 0, 0, 0, 0, 12, 43
"/home/mueller/codes/moris/projects/FEM/INT/test/matlab/ghost_and_higher_order_derivatives/print_matrix.m", "Objective-C", 0, 34, 0, 0, 0, 0, 0, 0, 0, 0, 0, 0, 0, 0, 18, 52
"/home/mueller/codes/moris/projects/FEM/INT/test/matlab/integrator/integrate_poly_hex.m", "Objective-C", 0, 104, 0, 0, 0, 0, 0, 0, 0, 0, 0, 0, 0, 0, 32, 136
"/home/mueller/codes/moris/projects/FEM/INT/test/matlab/integrator/integrate_poly_quad.m", "Objective-C", 0, 88, 0, 0, 0, 0, 0, 0, 0, 0, 0, 0, 0, 0, 28, 116
"/home/mueller/codes/moris/projects/FEM/INT/test/matlab/integrator/save_matrix_to_binary.m", "Objective-C", 0, 25, 0, 0, 0, 0, 0, 0, 0, 0, 0, 0, 0, 0, 7, 32
"/home/mueller/codes/moris/projects/FEM/INT/test/test_main.cpp", "C++", 0, 0, 0, 0, 0, 22, 0, 0, 0, 0, 0, 0, 0, 17, 15, 54
"/home/mueller/codes/moris/projects/FEM/MDL/CMakeLists.txt", "CMake", 0, 0, 0, 0, 0, 0, 17, 0, 0, 0, 0, 0, 0, 0, 5, 22
"/home/mueller/codes/moris/projects/FEM/MDL/src/CMakeLists.txt", "CMake", 0, 0, 0, 0, 0, 0, 99, 0, 0, 0, 0, 0, 0, 0, 24, 123
"/home/mueller/codes/moris/projects/FEM/MDL/src/cl_MDL_Mesh_Model_Helper.cpp", "C++", 0, 0, 0, 0, 0, 162, 0, 0, 0, 0, 0, 0, 0, 99, 71, 332
"/home/mueller/codes/moris/projects/FEM/MDL/src/cl_MDL_Mesh_Model_Helper.hpp", "C++", 0, 0, 0, 0, 0, 70, 0, 0, 0, 0, 0, 0, 0, 26, 43, 139
"/home/mueller/codes/moris/projects/FEM/MDL/src/cl_MDL_Model.cpp", "C++", 0, 0, 0, 0, 0, 340, 0, 0, 0, 0, 0, 0, 0, 135, 130, 605
"/home/mueller/codes/moris/projects/FEM/MDL/src/cl_MDL_Model.hpp", "C++", 0, 0, 0, 0, 0, 150, 0, 0, 0, 0, 0, 0, 0, 145, 64, 359
"/home/mueller/codes/moris/projects/FEM/MDL/test/CMakeLists.txt", "CMake", 0, 0, 0, 0, 0, 0, 78, 0, 0, 0, 0, 0, 0, 0, 14, 92
"/home/mueller/codes/moris/projects/FEM/MDL/test/MDL_Test_Proxys/cl_MDL_Element_Proxy.hpp", "C++", 0, 0, 0, 0, 0, 11, 0, 0, 0, 0, 0, 0, 0, 114, 8, 133
"/home/mueller/codes/moris/projects/FEM/MDL/test/MDL_Test_Proxys/cl_MDL_Node_Proxy.hpp", "C++", 0, 0, 0, 0, 0, 22, 0, 0, 0, 0, 0, 0, 0, 14, 14, 50
"/home/mueller/codes/moris/projects/FEM/MDL/test/UT_MDL_FEM_Benchmark.cpp", "C++", 0, 0, 0, 0, 0, 1259, 0, 0, 0, 0, 0, 0, 0, 193, 451, 1903
"/home/mueller/codes/moris/projects/FEM/MDL/test/UT_MDL_FEM_Benchmark2.cpp", "C++", 0, 0, 0, 0, 0, 943, 0, 0, 0, 0, 0, 0, 0, 218, 294, 1455
"/home/mueller/codes/moris/projects/FEM/MDL/test/UT_MDL_FEM_DQ_Dp.cpp", "C++", 0, 0, 0, 0, 0, 80, 0, 0, 0, 0, 0, 0, 0, 337, 22, 439
"/home/mueller/codes/moris/projects/FEM/MDL/test/UT_MDL_Fluid_Benchmark.cpp", "C++", 0, 0, 0, 0, 0, 897, 0, 0, 0, 0, 0, 0, 0, 1395, 236, 2528
"/home/mueller/codes/moris/projects/FEM/MDL/test/UT_MDL_Gyroid.cpp", "C++", 0, 0, 0, 0, 0, 357, 0, 0, 0, 0, 0, 0, 0, 62, 114, 533
"/home/mueller/codes/moris/projects/FEM/MDL/test/UT_MDL_Mesh_Model_Helper.cpp", "C++", 0, 0, 0, 0, 0, 66, 0, 0, 0, 0, 0, 0, 0, 15, 23, 104
"/home/mueller/codes/moris/projects/FEM/MDL/test/UT_MDL_Sensitivity_Test.cpp", "C++", 0, 0, 0, 0, 0, 342, 0, 0, 0, 0, 0, 0, 0, 78, 98, 518
"/home/mueller/codes/moris/projects/FEM/MDL/test/UT_MDL_Transient.cpp", "C++", 0, 0, 0, 0, 0, 397, 0, 0, 0, 0, 0, 0, 0, 97, 131, 625
"/home/mueller/codes/moris/projects/FEM/MDL/test/UT_MDL_XTK_DiffusionElement.cpp", "C++", 0, 0, 0, 0, 0, 232, 0, 0, 0, 0, 0, 0, 0, 45, 72, 349
"/home/mueller/codes/moris/projects/FEM/MDL/test/UT_MDL_XTK_HMR_2_Material_Bar_Plane.cpp", "C++", 0, 0, 0, 0, 0, 276, 0, 0, 0, 0, 0, 0, 0, 80, 98, 454
"/home/mueller/codes/moris/projects/FEM/MDL/test/UT_MDL_XTK_HMR_4_Material_Bar_Plane_Hole.cpp", "C++", 0, 0, 0, 0, 0, 795, 0, 0, 0, 0, 0, 0, 0, 120, 214, 1129
"/home/mueller/codes/moris/projects/FEM/MDL/test/UT_MDL_XTK_HMR_DiffusionElement.cpp", "C++", 0, 0, 0, 0, 0, 815, 0, 0, 0, 0, 0, 0, 0, 119, 312, 1246
"/home/mueller/codes/moris/projects/FEM/MDL/test/UT_MDL_XTK_HMR_Linear_Struc_2D.cpp", "C++", 0, 0, 0, 0, 0, 684, 0, 0, 0, 0, 0, 0, 0, 384, 228, 1296
"/home/mueller/codes/moris/projects/FEM/MDL/test/UT_MDL_XTK_HMR_Linear_Struc_Contact_2D.cpp", "C++", 0, 0, 0, 0, 0, 409, 0, 0, 0, 0, 0, 0, 0, 100, 125, 634
"/home/mueller/codes/moris/projects/FEM/MDL/test/UT_MDL_XTK_HMR_Linear_Struc_Incompressible.cpp", "C++", 0, 0, 0, 0, 0, 367, 0, 0, 0, 0, 0, 0, 0, 78, 93, 538
"/home/mueller/codes/moris/projects/FEM/MDL/test/UT_MDL_XTK_HMR_Linear_Struc_Thick_Wall_PV.cpp", "C++", 0, 0, 0, 0, 0, 414, 0, 0, 0, 0, 0, 0, 0, 101, 140, 655
"/home/mueller/codes/moris/projects/FEM/MDL/test/UT_MDL_XTK_HMR_Material_Void_Bar_Plane.cpp", "C++", 0, 0, 0, 0, 0, 235, 0, 0, 0, 0, 0, 0, 0, 52, 87, 374
"/home/mueller/codes/moris/projects/FEM/MDL/test/UT_MDL_XTK_HMR_Symm_BCs.cpp", "C++", 0, 0, 0, 0, 0, 245, 0, 0, 0, 0, 0, 0, 0, 48, 85, 378
"/home/mueller/codes/moris/projects/FEM/MDL/test/UT_MDL_XTK_HMR_ThermoElastic_2D.cpp", "C++", 0, 0, 0, 0, 0, 614, 0, 0, 0, 0, 0, 0, 0, 670, 194, 1478
"/home/mueller/codes/moris/projects/FEM/MDL/test/UT_XFEM_Measure.cpp", "C++", 0, 0, 0, 0, 0, 305, 0, 0, 0, 0, 0, 0, 0, 55, 106, 466
"/home/mueller/codes/moris/projects/FEM/MDL/test/cl_MDL_DiffusionElement_Cut_Mesh.cpp", "C++", 0, 0, 0, 0, 0, 280, 0, 0, 0, 0, 0, 0, 0, 93, 99, 472
"/home/mueller/codes/moris/projects/FEM/MDL/test/cl_MDL_DiffusionElement_Mesh_Interaction_Test.cpp", "C++", 0, 0, 0, 0, 0, 765, 0, 0, 0, 0, 0, 0, 0, 178, 308, 1251
"/home/mueller/codes/moris/projects/FEM/MDL/test/cl_MDL_Diffusion_Phase_Change.cpp", "C++", 0, 0, 0, 0, 0, 121, 0, 0, 0, 0, 0, 0, 0, 29, 44, 194
"/home/mueller/codes/moris/projects/FEM/MDL/test/test_main.cpp", "C++", 0, 0, 0, 0, 0, 22, 0, 0, 0, 0, 0, 0, 0, 14, 10, 46
"/home/mueller/codes/moris/projects/FEM/MDL/tutorials/CMakeLists.txt", "CMake", 0, 0, 0, 0, 0, 0, 67, 0, 0, 0, 0, 0, 0, 0, 12, 79
"/home/mueller/codes/moris/projects/FEM/MDL/tutorials/fn_properties_and_constitutive_model.hpp", "C++", 0, 0, 0, 0, 0, 106, 0, 0, 0, 0, 0, 0, 0, 9, 25, 140
"/home/mueller/codes/moris/projects/FEM/MDL/tutorials/tutorial_NASA.cpp", "C++", 0, 0, 0, 0, 0, 336, 0, 0, 0, 0, 0, 0, 0, 51, 96, 483
"/home/mueller/codes/moris/projects/FEM/MSI/CMakeLists.txt", "CMake", 0, 0, 0, 0, 0, 0, 15, 0, 0, 0, 0, 0, 0, 0, 6, 21
"/home/mueller/codes/moris/projects/FEM/MSI/src/CMakeLists.txt", "CMake", 0, 0, 0, 0, 0, 0, 114, 0, 0, 0, 0, 0, 0, 0, 24, 138
"/home/mueller/codes/moris/projects/FEM/MSI/src/cl_MSI_Adof.hpp", "C++", 0, 0, 0, 0, 0, 69, 0, 0, 0, 0, 0, 0, 0, 10, 20, 99
"/home/mueller/codes/moris/projects/FEM/MSI/src/cl_MSI_Design_Variable_Interface.cpp", "C++", 0, 0, 0, 0, 0, 35, 0, 0, 0, 0, 0, 0, 0, 14, 12, 61
"/home/mueller/codes/moris/projects/FEM/MSI/src/cl_MSI_Design_Variable_Interface.hpp", "C++", 0, 0, 0, 0, 0, 99, 0, 0, 0, 0, 0, 0, 0, 97, 52, 248
"/home/mueller/codes/moris/projects/FEM/MSI/src/cl_MSI_Dof_Manager.cpp", "C++", 0, 0, 0, 0, 0, 784, 0, 0, 0, 0, 0, 0, 0, 203, 261, 1248
"/home/mueller/codes/moris/projects/FEM/MSI/src/cl_MSI_Dof_Manager.hpp", "C++", 0, 0, 0, 0, 0, 168, 0, 0, 0, 0, 0, 0, 0, 175, 81, 424
"/home/mueller/codes/moris/projects/FEM/MSI/src/cl_MSI_Element_Proxy.hpp", "C++", 0, 0, 0, 0, 0, 33, 0, 0, 0, 0, 0, 0, 0, 33, 12, 78
"/home/mueller/codes/moris/projects/FEM/MSI/src/cl_MSI_Equation_Model.cpp", "C++", 0, 0, 0, 0, 0, 120, 0, 0, 0, 0, 0, 0, 0, 125, 50, 295
"/home/mueller/codes/moris/projects/FEM/MSI/src/cl_MSI_Equation_Model.hpp", "C++", 0, 0, 0, 0, 0, 267, 0, 0, 0, 0, 0, 0, 0, 319, 94, 680
"/home/mueller/codes/moris/projects/FEM/MSI/src/cl_MSI_Equation_Object.cpp", "C++", 0, 0, 0, 0, 0, 903, 0, 0, 0, 0, 0, 0, 0, 293, 317, 1513
"/home/mueller/codes/moris/projects/FEM/MSI/src/cl_MSI_Equation_Object.hpp", "C++", 0, 0, 0, 0, 0, 238, 0, 0, 0, 0, 0, 0, 0, 251, 77, 566
"/home/mueller/codes/moris/projects/FEM/MSI/src/cl_MSI_Equation_Set.cpp", "C++", 0, 0, 0, 0, 0, 338, 0, 0, 0, 0, 0, 0, 0, 104, 82, 524
"/home/mueller/codes/moris/projects/FEM/MSI/src/cl_MSI_Equation_Set.hpp", "C++", 0, 0, 0, 0, 0, 377, 0, 0, 0, 0, 0, 0, 0, 329, 110, 816
"/home/mueller/codes/moris/projects/FEM/MSI/src/cl_MSI_Model_Solver_Interface.cpp", "C++", 0, 0, 0, 0, 0, 154, 0, 0, 0, 0, 0, 0, 0, 37, 58, 249
"/home/mueller/codes/moris/projects/FEM/MSI/src/cl_MSI_Model_Solver_Interface.hpp", "C++", 0, 0, 0, 0, 0, 174, 0, 0, 0, 0, 0, 0, 0, 63, 76, 313
"/home/mueller/codes/moris/projects/FEM/MSI/src/cl_MSI_Multigrid.cpp", "C++", 0, 0, 0, 0, 0, 155, 0, 0, 0, 0, 0, 0, 0, 87, 70, 312
"/home/mueller/codes/moris/projects/FEM/MSI/src/cl_MSI_Multigrid.hpp", "C++", 0, 0, 0, 0, 0, 62, 0, 0, 0, 0, 0, 0, 0, 39, 25, 126
"/home/mueller/codes/moris/projects/FEM/MSI/src/cl_MSI_Node_Proxy.hpp", "C++", 0, 0, 0, 0, 0, 39, 0, 0, 0, 0, 0, 0, 0, 9, 16, 64
"/home/mueller/codes/moris/projects/FEM/MSI/src/cl_MSI_Pdof_Host.cpp", "C++", 0, 0, 0, 0, 0, 196, 0, 0, 0, 0, 0, 0, 0, 144, 61, 401
"/home/mueller/codes/moris/projects/FEM/MSI/src/cl_MSI_Pdof_Host.hpp", "C++", 0, 0, 0, 0, 0, 95, 0, 0, 0, 0, 0, 0, 0, 53, 32, 180
"/home/mueller/codes/moris/projects/FEM/MSI/src/cl_MSI_Solver_Interface.cpp", "C++", 0, 0, 0, 0, 0, 380, 0, 0, 0, 0, 0, 0, 0, 148, 147, 675
"/home/mueller/codes/moris/projects/FEM/MSI/src/cl_MSI_Solver_Interface.hpp", "C++", 0, 0, 0, 0, 0, 355, 0, 0, 0, 0, 0, 0, 0, 126, 154, 635
"/home/mueller/codes/moris/projects/FEM/MSI/src/fn_MSI_get_mesh_index_for_dof_type.hpp", "C++", 0, 0, 0, 0, 0, 153, 0, 0, 0, 0, 0, 0, 0, 11, 13, 177
"/home/mueller/codes/moris/projects/FEM/MSI/test/CMakeLists.txt", "CMake", 0, 0, 0, 0, 0, 0, 51, 0, 0, 0, 0, 0, 0, 0, 14, 65
"/home/mueller/codes/moris/projects/FEM/MSI/test/MSI_Test_Proxy/cl_MSI_Design_Variable_Interface_Proxy.cpp", "C++", 0, 0, 0, 0, 0, 5, 0, 0, 0, 0, 0, 0, 0, 9, 3, 17
"/home/mueller/codes/moris/projects/FEM/MSI/test/MSI_Test_Proxy/cl_MSI_Design_Variable_Interface_Proxy.hpp", "C++", 0, 0, 0, 0, 0, 234, 0, 0, 0, 0, 0, 0, 0, 35, 62, 331
"/home/mueller/codes/moris/projects/FEM/MSI/test/MSI_Test_Proxy/cl_MSI_Solver_Interface_Proxy.cpp", "C++", 0, 0, 0, 0, 0, 73, 0, 0, 0, 0, 0, 0, 0, 12, 29, 114
"/home/mueller/codes/moris/projects/FEM/MSI/test/MSI_Test_Proxy/cl_MSI_Solver_Interface_Proxy.hpp", "C++", 0, 0, 0, 0, 0, 215, 0, 0, 0, 0, 0, 0, 0, 47, 74, 336
"/home/mueller/codes/moris/projects/FEM/MSI/test/MSI_Test_Proxy/cl_MTK_Cell_Proxy.hpp", "C++", 0, 0, 0, 0, 0, 139, 0, 0, 0, 0, 0, 0, 0, 80, 44, 263
"/home/mueller/codes/moris/projects/FEM/MSI/test/MSI_Test_Proxy/cl_MTK_Cluster_Proxy.hpp", "C++", 0, 0, 0, 0, 0, 81, 0, 0, 0, 0, 0, 0, 0, 29, 37, 147
"/home/mueller/codes/moris/projects/FEM/MSI/test/MSI_Test_Proxy/cl_MTK_Vertex_Proxy.hpp", "C++", 0, 0, 0, 0, 0, 35, 0, 0, 0, 0, 0, 0, 0, 30, 16, 81
"/home/mueller/codes/moris/projects/FEM/MSI/test/UT_Equation_Object_Pdv.cpp", "C++", 0, 0, 0, 0, 0, 251, 0, 0, 0, 0, 0, 0, 0, 98, 80, 429
"/home/mueller/codes/moris/projects/FEM/MSI/test/UT_MSI_Element_Time_Sideset.cpp", "C++", 0, 0, 0, 0, 0, 371, 0, 0, 0, 0, 0, 0, 0, 144, 132, 647
"/home/mueller/codes/moris/projects/FEM/MSI/test/UT_Sparsity_Pattern.cpp", "C++", 0, 0, 0, 0, 0, 74, 0, 0, 0, 0, 0, 0, 0, 21, 18, 113
"/home/mueller/codes/moris/projects/FEM/MSI/test/cl_MSI_Dof_Manager_Test.cpp", "C++", 0, 0, 0, 0, 0, 690, 0, 0, 0, 0, 0, 0, 0, 96, 207, 993
"/home/mueller/codes/moris/projects/FEM/MSI/test/cl_MSI_Equation_Object_Test.cpp", "C++", 0, 0, 0, 0, 0, 364, 0, 0, 0, 0, 0, 0, 0, 82, 110, 556
"/home/mueller/codes/moris/projects/FEM/MSI/test/cl_MSI_Model_Solver_Interface_Test.cpp", "C++", 0, 0, 0, 0, 0, 71, 0, 0, 0, 0, 0, 0, 0, 475, 18, 564
"/home/mueller/codes/moris/projects/FEM/MSI/test/cl_MSI_Multigrid.cpp", "C++", 0, 0, 0, 0, 0, 137, 0, 0, 0, 0, 0, 0, 0, 117, 52, 306
"/home/mueller/codes/moris/projects/FEM/MSI/test/cl_MSI_Pdof_Host_Test.cpp", "C++", 0, 0, 0, 0, 0, 94, 0, 0, 0, 0, 0, 0, 0, 35, 49, 178
"/home/mueller/codes/moris/projects/FEM/MSI/test/cl_MSI_SpaceTime_Test.cpp", "C++", 0, 0, 0, 0, 0, 105, 0, 0, 0, 0, 0, 0, 0, 38, 38, 181
"/home/mueller/codes/moris/projects/FEM/MSI/test/test_main.cpp", "C++", 0, 0, 0, 0, 0, 22, 0, 0, 0, 0, 0, 0, 0, 16, 14, 52
"/home/mueller/codes/moris/projects/FEM/VIS/CMakeLists.txt", "CMake", 0, 0, 0, 0, 0, 0, 14, 0, 0, 0, 0, 0, 0, 0, 5, 19
"/home/mueller/codes/moris/projects/FEM/VIS/src/CMakeLists.txt", "CMake", 0, 0, 0, 0, 0, 0, 114, 0, 0, 0, 0, 0, 0, 0, 26, 140
"/home/mueller/codes/moris/projects/FEM/VIS/src/cl_VIS_Cell_Cluster_Visualization.cpp", "C++", 0, 0, 0, 0, 0, 110, 0, 0, 0, 0, 0, 0, 0, 32, 42, 184
"/home/mueller/codes/moris/projects/FEM/VIS/src/cl_VIS_Cell_Cluster_Visualization.hpp", "C++", 0, 0, 0, 0, 0, 67, 0, 0, 0, 0, 0, 0, 0, 43, 42, 152
"/home/mueller/codes/moris/projects/FEM/VIS/src/cl_VIS_Cell_Visualization.hpp", "C++", 0, 0, 0, 0, 0, 95, 0, 0, 0, 0, 0, 0, 0, 71, 38, 204
"/home/mueller/codes/moris/projects/FEM/VIS/src/cl_VIS_Factory.cpp", "C++", 0, 0, 0, 0, 0, 916, 0, 0, 0, 0, 0, 0, 0, 383, 362, 1661
"/home/mueller/codes/moris/projects/FEM/VIS/src/cl_VIS_Factory.hpp", "C++", 0, 0, 0, 0, 0, 114, 0, 0, 0, 0, 0, 0, 0, 113, 65, 292
"/home/mueller/codes/moris/projects/FEM/VIS/src/cl_VIS_Output_Manager.cpp", "C++", 0, 0, 0, 0, 0, 597, 0, 0, 0, 0, 0, 0, 0, 178, 224, 999
"/home/mueller/codes/moris/projects/FEM/VIS/src/cl_VIS_Output_Manager.hpp", "C++", 0, 0, 0, 0, 0, 153, 0, 0, 0, 0, 0, 0, 0, 46, 81, 280
"/home/mueller/codes/moris/projects/FEM/VIS/src/cl_VIS_Side_Cluster_Visualization.cpp", "C++", 0, 0, 0, 0, 0, 155, 0, 0, 0, 0, 0, 0, 0, 43, 57, 255
"/home/mueller/codes/moris/projects/FEM/VIS/src/cl_VIS_Side_Cluster_Visualization.hpp", "C++", 0, 0, 0, 0, 0, 80, 0, 0, 0, 0, 0, 0, 0, 49, 66, 195
"/home/mueller/codes/moris/projects/FEM/VIS/src/cl_VIS_Vertex_Visualization.hpp", "C++", 0, 0, 0, 0, 0, 75, 0, 0, 0, 0, 0, 0, 0, 60, 38, 173
"/home/mueller/codes/moris/projects/FEM/VIS/src/cl_VIS_Visualization_Mesh.cpp", "C++", 0, 0, 0, 0, 0, 416, 0, 0, 0, 0, 0, 0, 0, 86, 106, 608
"/home/mueller/codes/moris/projects/FEM/VIS/src/cl_VIS_Visualization_Mesh.hpp", "C++", 0, 0, 0, 0, 0, 121, 0, 0, 0, 0, 0, 0, 0, 188, 51, 360
"/home/mueller/codes/moris/projects/FEM/VIS/test/CMakeLists.txt", "CMake", 0, 0, 0, 0, 0, 0, 71, 0, 0, 0, 0, 0, 0, 0, 18, 89
"/home/mueller/codes/moris/projects/FEM/VIS/test/UT_VIS_Output_Dof.cpp", "C++", 0, 0, 0, 0, 0, 293, 0, 0, 0, 0, 0, 0, 0, 37, 88, 418
"/home/mueller/codes/moris/projects/FEM/VIS/test/UT_VIS_Output_Manager.cpp", "C++", 0, 0, 0, 0, 0, 481, 0, 0, 0, 0, 0, 0, 0, 70, 159, 710
"/home/mueller/codes/moris/projects/FEM/VIS/test/UT_VIS_Visualization_Mesh.cpp", "C++", 0, 0, 0, 0, 0, 98, 0, 0, 0, 0, 0, 0, 0, 39, 38, 175
"/home/mueller/codes/moris/projects/FEM/VIS/test/test_main.cpp", "C++", 0, 0, 0, 0, 0, 22, 0, 0, 0, 0, 0, 0, 0, 16, 14, 52
"/home/mueller/codes/moris/projects/GEN/CMakeLists.txt", "CMake", 0, 0, 0, 0, 0, 0, 17, 0, 0, 0, 0, 0, 0, 0, 6, 23
"/home/mueller/codes/moris/projects/GEN/SDF/CMakeLists.txt", "CMake", 0, 0, 0, 0, 0, 0, 14, 0, 0, 0, 0, 0, 0, 0, 4, 18
"/home/mueller/codes/moris/projects/GEN/SDF/src/CMakeLists.txt", "CMake", 0, 0, 0, 0, 0, 0, 146, 0, 0, 0, 0, 0, 0, 0, 30, 176
"/home/mueller/codes/moris/projects/GEN/SDF/src/SDF_Tools.hpp", "C++", 0, 0, 0, 0, 0, 209, 0, 0, 0, 0, 0, 0, 0, 58, 57, 324
"/home/mueller/codes/moris/projects/GEN/SDF/src/cl_SDF_Arguments.cpp", "C++", 0, 0, 0, 0, 0, 158, 0, 0, 0, 0, 0, 0, 0, 19, 12, 189
"/home/mueller/codes/moris/projects/GEN/SDF/src/cl_SDF_Arguments.hpp", "C++", 0, 0, 0, 0, 0, 49, 0, 0, 0, 0, 0, 0, 0, 18, 22, 89
"/home/mueller/codes/moris/projects/GEN/SDF/src/cl_SDF_Cell.cpp", "C++", 0, 0, 0, 0, 0, 44, 0, 0, 0, 0, 0, 0, 0, 20, 13, 77
"/home/mueller/codes/moris/projects/GEN/SDF/src/cl_SDF_Cell.hpp", "C++", 0, 0, 0, 0, 0, 95, 0, 0, 0, 0, 0, 0, 0, 36, 44, 175
"/home/mueller/codes/moris/projects/GEN/SDF/src/cl_SDF_Core.cpp", "C++", 0, 0, 0, 0, 0, 691, 0, 0, 0, 0, 0, 0, 0, 183, 182, 1056
"/home/mueller/codes/moris/projects/GEN/SDF/src/cl_SDF_Core.hpp", "C++", 0, 0, 0, 0, 0, 73, 0, 0, 0, 0, 0, 0, 0, 39, 47, 159
"/home/mueller/codes/moris/projects/GEN/SDF/src/cl_SDF_Facet.cpp", "C++", 0, 0, 0, 0, 0, 225, 0, 0, 0, 0, 0, 0, 0, 32, 43, 300
"/home/mueller/codes/moris/projects/GEN/SDF/src/cl_SDF_Facet.hpp", "C++", 0, 0, 0, 0, 0, 138, 0, 0, 0, 0, 0, 0, 0, 151, 80, 369
"/home/mueller/codes/moris/projects/GEN/SDF/src/cl_SDF_Facet_Vertex.cpp", "C++", 0, 0, 0, 0, 0, 24, 0, 0, 0, 0, 0, 0, 0, 13, 10, 47
"/home/mueller/codes/moris/projects/GEN/SDF/src/cl_SDF_Facet_Vertex.hpp", "C++", 0, 0, 0, 0, 0, 94, 0, 0, 0, 0, 0, 0, 0, 33, 41, 168
"/home/mueller/codes/moris/projects/GEN/SDF/src/cl_SDF_Field.cpp", "C++", 0, 0, 0, 0, 0, 47, 0, 0, 0, 0, 0, 0, 0, 26, 15, 88
"/home/mueller/codes/moris/projects/GEN/SDF/src/cl_SDF_Field.hpp", "C++", 0, 0, 0, 0, 0, 25, 0, 0, 0, 0, 0, 0, 0, 20, 20, 65
"/home/mueller/codes/moris/projects/GEN/SDF/src/cl_SDF_Generator.cpp", "C++", 0, 0, 0, 0, 0, 80, 0, 0, 0, 0, 0, 0, 0, 38, 33, 151
"/home/mueller/codes/moris/projects/GEN/SDF/src/cl_SDF_Generator.hpp", "C++", 0, 0, 0, 0, 0, 47, 0, 0, 0, 0, 0, 0, 0, 51, 29, 127
"/home/mueller/codes/moris/projects/GEN/SDF/src/cl_SDF_Line.cpp", "C++", 0, 0, 0, 0, 0, 52, 0, 0, 0, 0, 0, 0, 0, 21, 17, 90
"/home/mueller/codes/moris/projects/GEN/SDF/src/cl_SDF_Line.hpp", "C++", 0, 0, 0, 0, 0, 34, 0, 0, 0, 0, 0, 0, 0, 35, 21, 90
"/home/mueller/codes/moris/projects/GEN/SDF/src/cl_SDF_Mesh.cpp", "C++", 0, 0, 0, 0, 0, 162, 0, 0, 0, 0, 0, 0, 0, 52, 45, 259
"/home/mueller/codes/moris/projects/GEN/SDF/src/cl_SDF_Mesh.hpp", "C++", 0, 0, 0, 0, 0, 89, 0, 0, 0, 0, 0, 0, 0, 51, 47, 187
"/home/mueller/codes/moris/projects/GEN/SDF/src/cl_SDF_Object.cpp", "C++", 0, 0, 0, 0, 0, 315, 0, 0, 0, 0, 0, 0, 0, 99, 89, 503
"/home/mueller/codes/moris/projects/GEN/SDF/src/cl_SDF_Object.hpp", "C++", 0, 0, 0, 0, 0, 63, 0, 0, 0, 0, 0, 0, 0, 65, 37, 165
"/home/mueller/codes/moris/projects/GEN/SDF/src/cl_SDF_Parameters.cpp", "C++", 0, 0, 0, 0, 0, 75, 0, 0, 0, 0, 0, 0, 0, 22, 21, 118
"/home/mueller/codes/moris/projects/GEN/SDF/src/cl_SDF_Parameters.hpp", "C++", 0, 0, 0, 0, 0, 19, 0, 0, 0, 0, 0, 0, 0, 14, 13, 46
"/home/mueller/codes/moris/projects/GEN/SDF/src/cl_SDF_STK.cpp", "C++", 0, 0, 0, 0, 0, 104, 0, 0, 0, 0, 0, 0, 0, 57, 49, 210
"/home/mueller/codes/moris/projects/GEN/SDF/src/cl_SDF_STK.hpp", "C++", 0, 0, 0, 0, 0, 38, 0, 0, 0, 0, 0, 0, 0, 32, 28, 98
"/home/mueller/codes/moris/projects/GEN/SDF/src/cl_SDF_State.hpp", "C++", 0, 0, 0, 0, 0, 14, 0, 0, 0, 0, 0, 0, 0, 11, 7, 32
"/home/mueller/codes/moris/projects/GEN/SDF/src/cl_SDF_Triangle.cpp", "C++", 0, 0, 0, 0, 0, 280, 0, 0, 0, 0, 0, 0, 0, 68, 68, 416
"/home/mueller/codes/moris/projects/GEN/SDF/src/cl_SDF_Triangle.hpp", "C++", 0, 0, 0, 0, 0, 75, 0, 0, 0, 0, 0, 0, 0, 73, 38, 186
"/home/mueller/codes/moris/projects/GEN/SDF/src/cl_SDF_Vertex.cpp", "C++", 0, 0, 0, 0, 0, 71, 0, 0, 0, 0, 0, 0, 0, 27, 23, 121
"/home/mueller/codes/moris/projects/GEN/SDF/src/cl_SDF_Vertex.hpp", "C++", 0, 0, 0, 0, 0, 182, 0, 0, 0, 0, 0, 0, 0, 61, 83, 326
"/home/mueller/codes/moris/projects/GEN/SDF/src/fn_SDF_Raycast.cpp", "C++", 0, 0, 0, 0, 0, 402, 0, 0, 0, 0, 0, 0, 0, 95, 93, 590
"/home/mueller/codes/moris/projects/GEN/SDF/src/fn_SDF_Raycast.hpp", "C++", 0, 0, 0, 0, 0, 68, 0, 0, 0, 0, 0, 0, 0, 116, 27, 211
"/home/mueller/codes/moris/projects/GEN/SDF/src/main.cpp", "C++", 0, 0, 0, 0, 0, 274, 0, 0, 0, 0, 0, 0, 0, 68, 75, 417
"/home/mueller/codes/moris/projects/GEN/SDF/test/CMakeLists.txt", "CMake", 0, 0, 0, 0, 0, 0, 41, 0, 0, 0, 0, 0, 0, 0, 10, 51
"/home/mueller/codes/moris/projects/GEN/SDF/test/test_main.cpp", "C++", 0, 0, 0, 0, 0, 19, 0, 0, 0, 0, 0, 0, 0, 13, 13, 45
"/home/mueller/codes/moris/projects/GEN/SDF/test/ut_SDF_Core.cpp", "C++", 0, 0, 0, 0, 0, 57, 0, 0, 0, 0, 0, 0, 0, 21, 23, 101
"/home/mueller/codes/moris/projects/GEN/SDF/test/ut_SDF_Line.cpp", "C++", 0, 0, 0, 0, 0, 133, 0, 0, 0, 0, 0, 0, 0, 35, 41, 209
"/home/mueller/codes/moris/projects/GEN/SDF/test/ut_SDF_Object.cpp", "C++", 0, 0, 0, 0, 0, 43, 0, 0, 0, 0, 0, 0, 0, 21, 17, 81
"/home/mueller/codes/moris/projects/GEN/SDF/test/ut_SDF_Raycast.cpp", "C++", 0, 0, 0, 0, 0, 180, 0, 0, 0, 0, 0, 0, 0, 43, 68, 291
"/home/mueller/codes/moris/projects/GEN/SDF/test/ut_SDF_Triangle.cpp", "C++", 0, 0, 0, 0, 0, 163, 0, 0, 0, 0, 0, 0, 0, 47, 66, 276
"/home/mueller/codes/moris/projects/GEN/SDF/tutorials/CMakeLists.txt", "CMake", 0, 0, 0, 0, 0, 0, 6, 0, 0, 0, 0, 0, 0, 0, 3, 9
"/home/mueller/codes/moris/projects/GEN/src/ADV/cl_GEN_ADV.cpp", "C++", 0, 0, 0, 0, 0, 48, 0, 0, 0, 0, 0, 0, 0, 18, 19, 85
"/home/mueller/codes/moris/projects/GEN/src/ADV/cl_GEN_ADV.hpp", "C++", 0, 0, 0, 0, 0, 25, 0, 0, 0, 0, 0, 0, 0, 49, 13, 87
"/home/mueller/codes/moris/projects/GEN/src/ADV/cl_GEN_ADV_Handler.cpp", "C++", 0, 0, 0, 0, 0, 121, 0, 0, 0, 0, 0, 0, 0, 34, 32, 187
"/home/mueller/codes/moris/projects/GEN/src/ADV/cl_GEN_ADV_Handler.hpp", "C++", 0, 0, 0, 0, 0, 38, 0, 0, 0, 0, 0, 0, 0, 72, 17, 127
"/home/mueller/codes/moris/projects/GEN/src/ADV/cl_GEN_ADV_Manager.cpp", "C++", 0, 0, 0, 0, 0, 57, 0, 0, 0, 0, 0, 0, 0, 29, 19, 105
"/home/mueller/codes/moris/projects/GEN/src/ADV/cl_GEN_ADV_Manager.hpp", "C++", 0, 0, 0, 0, 0, 22, 0, 0, 0, 0, 0, 0, 0, 31, 10, 63
"/home/mueller/codes/moris/projects/GEN/src/ADV/cl_GEN_Design.cpp", "C++", 0, 0, 0, 0, 0, 34, 0, 0, 0, 0, 0, 0, 0, 16, 17, 67
"/home/mueller/codes/moris/projects/GEN/src/ADV/cl_GEN_Design.hpp", "C++", 0, 0, 0, 0, 0, 39, 0, 0, 0, 0, 0, 0, 0, 91, 21, 151
"/home/mueller/codes/moris/projects/GEN/src/ADV/cl_GEN_Design_Factory.cpp", "C++", 0, 0, 0, 0, 0, 152, 0, 0, 0, 0, 0, 0, 0, 54, 37, 243
"/home/mueller/codes/moris/projects/GEN/src/ADV/cl_GEN_Design_Factory.hpp", "C++", 0, 0, 0, 0, 0, 38, 0, 0, 0, 0, 0, 0, 0, 29, 8, 75
"/home/mueller/codes/moris/projects/GEN/src/ADV/cl_GEN_Design_Field.cpp", "C++", 0, 0, 0, 0, 0, 189, 0, 0, 0, 0, 0, 0, 0, 49, 41, 279
"/home/mueller/codes/moris/projects/GEN/src/ADV/cl_GEN_Design_Field.hpp", "C++", 0, 0, 0, 0, 0, 62, 0, 0, 0, 0, 0, 0, 0, 98, 20, 180
"/home/mueller/codes/moris/projects/GEN/src/ADV/cl_GEN_Geometry.cpp", "C++", 0, 0, 0, 0, 0, 13, 0, 0, 0, 0, 0, 0, 0, 12, 10, 35
"/home/mueller/codes/moris/projects/GEN/src/ADV/cl_GEN_Geometry.hpp", "C++", 0, 0, 0, 0, 0, 64, 0, 0, 0, 0, 0, 0, 0, 89, 19, 172
"/home/mueller/codes/moris/projects/GEN/src/ADV/cl_GEN_Level_Set_Geometry.cpp", "C++", 0, 0, 0, 0, 0, 417, 0, 0, 0, 0, 0, 0, 0, 109, 113, 639
"/home/mueller/codes/moris/projects/GEN/src/ADV/cl_GEN_Level_Set_Geometry.hpp", "C++", 0, 0, 0, 0, 0, 84, 0, 0, 0, 0, 0, 0, 0, 163, 30, 277
"/home/mueller/codes/moris/projects/GEN/src/ADV/cl_GEN_Property.cpp", "C++", 0, 0, 0, 0, 0, 91, 0, 0, 0, 0, 0, 0, 0, 27, 36, 154
"/home/mueller/codes/moris/projects/GEN/src/ADV/cl_GEN_Property.hpp", "C++", 0, 0, 0, 0, 0, 53, 0, 0, 0, 0, 0, 0, 0, 95, 21, 169
"/home/mueller/codes/moris/projects/GEN/src/ADV/cl_GEN_Surface_Mesh_Geometry.cpp", "C++", 0, 0, 0, 0, 0, 192, 0, 0, 0, 0, 0, 0, 0, 53, 62, 307
"/home/mueller/codes/moris/projects/GEN/src/ADV/cl_GEN_Surface_Mesh_Geometry.hpp", "C++", 0, 0, 0, 0, 0, 87, 0, 0, 0, 0, 0, 0, 0, 144, 28, 259
"/home/mueller/codes/moris/projects/GEN/src/ADV/cl_GEN_Voxel_Geometry.cpp", "C++", 0, 0, 0, 0, 0, 185, 0, 0, 0, 0, 0, 0, 0, 48, 52, 285
"/home/mueller/codes/moris/projects/GEN/src/ADV/cl_GEN_Voxel_Geometry.hpp", "C++", 0, 0, 0, 0, 0, 59, 0, 0, 0, 0, 0, 0, 0, 131, 24, 214
"/home/mueller/codes/moris/projects/GEN/src/ADV/cl_GEN_Voxel_Input.cpp", "C++", 0, 0, 0, 0, 0, 131, 0, 0, 0, 0, 0, 0, 0, 33, 45, 209
"/home/mueller/codes/moris/projects/GEN/src/ADV/cl_GEN_Voxel_Input.hpp", "C++", 0, 0, 0, 0, 0, 37, 0, 0, 0, 0, 0, 0, 0, 31, 15, 83
"/home/mueller/codes/moris/projects/GEN/src/ADV/fields/cl_GEN_BSpline_Field.cpp", "C++", 0, 0, 0, 0, 0, 215, 0, 0, 0, 0, 0, 0, 0, 60, 58, 333
"/home/mueller/codes/moris/projects/GEN/src/ADV/fields/cl_GEN_BSpline_Field.hpp", "C++", 0, 0, 0, 0, 0, 42, 0, 0, 0, 0, 0, 0, 0, 57, 17, 116
"/home/mueller/codes/moris/projects/GEN/src/ADV/fields/cl_GEN_Circle.cpp", "C++", 0, 0, 0, 0, 0, 47, 0, 0, 0, 0, 0, 0, 0, 20, 21, 88
"/home/mueller/codes/moris/projects/GEN/src/ADV/fields/cl_GEN_Circle.hpp", "C++", 0, 0, 0, 0, 0, 19, 0, 0, 0, 0, 0, 0, 0, 38, 9, 66
"/home/mueller/codes/moris/projects/GEN/src/ADV/fields/cl_GEN_Combined_Fields.cpp", "C++", 0, 0, 0, 0, 0, 149, 0, 0, 0, 0, 0, 0, 0, 37, 33, 219
"/home/mueller/codes/moris/projects/GEN/src/ADV/fields/cl_GEN_Combined_Fields.hpp", "C++", 0, 0, 0, 0, 0, 41, 0, 0, 0, 0, 0, 0, 0, 70, 14, 125
"/home/mueller/codes/moris/projects/GEN/src/ADV/fields/cl_GEN_Constant_Field.cpp", "C++", 0, 0, 0, 0, 0, 28, 0, 0, 0, 0, 0, 0, 0, 14, 11, 53
"/home/mueller/codes/moris/projects/GEN/src/ADV/fields/cl_GEN_Constant_Field.hpp", "C++", 0, 0, 0, 0, 0, 18, 0, 0, 0, 0, 0, 0, 0, 38, 9, 65
"/home/mueller/codes/moris/projects/GEN/src/ADV/fields/cl_GEN_Field.cpp", "C++", 0, 0, 0, 0, 0, 182, 0, 0, 0, 0, 0, 0, 0, 56, 54, 292
"/home/mueller/codes/moris/projects/GEN/src/ADV/fields/cl_GEN_Field.hpp", "C++", 0, 0, 0, 0, 0, 98, 0, 0, 0, 0, 0, 0, 0, 180, 37, 315
"/home/mueller/codes/moris/projects/GEN/src/ADV/fields/cl_GEN_Field_Analytic.hpp", "C++", 0, 0, 0, 0, 0, 92, 0, 0, 0, 0, 0, 0, 0, 112, 18, 222
"/home/mueller/codes/moris/projects/GEN/src/ADV/fields/cl_GEN_Field_Array_Factory.cpp", "C++", 0, 0, 0, 0, 0, 257, 0, 0, 0, 0, 0, 0, 0, 62, 46, 365
"/home/mueller/codes/moris/projects/GEN/src/ADV/fields/cl_GEN_Field_Array_Factory.hpp", "C++", 0, 0, 0, 0, 0, 55, 0, 0, 0, 0, 0, 0, 0, 75, 21, 151
"/home/mueller/codes/moris/projects/GEN/src/ADV/fields/cl_GEN_Field_Discrete_Integration.cpp", "C++", 0, 0, 0, 0, 0, 84, 0, 0, 0, 0, 0, 0, 0, 22, 28, 134
"/home/mueller/codes/moris/projects/GEN/src/ADV/fields/cl_GEN_Field_Discrete_Integration.hpp", "C++", 0, 0, 0, 0, 0, 46, 0, 0, 0, 0, 0, 0, 0, 95, 19, 160
"/home/mueller/codes/moris/projects/GEN/src/ADV/fields/cl_GEN_Image_Signed_Distance_Field.cpp", "C++", 0, 0, 0, 0, 0, 170, 0, 0, 0, 0, 0, 0, 0, 48, 60, 278
"/home/mueller/codes/moris/projects/GEN/src/ADV/fields/cl_GEN_Image_Signed_Distance_Field.hpp", "C++", 0, 0, 0, 0, 0, 51, 0, 0, 0, 0, 0, 0, 0, 50, 16, 117
"/home/mueller/codes/moris/projects/GEN/src/ADV/fields/cl_GEN_Line.cpp", "C++", 0, 0, 0, 0, 0, 43, 0, 0, 0, 0, 0, 0, 0, 18, 14, 75
"/home/mueller/codes/moris/projects/GEN/src/ADV/fields/cl_GEN_Line.hpp", "C++", 0, 0, 0, 0, 0, 21, 0, 0, 0, 0, 0, 0, 0, 39, 9, 69
"/home/mueller/codes/moris/projects/GEN/src/ADV/fields/cl_GEN_Mesh_Field.cpp", "C++", 0, 0, 0, 0, 0, 86, 0, 0, 0, 0, 0, 0, 0, 28, 25, 139
"/home/mueller/codes/moris/projects/GEN/src/ADV/fields/cl_GEN_Mesh_Field.hpp", "C++", 0, 0, 0, 0, 0, 33, 0, 0, 0, 0, 0, 0, 0, 37, 12, 82
"/home/mueller/codes/moris/projects/GEN/src/ADV/fields/cl_GEN_Plane.cpp", "C++", 0, 0, 0, 0, 0, 52, 0, 0, 0, 0, 0, 0, 0, 18, 14, 84
"/home/mueller/codes/moris/projects/GEN/src/ADV/fields/cl_GEN_Plane.hpp", "C++", 0, 0, 0, 0, 0, 23, 0, 0, 0, 0, 0, 0, 0, 41, 9, 73
"/home/mueller/codes/moris/projects/GEN/src/ADV/fields/cl_GEN_Scaled_Field.cpp", "C++", 0, 0, 0, 0, 0, 75, 0, 0, 0, 0, 0, 0, 0, 22, 25, 122
"/home/mueller/codes/moris/projects/GEN/src/ADV/fields/cl_GEN_Scaled_Field.hpp", "C++", 0, 0, 0, 0, 0, 52, 0, 0, 0, 0, 0, 0, 0, 87, 17, 156
"/home/mueller/codes/moris/projects/GEN/src/ADV/fields/cl_GEN_Signed_Distance_Field.cpp", "C++", 0, 0, 0, 0, 0, 106, 0, 0, 0, 0, 0, 0, 0, 38, 40, 184
"/home/mueller/codes/moris/projects/GEN/src/ADV/fields/cl_GEN_Signed_Distance_Field.hpp", "C++", 0, 0, 0, 0, 0, 34, 0, 0, 0, 0, 0, 0, 0, 33, 12, 79
"/home/mueller/codes/moris/projects/GEN/src/ADV/fields/cl_GEN_Sphere.cpp", "C++", 0, 0, 0, 0, 0, 48, 0, 0, 0, 0, 0, 0, 0, 18, 17, 83
"/home/mueller/codes/moris/projects/GEN/src/ADV/fields/cl_GEN_Sphere.hpp", "C++", 0, 0, 0, 0, 0, 21, 0, 0, 0, 0, 0, 0, 0, 39, 10, 70
"/home/mueller/codes/moris/projects/GEN/src/ADV/fields/cl_GEN_Stored_Field.cpp", "C++", 0, 0, 0, 0, 0, 44, 0, 0, 0, 0, 0, 0, 0, 19, 17, 80
"/home/mueller/codes/moris/projects/GEN/src/ADV/fields/cl_GEN_Stored_Field.hpp", "C++", 0, 0, 0, 0, 0, 23, 0, 0, 0, 0, 0, 0, 0, 39, 14, 76
"/home/mueller/codes/moris/projects/GEN/src/ADV/fields/cl_GEN_Superellipse.cpp", "C++", 0, 0, 0, 0, 0, 66, 0, 0, 0, 0, 0, 0, 0, 20, 22, 108
"/home/mueller/codes/moris/projects/GEN/src/ADV/fields/cl_GEN_Superellipse.hpp", "C++", 0, 0, 0, 0, 0, 29, 0, 0, 0, 0, 0, 0, 0, 40, 9, 78
"/home/mueller/codes/moris/projects/GEN/src/ADV/fields/cl_GEN_Superellipsoid.cpp", "C++", 0, 0, 0, 0, 0, 71, 0, 0, 0, 0, 0, 0, 0, 20, 17, 108
"/home/mueller/codes/moris/projects/GEN/src/ADV/fields/cl_GEN_Superellipsoid.hpp", "C++", 0, 0, 0, 0, 0, 32, 0, 0, 0, 0, 0, 0, 0, 42, 11, 85
"/home/mueller/codes/moris/projects/GEN/src/ADV/fields/cl_GEN_User_Defined_Field.cpp", "C++", 0, 0, 0, 0, 0, 98, 0, 0, 0, 0, 0, 0, 0, 26, 29, 153
"/home/mueller/codes/moris/projects/GEN/src/ADV/fields/cl_GEN_User_Defined_Field.hpp", "C++", 0, 0, 0, 0, 0, 55, 0, 0, 0, 0, 0, 0, 0, 67, 15, 137
"/home/mueller/codes/moris/projects/GEN/src/ADV/fields/fn_GEN_create_field.cpp", "C++", 0, 0, 0, 0, 0, 214, 0, 0, 0, 0, 0, 0, 0, 33, 22, 269
"/home/mueller/codes/moris/projects/GEN/src/ADV/fields/fn_GEN_create_field.hpp", "C++", 0, 0, 0, 0, 0, 17, 0, 0, 0, 0, 0, 0, 0, 25, 5, 47
"/home/mueller/codes/moris/projects/GEN/src/CMakeLists.txt", "CMake", 0, 0, 0, 0, 0, 0, 226, 0, 0, 0, 0, 0, 0, 0, 39, 265
"/home/mueller/codes/moris/projects/GEN/src/PDV/cl_GEN_Background_Node.cpp", "C++", 0, 0, 0, 0, 0, 25, 0, 0, 0, 0, 0, 0, 0, 14, 12, 51
"/home/mueller/codes/moris/projects/GEN/src/PDV/cl_GEN_Background_Node.hpp", "C++", 0, 0, 0, 0, 0, 18, 0, 0, 0, 0, 0, 0, 0, 33, 8, 59
"/home/mueller/codes/moris/projects/GEN/src/PDV/cl_GEN_Basis_Node.cpp", "C++", 0, 0, 0, 0, 0, 49, 0, 0, 0, 0, 0, 0, 0, 19, 23, 91
"/home/mueller/codes/moris/projects/GEN/src/PDV/cl_GEN_Basis_Node.hpp", "C++", 0, 0, 0, 0, 0, 28, 0, 0, 0, 0, 0, 0, 0, 58, 14, 100
"/home/mueller/codes/moris/projects/GEN/src/PDV/cl_GEN_Derived_Node.cpp", "C++", 0, 0, 0, 0, 0, 96, 0, 0, 0, 0, 0, 0, 0, 33, 42, 171
"/home/mueller/codes/moris/projects/GEN/src/PDV/cl_GEN_Derived_Node.hpp", "C++", 0, 0, 0, 0, 0, 42, 0, 0, 0, 0, 0, 0, 0, 91, 21, 154
"/home/mueller/codes/moris/projects/GEN/src/PDV/cl_GEN_Interpolation_PDV_Host.cpp", "C++", 0, 0, 0, 0, 0, 226, 0, 0, 0, 0, 0, 0, 0, 66, 88, 380
"/home/mueller/codes/moris/projects/GEN/src/PDV/cl_GEN_Interpolation_PDV_Host.hpp", "C++", 0, 0, 0, 0, 0, 56, 0, 0, 0, 0, 0, 0, 0, 119, 28, 203
"/home/mueller/codes/moris/projects/GEN/src/PDV/cl_GEN_Intersection_Node.cpp", "C++", 0, 0, 0, 0, 0, 110, 0, 0, 0, 0, 0, 0, 0, 30, 42, 182
"/home/mueller/codes/moris/projects/GEN/src/PDV/cl_GEN_Intersection_Node.hpp", "C++", 0, 0, 0, 0, 0, 48, 0, 0, 0, 0, 0, 0, 0, 120, 26, 194
"/home/mueller/codes/moris/projects/GEN/src/PDV/cl_GEN_Intersection_Node_Bilinear.cpp", "C++", 0, 0, 0, 0, 0, 115, 0, 0, 0, 0, 0, 0, 0, 31, 27, 173
"/home/mueller/codes/moris/projects/GEN/src/PDV/cl_GEN_Intersection_Node_Bilinear.hpp", "C++", 0, 0, 0, 0, 0, 24, 0, 0, 0, 0, 0, 0, 0, 44, 10, 78
"/home/mueller/codes/moris/projects/GEN/src/PDV/cl_GEN_Intersection_Node_Level_Set.cpp", "C++", 0, 0, 0, 0, 0, 101, 0, 0, 0, 0, 0, 0, 0, 30, 26, 157
"/home/mueller/codes/moris/projects/GEN/src/PDV/cl_GEN_Intersection_Node_Level_Set.hpp", "C++", 0, 0, 0, 0, 0, 32, 0, 0, 0, 0, 0, 0, 0, 69, 16, 117
"/home/mueller/codes/moris/projects/GEN/src/PDV/cl_GEN_Intersection_Node_Linear.cpp", "C++", 0, 0, 0, 0, 0, 54, 0, 0, 0, 0, 0, 0, 0, 20, 18, 92
"/home/mueller/codes/moris/projects/GEN/src/PDV/cl_GEN_Intersection_Node_Linear.hpp", "C++", 0, 0, 0, 0, 0, 23, 0, 0, 0, 0, 0, 0, 0, 45, 10, 78
"/home/mueller/codes/moris/projects/GEN/src/PDV/cl_GEN_Intersection_Node_Surface_Mesh.cpp", "C++", 0, 0, 0, 0, 0, 44, 0, 0, 0, 0, 0, 0, 0, 16, 14, 74
"/home/mueller/codes/moris/projects/GEN/src/PDV/cl_GEN_Intersection_Node_Surface_Mesh.hpp", "C++", 0, 0, 0, 0, 0, 26, 0, 0, 0, 0, 0, 0, 0, 45, 14, 85
"/home/mueller/codes/moris/projects/GEN/src/PDV/cl_GEN_Intersection_Node_Voxel.cpp", "C++", 0, 0, 0, 0, 0, 33, 0, 0, 0, 0, 0, 0, 0, 13, 11, 57
"/home/mueller/codes/moris/projects/GEN/src/PDV/cl_GEN_Intersection_Node_Voxel.hpp", "C++", 0, 0, 0, 0, 0, 23, 0, 0, 0, 0, 0, 0, 0, 31, 9, 63
"/home/mueller/codes/moris/projects/GEN/src/PDV/cl_GEN_Node.cpp", "C++", 0, 0, 0, 0, 0, 25, 0, 0, 0, 0, 0, 0, 0, 15, 14, 54
"/home/mueller/codes/moris/projects/GEN/src/PDV/cl_GEN_Node.hpp", "C++", 0, 0, 0, 0, 0, 23, 0, 0, 0, 0, 0, 0, 0, 56, 14, 93
"/home/mueller/codes/moris/projects/GEN/src/PDV/cl_GEN_PDV.cpp", "C++", 0, 0, 0, 0, 0, 12, 0, 0, 0, 0, 0, 0, 0, 12, 9, 33
"/home/mueller/codes/moris/projects/GEN/src/PDV/cl_GEN_PDV.hpp", "C++", 0, 0, 0, 0, 0, 20, 0, 0, 0, 0, 0, 0, 0, 49, 13, 82
"/home/mueller/codes/moris/projects/GEN/src/PDV/cl_GEN_PDV_Host_Manager.cpp", "C++", 0, 0, 0, 0, 0, 955, 0, 0, 0, 0, 0, 0, 0, 279, 294, 1528
"/home/mueller/codes/moris/projects/GEN/src/PDV/cl_GEN_PDV_Host_Manager.hpp", "C++", 0, 0, 0, 0, 0, 148, 0, 0, 0, 0, 0, 0, 0, 186, 78, 412
"/home/mueller/codes/moris/projects/GEN/src/PDV/cl_GEN_PDV_Property.cpp", "C++", 0, 0, 0, 0, 0, 34, 0, 0, 0, 0, 0, 0, 0, 15, 15, 64
"/home/mueller/codes/moris/projects/GEN/src/PDV/cl_GEN_PDV_Property.hpp", "C++", 0, 0, 0, 0, 0, 23, 0, 0, 0, 0, 0, 0, 0, 38, 10, 71
"/home/mueller/codes/moris/projects/GEN/src/PDV/cl_GEN_PDV_Value.cpp", "C++", 0, 0, 0, 0, 0, 24, 0, 0, 0, 0, 0, 0, 0, 15, 15, 54
"/home/mueller/codes/moris/projects/GEN/src/PDV/cl_GEN_PDV_Value.hpp", "C++", 0, 0, 0, 0, 0, 16, 0, 0, 0, 0, 0, 0, 0, 38, 11, 65
"/home/mueller/codes/moris/projects/GEN/src/PDV/cl_GEN_Parent_Node.cpp", "C++", 0, 0, 0, 0, 0, 24, 0, 0, 0, 0, 0, 0, 0, 14, 13, 51
"/home/mueller/codes/moris/projects/GEN/src/PDV/cl_GEN_Parent_Node.hpp", "C++", 0, 0, 0, 0, 0, 21, 0, 0, 0, 0, 0, 0, 0, 31, 9, 61
"/home/mueller/codes/moris/projects/GEN/src/cl_GEN_Geometry_Engine.cpp", "C++", 0, 0, 0, 0, 0, 1354, 0, 0, 0, 0, 0, 0, 0, 350, 364, 2068
"/home/mueller/codes/moris/projects/GEN/src/cl_GEN_Geometry_Engine.hpp", "C++", 0, 0, 0, 0, 0, 178, 0, 0, 0, 0, 0, 0, 0, 280, 82, 540
"/home/mueller/codes/moris/projects/GEN/src/cl_GEN_Interpolation.hpp", "C++", 0, 0, 0, 0, 0, 120, 0, 0, 0, 0, 0, 0, 0, 98, 36, 254
"/home/mueller/codes/moris/projects/GEN/src/cl_GEN_Node_Manager.cpp", "C++", 0, 0, 0, 0, 0, 152, 0, 0, 0, 0, 0, 0, 0, 44, 59, 255
"/home/mueller/codes/moris/projects/GEN/src/cl_GEN_Node_Manager.hpp", "C++", 0, 0, 0, 0, 0, 59, 0, 0, 0, 0, 0, 0, 0, 147, 31, 237
"/home/mueller/codes/moris/projects/GEN/src/cl_GEN_Phase_Table.cpp", "C++", 0, 0, 0, 0, 0, 131, 0, 0, 0, 0, 0, 0, 0, 28, 32, 191
"/home/mueller/codes/moris/projects/GEN/src/cl_GEN_Phase_Table.hpp", "C++", 0, 0, 0, 0, 0, 39, 0, 0, 0, 0, 0, 0, 0, 56, 17, 112
"/home/mueller/codes/moris/projects/GEN/src/st_GEN_Geometry_Engine_Parameters.hpp", "C++", 0, 0, 0, 0, 0, 22, 0, 0, 0, 0, 0, 0, 0, 19, 4, 45
"/home/mueller/codes/moris/projects/GEN/test/CMakeLists.txt", "CMake", 0, 0, 0, 0, 0, 0, 86, 0, 0, 0, 0, 0, 0, 0, 17, 103
"/home/mueller/codes/moris/projects/GEN/test/cl_GEN_Geometry_Engine_Test.cpp", "C++", 0, 0, 0, 0, 0, 23, 0, 0, 0, 0, 0, 0, 0, 14, 13, 50
"/home/mueller/codes/moris/projects/GEN/test/cl_GEN_Geometry_Engine_Test.hpp", "C++", 0, 0, 0, 0, 0, 15, 0, 0, 0, 0, 0, 0, 0, 35, 7, 57
"/home/mueller/codes/moris/projects/GEN/test/fn_GEN_create_simple_mesh.cpp", "C++", 0, 0, 0, 0, 0, 35, 0, 0, 0, 0, 0, 0, 0, 10, 10, 55
"/home/mueller/codes/moris/projects/GEN/test/fn_GEN_create_simple_mesh.hpp", "C++", 0, 0, 0, 0, 0, 12, 0, 0, 0, 0, 0, 0, 0, 18, 4, 34
"/home/mueller/codes/moris/projects/GEN/test/test_main.cpp", "C++", 0, 0, 0, 0, 0, 20, 0, 0, 0, 0, 0, 0, 0, 16, 12, 48
"/home/mueller/codes/moris/projects/GEN/test/ut_GEN_Field.cpp", "C++", 0, 0, 0, 0, 0, 829, 0, 0, 0, 0, 0, 0, 0, 170, 156, 1155
"/home/mueller/codes/moris/projects/GEN/test/ut_GEN_Intersection_Level_Set.cpp", "C++", 0, 0, 0, 0, 0, 698, 0, 0, 0, 0, 0, 0, 0, 137, 148, 983
"/home/mueller/codes/moris/projects/GEN/test/ut_GEN_Intersection_Surface_Mesh.cpp", "C++", 0, 0, 0, 0, 0, 67, 0, 0, 0, 0, 0, 0, 0, 20, 21, 108
"/home/mueller/codes/moris/projects/GEN/test/ut_GEN_PDV.cpp", "C++", 0, 0, 0, 0, 0, 439, 0, 0, 0, 0, 0, 0, 0, 84, 102, 625
"/home/mueller/codes/moris/projects/GEN/test/ut_GEN_Property.cpp", "C++", 0, 0, 0, 0, 0, 161, 0, 0, 0, 0, 0, 0, 0, 44, 33, 238
"/home/mueller/codes/moris/projects/GEN/test/ut_GEN_STL_Geometry.cpp", "C++", 0, 0, 0, 0, 0, 47, 0, 0, 0, 0, 0, 0, 0, 20, 21, 88
"/home/mueller/codes/moris/projects/GUI/CMakeLists.txt", "CMake", 0, 0, 0, 0, 0, 0, 14, 0, 0, 0, 0, 0, 0, 0, 4, 18
"/home/mueller/codes/moris/projects/GUI/src/CMakeLists.txt", "CMake", 0, 0, 0, 0, 0, 0, 167, 0, 0, 0, 0, 0, 0, 0, 41, 208
"/home/mueller/codes/moris/projects/GUI/src/TestWindow.cpp", "C++", 0, 0, 0, 0, 0, 179, 0, 0, 0, 0, 0, 0, 0, 72, 21, 272
"/home/mueller/codes/moris/projects/GUI/src/TestWindow.hpp", "C++", 0, 0, 0, 0, 0, 39, 0, 0, 0, 0, 0, 0, 0, 1, 9, 49
"/home/mueller/codes/moris/projects/GUI/src/cl_bool_combo_box.cpp", "C++", 0, 0, 0, 0, 0, 44, 0, 0, 0, 0, 0, 0, 0, 20, 10, 74
"/home/mueller/codes/moris/projects/GUI/src/cl_bool_combo_box.hpp", "C++", 0, 0, 0, 0, 0, 20, 0, 0, 0, 0, 0, 0, 0, 29, 11, 60
"/home/mueller/codes/moris/projects/GUI/src/cl_combo_box.cpp", "C++", 0, 0, 0, 0, 0, 71, 0, 0, 0, 0, 0, 0, 0, 28, 10, 109
"/home/mueller/codes/moris/projects/GUI/src/cl_combo_box.hpp", "C++", 0, 0, 0, 0, 0, 40, 0, 0, 0, 0, 0, 0, 0, 34, 12, 86
"/home/mueller/codes/moris/projects/GUI/src/cl_double_spin_box.cpp", "C++", 0, 0, 0, 0, 0, 29, 0, 0, 0, 0, 0, 0, 0, 18, 6, 53
"/home/mueller/codes/moris/projects/GUI/src/cl_double_spin_box.hpp", "C++", 0, 0, 0, 0, 0, 20, 0, 0, 0, 0, 0, 0, 0, 29, 9, 58
"/home/mueller/codes/moris/projects/GUI/src/cl_group_box.cpp", "C++", 0, 0, 0, 0, 0, 97, 0, 0, 0, 0, 0, 0, 0, 33, 25, 155
"/home/mueller/codes/moris/projects/GUI/src/cl_group_box.hpp", "C++", 0, 0, 0, 0, 0, 63, 0, 0, 0, 0, 0, 0, 0, 16, 18, 97
"/home/mueller/codes/moris/projects/GUI/src/cl_int_spin_box.cpp", "C++", 0, 0, 0, 0, 0, 37, 0, 0, 0, 0, 0, 0, 0, 20, 6, 63
"/home/mueller/codes/moris/projects/GUI/src/cl_int_spin_box.hpp", "C++", 0, 0, 0, 0, 0, 20, 0, 0, 0, 0, 0, 0, 0, 21, 9, 50
"/home/mueller/codes/moris/projects/GUI/src/cl_line_edit.cpp", "C++", 0, 0, 0, 0, 0, 93, 0, 0, 0, 0, 0, 0, 0, 26, 18, 137
"/home/mueller/codes/moris/projects/GUI/src/cl_line_edit.hpp", "C++", 0, 0, 0, 0, 0, 24, 0, 0, 0, 0, 0, 0, 0, 29, 14, 67
"/home/mueller/codes/moris/projects/GUI/src/cl_pair_box.cpp", "C++", 0, 0, 0, 0, 0, 34, 0, 0, 0, 0, 0, 0, 0, 32, 9, 75
"/home/mueller/codes/moris/projects/GUI/src/cl_pair_box.hpp", "C++", 0, 0, 0, 0, 0, 30, 0, 0, 0, 0, 0, 0, 0, 16, 14, 60
"/home/mueller/codes/moris/projects/GUI/src/cl_tree_widget_item.cpp", "C++", 0, 0, 0, 0, 0, 324, 0, 0, 0, 0, 0, 0, 0, 76, 54, 454
"/home/mueller/codes/moris/projects/GUI/src/cl_tree_widget_item.hpp", "C++", 0, 0, 0, 0, 0, 90, 0, 0, 0, 0, 0, 0, 0, 166, 55, 311
"/home/mueller/codes/moris/projects/GUI/src/example_test.cpp", "C++", 0, 0, 0, 0, 0, 36, 0, 0, 0, 0, 0, 0, 0, 64, 29, 129
"/home/mueller/codes/moris/projects/GUI/src/fn_read_file_dialog.cpp", "C++", 0, 0, 0, 0, 0, 16, 0, 0, 0, 0, 0, 0, 0, 3, 3, 22
"/home/mueller/codes/moris/projects/GUI/src/fn_read_file_dialog.hpp", "C++", 0, 0, 0, 0, 0, 6, 0, 0, 0, 0, 0, 0, 0, 1, 3, 10
"/home/mueller/codes/moris/projects/GUI/src/fn_write_file_dialog.cpp", "C++", 0, 0, 0, 0, 0, 25, 0, 0, 0, 0, 0, 0, 0, 4, 6, 35
"/home/mueller/codes/moris/projects/GUI/src/fn_write_file_dialog.hpp", "C++", 0, 0, 0, 0, 0, 6, 0, 0, 0, 0, 0, 0, 0, 0, 2, 8
"/home/mueller/codes/moris/projects/GUI/src/main.cpp", "C++", 0, 0, 0, 0, 0, 20, 0, 0, 0, 0, 0, 0, 0, 2, 8, 30
"/home/mueller/codes/moris/projects/GUI/src/main_gui.cpp", "C++", 0, 0, 0, 0, 0, 565, 0, 0, 0, 0, 0, 0, 0, 181, 131, 877
"/home/mueller/codes/moris/projects/GUI/src/main_gui.hpp", "C++", 0, 0, 0, 0, 0, 72, 0, 0, 0, 0, 0, 0, 0, 114, 51, 237
"/home/mueller/codes/moris/projects/GUI/test/CMakeLists.txt", "CMake", 0, 0, 0, 0, 0, 0, 29, 0, 0, 0, 0, 0, 0, 0, 10, 39
"/home/mueller/codes/moris/projects/GUI/test/test_main.cpp", "C++", 0, 0, 0, 0, 0, 58, 0, 0, 0, 0, 0, 0, 0, 6, 24, 88
"/home/mueller/codes/moris/projects/GUI/test/ut_cl_bool_combo_box.cpp", "C++", 0, 0, 0, 0, 0, 63, 0, 0, 0, 0, 0, 0, 0, 5, 23, 91
"/home/mueller/codes/moris/projects/GUI/test/ut_cl_bool_combo_box.hpp", "C++", 0, 0, 0, 0, 0, 18, 0, 0, 0, 0, 0, 0, 0, 0, 5, 23
"/home/mueller/codes/moris/projects/GUI/test/ut_cl_combo_box.cpp", "C++", 0, 0, 0, 0, 0, 57, 0, 0, 0, 0, 0, 0, 0, 6, 21, 84
"/home/mueller/codes/moris/projects/GUI/test/ut_cl_combo_box.hpp", "C++", 0, 0, 0, 0, 0, 18, 0, 0, 0, 0, 0, 0, 0, 0, 4, 22
"/home/mueller/codes/moris/projects/GUI/test/ut_cl_double_spin_box.cpp", "C++", 0, 0, 0, 0, 0, 60, 0, 0, 0, 0, 0, 0, 0, 0, 13, 73
"/home/mueller/codes/moris/projects/GUI/test/ut_cl_double_spin_box.hpp", "C++", 0, 0, 0, 0, 0, 18, 0, 0, 0, 0, 0, 0, 0, 0, 5, 23
"/home/mueller/codes/moris/projects/GUI/test/ut_cl_group_box.cpp", "C++", 0, 0, 0, 0, 0, 0, 0, 0, 0, 0, 0, 0, 0, 0, 1, 1
"/home/mueller/codes/moris/projects/GUI/test/ut_cl_group_box.hpp", "C++", 0, 0, 0, 0, 0, 17, 0, 0, 0, 0, 0, 0, 0, 0, 5, 22
"/home/mueller/codes/moris/projects/GUI/test/ut_cl_int_spin_box.cpp", "C++", 0, 0, 0, 0, 0, 59, 0, 0, 0, 0, 0, 0, 0, 0, 17, 76
"/home/mueller/codes/moris/projects/GUI/test/ut_cl_int_spin_box.hpp", "C++", 0, 0, 0, 0, 0, 18, 0, 0, 0, 0, 0, 0, 0, 0, 4, 22
"/home/mueller/codes/moris/projects/GUI/test/ut_cl_line_edit.cpp", "C++", 0, 0, 0, 0, 0, 27, 0, 0, 0, 0, 0, 0, 0, 3, 13, 43
"/home/mueller/codes/moris/projects/GUI/test/ut_cl_line_edit.hpp", "C++", 0, 0, 0, 0, 0, 15, 0, 0, 0, 0, 0, 0, 0, 0, 7, 22
"/home/mueller/codes/moris/projects/GUI/test/ut_gui_startup.cpp", "C++", 0, 0, 0, 0, 0, 25, 0, 0, 0, 0, 0, 0, 0, 2, 10, 37
"/home/mueller/codes/moris/projects/GUI/test/ut_gui_startup.hpp", "C++", 0, 0, 0, 0, 0, 9, 0, 0, 0, 0, 0, 0, 0, 0, 4, 13
"/home/mueller/codes/moris/projects/HMR/CMakeLists.txt", "CMake", 0, 0, 0, 0, 0, 0, 14, 0, 0, 0, 0, 0, 0, 0, 5, 19
"/home/mueller/codes/moris/projects/HMR/doc/parameters_example.xml", "XML", 0, 0, 0, 0, 0, 0, 0, 0, 26, 0, 0, 0, 0, 2, 1, 29
"/home/mueller/codes/moris/projects/HMR/src/CMakeLists.txt", "CMake", 0, 0, 0, 0, 0, 0, 198, 0, 0, 0, 0, 0, 0, 0, 25, 223
"/home/mueller/codes/moris/projects/HMR/src/HMR_Globals.hpp", "C++", 0, 0, 0, 0, 0, 34, 0, 0, 0, 0, 0, 0, 0, 23, 16, 73
"/home/mueller/codes/moris/projects/HMR/src/HMR_Tools.hpp", "C++", 0, 0, 0, 0, 0, 67, 0, 0, 0, 0, 0, 0, 0, 62, 23, 152
"/home/mueller/codes/moris/projects/HMR/src/cl_HMR.cpp", "C++", 0, 0, 0, 0, 0, 1425, 0, 0, 0, 0, 0, 0, 0, 590, 521, 2536
"/home/mueller/codes/moris/projects/HMR/src/cl_HMR.hpp", "C++", 0, 0, 0, 0, 0, 230, 0, 0, 0, 0, 0, 0, 0, 222, 139, 591
"/home/mueller/codes/moris/projects/HMR/src/cl_HMR_BSpline.hpp", "C++", 0, 0, 0, 0, 0, 444, 0, 0, 0, 0, 0, 0, 0, 231, 136, 811
"/home/mueller/codes/moris/projects/HMR/src/cl_HMR_BSpline_Element.hpp", "C++", 0, 0, 0, 0, 0, 225, 0, 0, 0, 0, 0, 0, 0, 173, 79, 477
"/home/mueller/codes/moris/projects/HMR/src/cl_HMR_BSpline_Element_Hex27.hpp", "C++", 0, 0, 0, 0, 0, 4671, 0, 0, 0, 0, 0, 0, 0, 390, 260, 5321
"/home/mueller/codes/moris/projects/HMR/src/cl_HMR_BSpline_Element_Hex64.hpp", "C++", 0, 0, 0, 0, 0, 14047, 0, 0, 0, 0, 0, 0, 0, 799, 605, 15451
"/home/mueller/codes/moris/projects/HMR/src/cl_HMR_BSpline_Element_Hex8.hpp", "C++", 0, 0, 0, 0, 0, 1293, 0, 0, 0, 0, 0, 0, 0, 304, 184, 1781
"/home/mueller/codes/moris/projects/HMR/src/cl_HMR_BSpline_Element_Quad16.hpp", "C++", 0, 0, 0, 0, 0, 1505, 0, 0, 0, 0, 0, 0, 0, 246, 170, 1921
"/home/mueller/codes/moris/projects/HMR/src/cl_HMR_BSpline_Element_Quad4.hpp", "C++", 0, 0, 0, 0, 0, 386, 0, 0, 0, 0, 0, 0, 0, 156, 90, 632
"/home/mueller/codes/moris/projects/HMR/src/cl_HMR_BSpline_Element_Quad9.hpp", "C++", 0, 0, 0, 0, 0, 763, 0, 0, 0, 0, 0, 0, 0, 176, 109, 1048
"/home/mueller/codes/moris/projects/HMR/src/cl_HMR_BSpline_Mesh.hpp", "C++", 0, 0, 0, 0, 0, 730, 0, 0, 0, 0, 0, 0, 0, 310, 185, 1225
"/home/mueller/codes/moris/projects/HMR/src/cl_HMR_BSpline_Mesh_Base.cpp", "C++", 0, 0, 0, 0, 0, 1020, 0, 0, 0, 0, 0, 0, 0, 409, 325, 1754
"/home/mueller/codes/moris/projects/HMR/src/cl_HMR_BSpline_Mesh_Base.hpp", "C++", 0, 0, 0, 0, 0, 95, 0, 0, 0, 0, 0, 0, 0, 217, 78, 390
"/home/mueller/codes/moris/projects/HMR/src/cl_HMR_Background_Edge.cpp", "C++", 0, 0, 0, 0, 0, 44, 0, 0, 0, 0, 0, 0, 0, 18, 20, 82
"/home/mueller/codes/moris/projects/HMR/src/cl_HMR_Background_Edge.hpp", "C++", 0, 0, 0, 0, 0, 30, 0, 0, 0, 0, 0, 0, 0, 26, 28, 84
"/home/mueller/codes/moris/projects/HMR/src/cl_HMR_Background_Element.hpp", "C++", 0, 0, 0, 0, 0, 3097, 0, 0, 0, 0, 0, 0, 0, 902, 507, 4506
"/home/mueller/codes/moris/projects/HMR/src/cl_HMR_Background_Element_Base.hpp", "C++", 0, 0, 0, 0, 0, 372, 0, 0, 0, 0, 0, 0, 0, 530, 194, 1096
"/home/mueller/codes/moris/projects/HMR/src/cl_HMR_Background_Facet.cpp", "C++", 0, 0, 0, 0, 0, 78, 0, 0, 0, 0, 0, 0, 0, 22, 26, 126
"/home/mueller/codes/moris/projects/HMR/src/cl_HMR_Background_Facet.hpp", "C++", 0, 0, 0, 0, 0, 31, 0, 0, 0, 0, 0, 0, 0, 75, 38, 144
"/home/mueller/codes/moris/projects/HMR/src/cl_HMR_Background_Mesh.hpp", "C++", 0, 0, 0, 0, 0, 777, 0, 0, 0, 0, 0, 0, 0, 463, 225, 1465
"/home/mueller/codes/moris/projects/HMR/src/cl_HMR_Background_Mesh_1D.hpp", "C++", 0, 0, 0, 0, 0, 123, 0, 0, 0, 0, 0, 0, 0, 39, 23, 185
"/home/mueller/codes/moris/projects/HMR/src/cl_HMR_Background_Mesh_2D.hpp", "C++", 0, 0, 0, 0, 0, 540, 0, 0, 0, 0, 0, 0, 0, 162, 133, 835
"/home/mueller/codes/moris/projects/HMR/src/cl_HMR_Background_Mesh_3D.hpp", "C++", 0, 0, 0, 0, 0, 1023, 0, 0, 0, 0, 0, 0, 0, 210, 224, 1457
"/home/mueller/codes/moris/projects/HMR/src/cl_HMR_Background_Mesh_Base.cpp", "C++", 0, 0, 0, 0, 0, 1499, 0, 0, 0, 0, 0, 0, 0, 534, 455, 2488
"/home/mueller/codes/moris/projects/HMR/src/cl_HMR_Background_Mesh_Base.hpp", "C++", 0, 0, 0, 0, 0, 355, 0, 0, 0, 0, 0, 0, 0, 808, 227, 1390
"/home/mueller/codes/moris/projects/HMR/src/cl_HMR_Basis.hpp", "C++", 0, 0, 0, 0, 0, 522, 0, 0, 0, 0, 0, 0, 0, 478, 211, 1211
"/home/mueller/codes/moris/projects/HMR/src/cl_HMR_Cell_Cluster.cpp", "C++", 0, 0, 0, 0, 0, 123, 0, 0, 0, 0, 0, 0, 0, 34, 45, 202
"/home/mueller/codes/moris/projects/HMR/src/cl_HMR_Cell_Cluster.hpp", "C++", 0, 0, 0, 0, 0, 64, 0, 0, 0, 0, 0, 0, 0, 35, 39, 138
"/home/mueller/codes/moris/projects/HMR/src/cl_HMR_Database.cpp", "C++", 0, 0, 0, 0, 0, 864, 0, 0, 0, 0, 0, 0, 0, 413, 329, 1606
"/home/mueller/codes/moris/projects/HMR/src/cl_HMR_Database.hpp", "C++", 0, 0, 0, 0, 0, 217, 0, 0, 0, 0, 0, 0, 0, 204, 124, 545
"/home/mueller/codes/moris/projects/HMR/src/cl_HMR_Domain.hpp", "C++", 0, 0, 0, 0, 0, 56, 0, 0, 0, 0, 0, 0, 0, 36, 25, 117
"/home/mueller/codes/moris/projects/HMR/src/cl_HMR_Edge.cpp", "C++", 0, 0, 0, 0, 0, 185, 0, 0, 0, 0, 0, 0, 0, 62, 71, 318
"/home/mueller/codes/moris/projects/HMR/src/cl_HMR_Edge.hpp", "C++", 0, 0, 0, 0, 0, 54, 0, 0, 0, 0, 0, 0, 0, 90, 71, 215
"/home/mueller/codes/moris/projects/HMR/src/cl_HMR_Element.cpp", "C++", 0, 0, 0, 0, 0, 71, 0, 0, 0, 0, 0, 0, 0, 22, 21, 114
"/home/mueller/codes/moris/projects/HMR/src/cl_HMR_Element.hpp", "C++", 0, 0, 0, 0, 0, 241, 0, 0, 0, 0, 0, 0, 0, 293, 132, 666
"/home/mueller/codes/moris/projects/HMR/src/cl_HMR_Facet.cpp", "C++", 0, 0, 0, 0, 0, 162, 0, 0, 0, 0, 0, 0, 0, 47, 63, 272
"/home/mueller/codes/moris/projects/HMR/src/cl_HMR_Facet.hpp", "C++", 0, 0, 0, 0, 0, 58, 0, 0, 0, 0, 0, 0, 0, 103, 85, 246
"/home/mueller/codes/moris/projects/HMR/src/cl_HMR_Facet_Cluster.hpp", "C++", 0, 0, 0, 0, 0, 31, 0, 0, 0, 0, 0, 0, 0, 32, 5, 68
"/home/mueller/codes/moris/projects/HMR/src/cl_HMR_Factory.cpp", "C++", 0, 0, 0, 0, 0, 391, 0, 0, 0, 0, 0, 0, 0, 26, 27, 444
"/home/mueller/codes/moris/projects/HMR/src/cl_HMR_Factory.hpp", "C++", 0, 0, 0, 0, 0, 57, 0, 0, 0, 0, 0, 0, 0, 82, 24, 163
"/home/mueller/codes/moris/projects/HMR/src/cl_HMR_Field.cpp", "C++", 0, 0, 0, 0, 0, 286, 0, 0, 0, 0, 0, 0, 0, 85, 116, 487
"/home/mueller/codes/moris/projects/HMR/src/cl_HMR_Field.hpp", "C++", 0, 0, 0, 0, 0, 137, 0, 0, 0, 0, 0, 0, 0, 111, 108, 356
"/home/mueller/codes/moris/projects/HMR/src/cl_HMR_Field_Param.hpp", "C++", 0, 0, 0, 0, 0, 18, 0, 0, 0, 0, 0, 0, 0, 11, 8, 37
"/home/mueller/codes/moris/projects/HMR/src/cl_HMR_File.cpp", "C++", 0, 0, 0, 0, 0, 438, 0, 0, 0, 0, 0, 0, 0, 106, 132, 676
"/home/mueller/codes/moris/projects/HMR/src/cl_HMR_File.hpp", "C++", 0, 0, 0, 0, 0, 37, 0, 0, 0, 0, 0, 0, 0, 66, 34, 137
"/home/mueller/codes/moris/projects/HMR/src/cl_HMR_Lagrange_Edge.hpp", "C++", 0, 0, 0, 0, 0, 57, 0, 0, 0, 0, 0, 0, 0, 25, 22, 104
"/home/mueller/codes/moris/projects/HMR/src/cl_HMR_Lagrange_Edge2.hpp", "C++", 0, 0, 0, 0, 0, 97, 0, 0, 0, 0, 0, 0, 0, 14, 9, 120
"/home/mueller/codes/moris/projects/HMR/src/cl_HMR_Lagrange_Edge3.hpp", "C++", 0, 0, 0, 0, 0, 109, 0, 0, 0, 0, 0, 0, 0, 14, 9, 132
"/home/mueller/codes/moris/projects/HMR/src/cl_HMR_Lagrange_Edge4.hpp", "C++", 0, 0, 0, 0, 0, 121, 0, 0, 0, 0, 0, 0, 0, 14, 9, 144
"/home/mueller/codes/moris/projects/HMR/src/cl_HMR_Lagrange_Element.hpp", "C++", 0, 0, 0, 0, 0, 299, 0, 0, 0, 0, 0, 0, 0, 172, 101, 572
"/home/mueller/codes/moris/projects/HMR/src/cl_HMR_Lagrange_Element_Hex27.hpp", "C++", 0, 0, 0, 0, 0, 1813, 0, 0, 0, 0, 0, 0, 0, 636, 590, 3039
"/home/mueller/codes/moris/projects/HMR/src/cl_HMR_Lagrange_Element_Hex64.hpp", "C++", 0, 0, 0, 0, 0, 3680, 0, 0, 0, 0, 0, 0, 0, 1279, 1151, 6110
"/home/mueller/codes/moris/projects/HMR/src/cl_HMR_Lagrange_Element_Hex8.hpp", "C++", 0, 0, 0, 0, 0, 679, 0, 0, 0, 0, 0, 0, 0, 274, 216, 1169
"/home/mueller/codes/moris/projects/HMR/src/cl_HMR_Lagrange_Element_Quad16.hpp", "C++", 0, 0, 0, 0, 0, 513, 0, 0, 0, 0, 0, 0, 0, 220, 171, 904
"/home/mueller/codes/moris/projects/HMR/src/cl_HMR_Lagrange_Element_Quad4.hpp", "C++", 0, 0, 0, 0, 0, 223, 0, 0, 0, 0, 0, 0, 0, 130, 78, 431
"/home/mueller/codes/moris/projects/HMR/src/cl_HMR_Lagrange_Element_Quad9.hpp", "C++", 0, 0, 0, 0, 0, 357, 0, 0, 0, 0, 0, 0, 0, 171, 120, 648
"/home/mueller/codes/moris/projects/HMR/src/cl_HMR_Lagrange_Facet.hpp", "C++", 0, 0, 0, 0, 0, 89, 0, 0, 0, 0, 0, 0, 0, 44, 36, 169
"/home/mueller/codes/moris/projects/HMR/src/cl_HMR_Lagrange_Facet_Line2.hpp", "C++", 0, 0, 0, 0, 0, 52, 0, 0, 0, 0, 0, 0, 0, 14, 11, 77
"/home/mueller/codes/moris/projects/HMR/src/cl_HMR_Lagrange_Facet_Line3.hpp", "C++", 0, 0, 0, 0, 0, 56, 0, 0, 0, 0, 0, 0, 0, 14, 11, 81
"/home/mueller/codes/moris/projects/HMR/src/cl_HMR_Lagrange_Facet_Line4.hpp", "C++", 0, 0, 0, 0, 0, 60, 0, 0, 0, 0, 0, 0, 0, 14, 11, 85
"/home/mueller/codes/moris/projects/HMR/src/cl_HMR_Lagrange_Facet_Quad16.hpp", "C++", 0, 0, 0, 0, 0, 148, 0, 0, 0, 0, 0, 0, 0, 14, 11, 173
"/home/mueller/codes/moris/projects/HMR/src/cl_HMR_Lagrange_Facet_Quad4.hpp", "C++", 0, 0, 0, 0, 0, 76, 0, 0, 0, 0, 0, 0, 0, 14, 11, 101
"/home/mueller/codes/moris/projects/HMR/src/cl_HMR_Lagrange_Facet_Quad9.hpp", "C++", 0, 0, 0, 0, 0, 106, 0, 0, 0, 0, 0, 0, 0, 14, 10, 130
"/home/mueller/codes/moris/projects/HMR/src/cl_HMR_Lagrange_Mesh.hpp", "C++", 0, 0, 0, 0, 0, 499, 0, 0, 0, 0, 0, 0, 0, 191, 142, 832
"/home/mueller/codes/moris/projects/HMR/src/cl_HMR_Lagrange_Mesh_Base.cpp", "C++", 0, 0, 0, 0, 0, 2457, 0, 0, 0, 0, 0, 0, 0, 987, 756, 4200
"/home/mueller/codes/moris/projects/HMR/src/cl_HMR_Lagrange_Mesh_Base.hpp", "C++", 0, 0, 0, 0, 0, 461, 0, 0, 0, 0, 0, 0, 0, 417, 239, 1117
"/home/mueller/codes/moris/projects/HMR/src/cl_HMR_Lagrange_Node.hpp", "C++", 0, 0, 0, 0, 0, 118, 0, 0, 0, 0, 0, 0, 0, 176, 61, 355
"/home/mueller/codes/moris/projects/HMR/src/cl_HMR_Lagrange_Node_Interpolation.cpp", "C++", 0, 0, 0, 0, 0, 68, 0, 0, 0, 0, 0, 0, 0, 37, 35, 140
"/home/mueller/codes/moris/projects/HMR/src/cl_HMR_Lagrange_Node_Interpolation.hpp", "C++", 0, 0, 0, 0, 0, 26, 0, 0, 0, 0, 0, 0, 0, 54, 27, 107
"/home/mueller/codes/moris/projects/HMR/src/cl_HMR_Mesh.cpp", "C++", 0, 0, 0, 0, 0, 1772, 0, 0, 0, 0, 0, 0, 0, 265, 372, 2409
"/home/mueller/codes/moris/projects/HMR/src/cl_HMR_Mesh.hpp", "C++", 0, 0, 0, 0, 0, 394, 0, 0, 0, 0, 0, 0, 0, 229, 208, 831
"/home/mueller/codes/moris/projects/HMR/src/cl_HMR_Mesh_Base.cpp", "C++", 0, 0, 0, 0, 0, 495, 0, 0, 0, 0, 0, 0, 0, 248, 170, 913
"/home/mueller/codes/moris/projects/HMR/src/cl_HMR_Mesh_Base.hpp", "C++", 0, 0, 0, 0, 0, 185, 0, 0, 0, 0, 0, 0, 0, 247, 103, 535
"/home/mueller/codes/moris/projects/HMR/src/cl_HMR_Mesh_Integration.hpp", "C++", 0, 0, 0, 0, 0, 299, 0, 0, 0, 0, 0, 0, 0, 86, 92, 477
"/home/mueller/codes/moris/projects/HMR/src/cl_HMR_Mesh_Interpolation.hpp", "C++", 0, 0, 0, 0, 0, 59, 0, 0, 0, 0, 0, 0, 0, 17, 18, 94
"/home/mueller/codes/moris/projects/HMR/src/cl_HMR_Parameters.cpp", "C++", 0, 0, 0, 0, 0, 478, 0, 0, 0, 0, 0, 0, 0, 141, 158, 777
"/home/mueller/codes/moris/projects/HMR/src/cl_HMR_Parameters.hpp", "C++", 0, 0, 0, 0, 0, 465, 0, 0, 0, 0, 0, 0, 0, 509, 134, 1108
"/home/mueller/codes/moris/projects/HMR/src/cl_HMR_STK.cpp", "C++", 0, 0, 0, 0, 0, 171, 0, 0, 0, 0, 0, 0, 0, 92, 72, 335
"/home/mueller/codes/moris/projects/HMR/src/cl_HMR_STK.hpp", "C++", 0, 0, 0, 0, 0, 44, 0, 0, 0, 0, 0, 0, 0, 75, 36, 155
"/home/mueller/codes/moris/projects/HMR/src/cl_HMR_Side_Cluster.cpp", "C++", 0, 0, 0, 0, 0, 135, 0, 0, 0, 0, 0, 0, 0, 27, 40, 202
"/home/mueller/codes/moris/projects/HMR/src/cl_HMR_Side_Cluster.hpp", "C++", 0, 0, 0, 0, 0, 68, 0, 0, 0, 0, 0, 0, 0, 28, 41, 137
"/home/mueller/codes/moris/projects/HMR/src/cl_HMR_Side_Set.hpp", "C++", 0, 0, 0, 0, 0, 15, 0, 0, 0, 0, 0, 0, 0, 10, 6, 31
"/home/mueller/codes/moris/projects/HMR/src/cl_HMR_State.hpp", "C++", 0, 0, 0, 0, 0, 13, 0, 0, 0, 0, 0, 0, 0, 11, 4, 28
"/home/mueller/codes/moris/projects/HMR/src/cl_HMR_T_Matrix.hpp", "C++", 0, 0, 0, 0, 0, 423, 0, 0, 0, 0, 0, 0, 0, 203, 128, 754
"/home/mueller/codes/moris/projects/HMR/src/cl_HMR_T_Matrix_2D.cpp", "C++", 0, 0, 0, 0, 0, 182, 0, 0, 0, 0, 0, 0, 0, 23, 29, 234
"/home/mueller/codes/moris/projects/HMR/src/cl_HMR_T_Matrix_3D.cpp", "C++", 0, 0, 0, 0, 0, 610, 0, 0, 0, 0, 0, 0, 0, 22, 44, 676
"/home/mueller/codes/moris/projects/HMR/src/cl_HMR_T_Matrix_Advanced.hpp", "C++", 0, 0, 0, 0, 0, 116, 0, 0, 0, 0, 0, 0, 0, 67, 42, 225
"/home/mueller/codes/moris/projects/HMR/src/cl_HMR_T_Matrix_Base.cpp", "C++", 0, 0, 0, 0, 0, 357, 0, 0, 0, 0, 0, 0, 0, 157, 134, 648
"/home/mueller/codes/moris/projects/HMR/src/cl_HMR_T_Matrix_Base.hpp", "C++", 0, 0, 0, 0, 0, 83, 0, 0, 0, 0, 0, 0, 0, 83, 39, 205
"/home/mueller/codes/moris/projects/HMR/src/fn_HMR_Background_Element_Edges_3D.hpp", "C++", 0, 0, 0, 0, 0, 588, 0, 0, 0, 0, 0, 0, 0, 212, 81, 881
"/home/mueller/codes/moris/projects/HMR/src/fn_HMR_Background_Element_Neighbors_2D.hpp", "C++", 0, 0, 0, 0, 0, 830, 0, 0, 0, 0, 0, 0, 0, 400, 191, 1421
"/home/mueller/codes/moris/projects/HMR/src/fn_HMR_Background_Element_Neighbors_3D.hpp", "C++", 0, 0, 0, 0, 0, 12938, 0, 0, 0, 0, 0, 0, 0, 6403, 3143, 22484
"/home/mueller/codes/moris/projects/HMR/src/fn_HMR_bspline_shape.cpp", "C++", 0, 0, 0, 0, 0, 71, 0, 0, 0, 0, 0, 0, 0, 23, 17, 111
"/home/mueller/codes/moris/projects/HMR/src/fn_HMR_bspline_shape.hpp", "C++", 0, 0, 0, 0, 0, 13, 0, 0, 0, 0, 0, 0, 0, 25, 5, 43
"/home/mueller/codes/moris/projects/HMR/src/fn_HMR_calculate_basis_identifier.hpp", "C++", 0, 0, 0, 0, 0, 22, 0, 0, 0, 0, 0, 0, 0, 18, 4, 44
"/home/mueller/codes/moris/projects/HMR/src/fn_HMR_get_basis_neighbors_2d.hpp", "C++", 0, 0, 0, 0, 0, 540, 0, 0, 0, 0, 0, 0, 0, 304, 121, 965
"/home/mueller/codes/moris/projects/HMR/src/fn_HMR_get_basis_neighbors_3d.hpp", "C++", 0, 0, 0, 0, 0, 8220, 0, 0, 0, 0, 0, 0, 0, 4832, 1698, 14750
"/home/mueller/codes/moris/projects/HMR/src/fn_HMR_refinement_transition_locations.hpp", "C++", 0, 0, 0, 0, 0, 368, 0, 0, 0, 0, 0, 0, 0, 91, 40, 499
"/home/mueller/codes/moris/projects/HMR/test/CMakeLists.txt", "CMake", 0, 0, 0, 0, 0, 0, 47, 0, 0, 0, 0, 0, 0, 0, 10, 57
"/home/mueller/codes/moris/projects/HMR/test/main.cpp", "C++", 0, 0, 0, 0, 0, 22, 0, 0, 0, 0, 0, 0, 0, 16, 13, 51
"/home/mueller/codes/moris/projects/HMR/test/test_main.cpp", "C++", 0, 0, 0, 0, 0, 19, 0, 0, 0, 0, 0, 0, 0, 14, 11, 44
"/home/mueller/codes/moris/projects/HMR/test/ut_HMR_BSpline.cpp", "C++", 0, 0, 0, 0, 0, 67, 0, 0, 0, 0, 0, 0, 0, 16, 11, 94
"/home/mueller/codes/moris/projects/HMR/test/ut_HMR_BSpline_Mesh.cpp", "C++", 0, 0, 0, 0, 0, 176, 0, 0, 0, 0, 0, 0, 0, 64, 64, 304
"/home/mueller/codes/moris/projects/HMR/test/ut_HMR_BSpline_Mesh_Private.cpp", "C++", 0, 0, 0, 0, 0, 97, 0, 0, 0, 0, 0, 0, 0, 31, 32, 160
"/home/mueller/codes/moris/projects/HMR/test/ut_HMR_Background_Mesh.cpp", "C++", 0, 0, 0, 0, 0, 1275, 0, 0, 0, 0, 0, 0, 0, 662, 604, 2541
"/home/mueller/codes/moris/projects/HMR/test/ut_HMR_Background_Mesh_Private.cpp", "C++", 0, 0, 0, 0, 0, 449, 0, 0, 0, 0, 0, 0, 0, 198, 184, 831
"/home/mueller/codes/moris/projects/HMR/test/ut_HMR_IO.cpp", "C++", 0, 0, 0, 0, 0, 143, 0, 0, 0, 0, 0, 0, 0, 67, 76, 286
"/home/mueller/codes/moris/projects/HMR/test/ut_HMR_Integration_Mesh.cpp", "C++", 0, 0, 0, 0, 0, 199, 0, 0, 0, 0, 0, 0, 0, 32, 92, 323
"/home/mueller/codes/moris/projects/HMR/test/ut_HMR_L2.cpp", "C++", 0, 0, 0, 0, 0, 582, 0, 0, 0, 0, 0, 0, 0, 345, 330, 1257
"/home/mueller/codes/moris/projects/HMR/test/ut_HMR_Lagrange_Elements.cpp", "C++", 0, 0, 0, 0, 0, 122, 0, 0, 0, 0, 0, 0, 0, 26, 58, 206
"/home/mueller/codes/moris/projects/HMR/test/ut_HMR_Lagrange_Mesh.cpp", "C++", 0, 0, 0, 0, 0, 893, 0, 0, 0, 0, 0, 0, 0, 218, 404, 1515
"/home/mueller/codes/moris/projects/HMR/test/ut_HMR_SideSets.cpp", "C++", 0, 0, 0, 0, 0, 198, 0, 0, 0, 0, 0, 0, 0, 235, 136, 569
"/home/mueller/codes/moris/projects/HMR/test/ut_HMR_T_Matrix.cpp", "C++", 0, 0, 0, 0, 0, 125, 0, 0, 0, 0, 0, 0, 0, 47, 36, 208
"/home/mueller/codes/moris/projects/HMR/test/ut_HMR_User_Defined_Refinement.cpp", "C++", 0, 0, 0, 0, 0, 211, 0, 0, 0, 0, 0, 0, 0, 72, 82, 365
"/home/mueller/codes/moris/projects/LINALG/CMakeLists.txt", "CMake", 0, 0, 0, 0, 0, 0, 14, 0, 0, 0, 0, 0, 0, 0, 5, 19
"/home/mueller/codes/moris/projects/LINALG/src/Arma_Impl/cl_Matrix_Arma_Dynamic.hpp", "C++", 0, 0, 0, 0, 0, 559, 0, 0, 0, 0, 0, 0, 0, 258, 201, 1018
"/home/mueller/codes/moris/projects/LINALG/src/Arma_Impl/fn_chol_l_Arma.hpp", "C++", 0, 0, 0, 0, 0, 16, 0, 0, 0, 0, 0, 0, 0, 9, 6, 31
"/home/mueller/codes/moris/projects/LINALG/src/Arma_Impl/fn_chol_u_Arma.hpp", "C++", 0, 0, 0, 0, 0, 16, 0, 0, 0, 0, 0, 0, 0, 9, 6, 31
"/home/mueller/codes/moris/projects/LINALG/src/Arma_Impl/fn_comp_abs_Arma.hpp", "C++", 0, 0, 0, 0, 0, 19, 0, 0, 0, 0, 0, 0, 0, 9, 7, 35
"/home/mueller/codes/moris/projects/LINALG/src/Arma_Impl/fn_cond_Arma.hpp", "C++", 0, 0, 0, 0, 0, 14, 0, 0, 0, 0, 0, 0, 0, 9, 6, 29
"/home/mueller/codes/moris/projects/LINALG/src/Arma_Impl/fn_cross_Arma.hpp", "C++", 0, 0, 0, 0, 0, 34, 0, 0, 0, 0, 0, 0, 0, 9, 7, 50
"/home/mueller/codes/moris/projects/LINALG/src/Arma_Impl/fn_ctrans_Arma.hpp", "C++", 0, 0, 0, 0, 0, 14, 0, 0, 0, 0, 0, 0, 0, 9, 6, 29
"/home/mueller/codes/moris/projects/LINALG/src/Arma_Impl/fn_det_Arma.hpp", "C++", 0, 0, 0, 0, 0, 21, 0, 0, 0, 0, 0, 0, 0, 9, 7, 37
"/home/mueller/codes/moris/projects/LINALG/src/Arma_Impl/fn_diag_mat_Arma.hpp", "C++", 0, 0, 0, 0, 0, 16, 0, 0, 0, 0, 0, 0, 0, 9, 5, 30
"/home/mueller/codes/moris/projects/LINALG/src/Arma_Impl/fn_diag_vec_Arma.hpp", "C++", 0, 0, 0, 0, 0, 16, 0, 0, 0, 0, 0, 0, 0, 9, 6, 31
"/home/mueller/codes/moris/projects/LINALG/src/Arma_Impl/fn_dot_Arma.hpp", "C++", 0, 0, 0, 0, 0, 34, 0, 0, 0, 0, 0, 0, 0, 9, 8, 51
"/home/mueller/codes/moris/projects/LINALG/src/Arma_Impl/fn_eig_gen_Arma.hpp", "C++", 0, 0, 0, 0, 0, 20, 0, 0, 0, 0, 0, 0, 0, 9, 8, 37
"/home/mueller/codes/moris/projects/LINALG/src/Arma_Impl/fn_eig_sym_Arma.hpp", "C++", 0, 0, 0, 0, 0, 20, 0, 0, 0, 0, 0, 0, 0, 9, 8, 37
"/home/mueller/codes/moris/projects/LINALG/src/Arma_Impl/fn_eye_Arma.hpp", "C++", 0, 0, 0, 0, 0, 29, 0, 0, 0, 0, 0, 0, 0, 9, 7, 45
"/home/mueller/codes/moris/projects/LINALG/src/Arma_Impl/fn_find_Arma.hpp", "C++", 0, 0, 0, 0, 0, 22, 0, 0, 0, 0, 0, 0, 0, 11, 7, 40
"/home/mueller/codes/moris/projects/LINALG/src/Arma_Impl/fn_find_unique_Arma.hpp", "C++", 0, 0, 0, 0, 0, 14, 0, 0, 0, 0, 0, 0, 0, 10, 6, 30
"/home/mueller/codes/moris/projects/LINALG/src/Arma_Impl/fn_histc_Arma.hpp", "C++", 0, 0, 0, 0, 0, 15, 0, 0, 0, 0, 0, 0, 0, 9, 6, 30
"/home/mueller/codes/moris/projects/LINALG/src/Arma_Impl/fn_interp1_Arma.hpp", "C++", 0, 0, 0, 0, 0, 27, 0, 0, 0, 0, 0, 0, 0, 9, 7, 43
"/home/mueller/codes/moris/projects/LINALG/src/Arma_Impl/fn_intersect_Arma.hpp", "C++", 0, 0, 0, 0, 0, 31, 0, 0, 0, 0, 0, 0, 0, 13, 10, 54
"/home/mueller/codes/moris/projects/LINALG/src/Arma_Impl/fn_inv_Arma.hpp", "C++", 0, 0, 0, 0, 0, 14, 0, 0, 0, 0, 0, 0, 0, 9, 6, 29
"/home/mueller/codes/moris/projects/LINALG/src/Arma_Impl/fn_iscol_Arma.hpp", "C++", 0, 0, 0, 0, 0, 14, 0, 0, 0, 0, 0, 0, 0, 9, 6, 29
"/home/mueller/codes/moris/projects/LINALG/src/Arma_Impl/fn_isempty_Arma.hpp", "C++", 0, 0, 0, 0, 0, 14, 0, 0, 0, 0, 0, 0, 0, 9, 6, 29
"/home/mueller/codes/moris/projects/LINALG/src/Arma_Impl/fn_isfinite_Arma.hpp", "C++", 0, 0, 0, 0, 0, 14, 0, 0, 0, 0, 0, 0, 0, 9, 6, 29
"/home/mueller/codes/moris/projects/LINALG/src/Arma_Impl/fn_isrow_Arma.hpp", "C++", 0, 0, 0, 0, 0, 14, 0, 0, 0, 0, 0, 0, 0, 9, 6, 29
"/home/mueller/codes/moris/projects/LINALG/src/Arma_Impl/fn_issquare_Arma.hpp", "C++", 0, 0, 0, 0, 0, 14, 0, 0, 0, 0, 0, 0, 0, 9, 6, 29
"/home/mueller/codes/moris/projects/LINALG/src/Arma_Impl/fn_isvector_Arma.hpp", "C++", 0, 0, 0, 0, 0, 14, 0, 0, 0, 0, 0, 0, 0, 9, 6, 29
"/home/mueller/codes/moris/projects/LINALG/src/Arma_Impl/fn_join_horiz_Arma.hpp", "C++", 0, 0, 0, 0, 0, 15, 0, 0, 0, 0, 0, 0, 0, 9, 6, 30
"/home/mueller/codes/moris/projects/LINALG/src/Arma_Impl/fn_linsolve_Arma.hpp", "C++", 0, 0, 0, 0, 0, 28, 0, 0, 0, 0, 0, 0, 0, 65, 6, 99
"/home/mueller/codes/moris/projects/LINALG/src/Arma_Impl/fn_linspace_Arma.hpp", "C++", 0, 0, 0, 0, 0, 16, 0, 0, 0, 0, 0, 0, 0, 9, 6, 31
"/home/mueller/codes/moris/projects/LINALG/src/Arma_Impl/fn_lu_Arma.hpp", "C++", 0, 0, 0, 0, 0, 19, 0, 0, 0, 0, 0, 0, 0, 9, 6, 34
"/home/mueller/codes/moris/projects/LINALG/src/Arma_Impl/fn_max_Arma.hpp", "C++", 0, 0, 0, 0, 0, 13, 0, 0, 0, 0, 0, 0, 0, 9, 4, 26
"/home/mueller/codes/moris/projects/LINALG/src/Arma_Impl/fn_min_Arma.hpp", "C++", 0, 0, 0, 0, 0, 13, 0, 0, 0, 0, 0, 0, 0, 9, 5, 27
"/home/mueller/codes/moris/projects/LINALG/src/Arma_Impl/fn_norm_Arma.hpp", "C++", 0, 0, 0, 0, 0, 14, 0, 0, 0, 0, 0, 0, 0, 9, 6, 29
"/home/mueller/codes/moris/projects/LINALG/src/Arma_Impl/fn_prod_Arma.hpp", "C++", 0, 0, 0, 0, 0, 37, 0, 0, 0, 0, 0, 0, 0, 9, 9, 55
"/home/mueller/codes/moris/projects/LINALG/src/Arma_Impl/fn_qr_Arma.hpp", "C++", 0, 0, 0, 0, 0, 19, 0, 0, 0, 0, 0, 0, 0, 9, 6, 34
"/home/mueller/codes/moris/projects/LINALG/src/Arma_Impl/fn_rank_Arma.hpp", "C++", 0, 0, 0, 0, 0, 14, 0, 0, 0, 0, 0, 0, 0, 9, 6, 29
"/home/mueller/codes/moris/projects/LINALG/src/Arma_Impl/fn_reshape_Arma.hpp", "C++", 0, 0, 0, 0, 0, 16, 0, 0, 0, 0, 0, 0, 0, 9, 6, 31
"/home/mueller/codes/moris/projects/LINALG/src/Arma_Impl/fn_sort_Arma.hpp", "C++", 0, 0, 0, 0, 0, 25, 0, 0, 0, 0, 0, 0, 0, 9, 7, 41
"/home/mueller/codes/moris/projects/LINALG/src/Arma_Impl/fn_sort_index_Arma.hpp", "C++", 0, 0, 0, 0, 0, 28, 0, 0, 0, 0, 0, 0, 0, 11, 12, 51
"/home/mueller/codes/moris/projects/LINALG/src/Arma_Impl/fn_sqrtmat_Arma.hpp", "C++", 0, 0, 0, 0, 0, 25, 0, 0, 0, 0, 0, 0, 0, 27, 10, 62
"/home/mueller/codes/moris/projects/LINALG/src/Arma_Impl/fn_sum_Arma.hpp", "C++", 0, 0, 0, 0, 0, 20, 0, 0, 0, 0, 0, 0, 0, 23, 9, 52
"/home/mueller/codes/moris/projects/LINALG/src/Arma_Impl/fn_svd_Arma.hpp", "C++", 0, 0, 0, 0, 0, 36, 0, 0, 0, 0, 0, 0, 0, 10, 12, 58
"/home/mueller/codes/moris/projects/LINALG/src/Arma_Impl/fn_sylvester_Arma.hpp", "C++", 0, 0, 0, 0, 0, 27, 0, 0, 0, 0, 0, 0, 0, 28, 9, 64
"/home/mueller/codes/moris/projects/LINALG/src/Arma_Impl/fn_trace_Arma.hpp", "C++", 0, 0, 0, 0, 0, 19, 0, 0, 0, 0, 0, 0, 0, 9, 6, 34
"/home/mueller/codes/moris/projects/LINALG/src/Arma_Impl/fn_trans_Arma.hpp", "C++", 0, 0, 0, 0, 0, 14, 0, 0, 0, 0, 0, 0, 0, 9, 5, 28
"/home/mueller/codes/moris/projects/LINALG/src/Arma_Impl/fn_unique_Arma.hpp", "C++", 0, 0, 0, 0, 0, 14, 0, 0, 0, 0, 0, 0, 0, 9, 6, 29
"/home/mueller/codes/moris/projects/LINALG/src/Arma_Impl/fn_vectorize_Arma.hpp", "C++", 0, 0, 0, 0, 0, 16, 0, 0, 0, 0, 0, 0, 0, 9, 6, 31
"/home/mueller/codes/moris/projects/LINALG/src/Arma_Impl/op_elemwise_div_Arma.hpp", "C++", 0, 0, 0, 0, 0, 28, 0, 0, 0, 0, 0, 0, 0, 13, 12, 53
"/home/mueller/codes/moris/projects/LINALG/src/Arma_Impl/op_elemwise_mult_Arma.hpp", "C++", 0, 0, 0, 0, 0, 37, 0, 0, 0, 0, 0, 0, 0, 14, 13, 64
"/home/mueller/codes/moris/projects/LINALG/src/Arma_Impl/op_equal_equal_Arma.hpp", "C++", 0, 0, 0, 0, 0, 42, 0, 0, 0, 0, 0, 0, 0, 9, 9, 60
"/home/mueller/codes/moris/projects/LINALG/src/Arma_Impl/op_greater_Arma.hpp", "C++", 0, 0, 0, 0, 0, 22, 0, 0, 0, 0, 0, 0, 0, 9, 6, 37
"/home/mueller/codes/moris/projects/LINALG/src/Arma_Impl/op_greater_equal_Arma.hpp", "C++", 0, 0, 0, 0, 0, 22, 0, 0, 0, 0, 0, 0, 0, 9, 7, 38
"/home/mueller/codes/moris/projects/LINALG/src/Arma_Impl/op_less_Arma.hpp", "C++", 0, 0, 0, 0, 0, 27, 0, 0, 0, 0, 0, 0, 0, 9, 7, 43
"/home/mueller/codes/moris/projects/LINALG/src/Arma_Impl/op_less_equal_Arma.hpp", "C++", 0, 0, 0, 0, 0, 29, 0, 0, 0, 0, 0, 0, 0, 9, 7, 45
"/home/mueller/codes/moris/projects/LINALG/src/Arma_Impl/op_minus_Arma.hpp", "C++", 0, 0, 0, 0, 0, 39, 0, 0, 0, 0, 0, 0, 0, 9, 9, 57
"/home/mueller/codes/moris/projects/LINALG/src/Arma_Impl/op_not_equal_Arma.hpp", "C++", 0, 0, 0, 0, 0, 26, 0, 0, 0, 0, 0, 0, 0, 9, 7, 42
"/home/mueller/codes/moris/projects/LINALG/src/Arma_Impl/op_plus_Arma.hpp", "C++", 0, 0, 0, 0, 0, 25, 0, 0, 0, 0, 0, 0, 0, 9, 7, 41
"/home/mueller/codes/moris/projects/LINALG/src/Arma_Impl/op_times_Arma.hpp", "C++", 0, 0, 0, 0, 0, 25, 0, 0, 0, 0, 0, 0, 0, 9, 7, 41
"/home/mueller/codes/moris/projects/LINALG/src/CMakeLists.txt", "CMake", 0, 0, 0, 0, 0, 0, 265, 0, 0, 0, 0, 0, 0, 0, 23, 288
"/home/mueller/codes/moris/projects/LINALG/src/Eigen_Impl/cl_Matrix_Eigen_3x1.hpp", "C++", 0, 0, 0, 0, 0, 161, 0, 0, 0, 0, 0, 0, 0, 125, 37, 323
"/home/mueller/codes/moris/projects/LINALG/src/Eigen_Impl/cl_Matrix_Eigen_3x3.hpp", "C++", 0, 0, 0, 0, 0, 59, 0, 0, 0, 0, 0, 0, 0, 10, 18, 87
"/home/mueller/codes/moris/projects/LINALG/src/Eigen_Impl/cl_Matrix_Eigen_Dynamic.hpp", "C++", 0, 0, 0, 0, 0, 330, 0, 0, 0, 0, 0, 0, 0, 68, 67, 465
"/home/mueller/codes/moris/projects/LINALG/src/Eigen_Impl/fn_chol_l_Eigen.hpp", "C++", 0, 0, 0, 0, 0, 15, 0, 0, 0, 0, 0, 0, 0, 9, 6, 30
"/home/mueller/codes/moris/projects/LINALG/src/Eigen_Impl/fn_chol_u_Eigen.hpp", "C++", 0, 0, 0, 0, 0, 15, 0, 0, 0, 0, 0, 0, 0, 9, 6, 30
"/home/mueller/codes/moris/projects/LINALG/src/Eigen_Impl/fn_comp_abs_Eigen.hpp", "C++", 0, 0, 0, 0, 0, 20, 0, 0, 0, 0, 0, 0, 0, 9, 8, 37
"/home/mueller/codes/moris/projects/LINALG/src/Eigen_Impl/fn_cond_Eigen.hpp", "C++", 0, 0, 0, 0, 0, 19, 0, 0, 0, 0, 0, 0, 0, 9, 7, 35
"/home/mueller/codes/moris/projects/LINALG/src/Eigen_Impl/fn_cross_Eigen.hpp", "C++", 0, 0, 0, 0, 0, 32, 0, 0, 0, 0, 0, 0, 0, 9, 8, 49
"/home/mueller/codes/moris/projects/LINALG/src/Eigen_Impl/fn_ctrans_Eigen.hpp", "C++", 0, 0, 0, 0, 0, 14, 0, 0, 0, 0, 0, 0, 0, 9, 7, 30
"/home/mueller/codes/moris/projects/LINALG/src/Eigen_Impl/fn_det_Eigen.hpp", "C++", 0, 0, 0, 0, 0, 22, 0, 0, 0, 0, 0, 0, 0, 9, 9, 40
"/home/mueller/codes/moris/projects/LINALG/src/Eigen_Impl/fn_diag_mat_Eigen.hpp", "C++", 0, 0, 0, 0, 0, 17, 0, 0, 0, 0, 0, 0, 0, 9, 7, 33
"/home/mueller/codes/moris/projects/LINALG/src/Eigen_Impl/fn_diag_vec_Eigen.hpp", "C++", 0, 0, 0, 0, 0, 17, 0, 0, 0, 0, 0, 0, 0, 9, 7, 33
"/home/mueller/codes/moris/projects/LINALG/src/Eigen_Impl/fn_dot_Eigen.hpp", "C++", 0, 0, 0, 0, 0, 32, 0, 0, 0, 0, 0, 0, 0, 9, 9, 50
"/home/mueller/codes/moris/projects/LINALG/src/Eigen_Impl/fn_eig_gen_Eigen.hpp", "C++", 0, 0, 0, 0, 0, 17, 0, 0, 0, 0, 0, 0, 0, 9, 6, 32
"/home/mueller/codes/moris/projects/LINALG/src/Eigen_Impl/fn_eig_sym_Eigen.hpp", "C++", 0, 0, 0, 0, 0, 17, 0, 0, 0, 0, 0, 0, 0, 9, 6, 32
"/home/mueller/codes/moris/projects/LINALG/src/Eigen_Impl/fn_eye_Eigen.hpp", "C++", 0, 0, 0, 0, 0, 30, 0, 0, 0, 0, 0, 0, 0, 9, 7, 46
"/home/mueller/codes/moris/projects/LINALG/src/Eigen_Impl/fn_find_Eigen.hpp", "C++", 0, 0, 0, 0, 0, 50, 0, 0, 0, 0, 0, 0, 0, 11, 17, 78
"/home/mueller/codes/moris/projects/LINALG/src/Eigen_Impl/fn_find_unique_Eigen.hpp", "C++", 0, 0, 0, 0, 0, 42, 0, 0, 0, 0, 0, 0, 0, 19, 16, 77
"/home/mueller/codes/moris/projects/LINALG/src/Eigen_Impl/fn_histc_Eigen.hpp", "C++", 0, 0, 0, 0, 0, 29, 0, 0, 0, 0, 0, 0, 0, 11, 6, 46
"/home/mueller/codes/moris/projects/LINALG/src/Eigen_Impl/fn_intersect_Eigen.hpp", "C++", 0, 0, 0, 0, 0, 34, 0, 0, 0, 0, 0, 0, 0, 13, 10, 57
"/home/mueller/codes/moris/projects/LINALG/src/Eigen_Impl/fn_inv_Eigen.hpp", "C++", 0, 0, 0, 0, 0, 14, 0, 0, 0, 0, 0, 0, 0, 9, 7, 30
"/home/mueller/codes/moris/projects/LINALG/src/Eigen_Impl/fn_iscol_Eigen.hpp", "C++", 0, 0, 0, 0, 0, 17, 0, 0, 0, 0, 0, 0, 0, 9, 5, 31
"/home/mueller/codes/moris/projects/LINALG/src/Eigen_Impl/fn_isempty_Eigen.hpp", "C++", 0, 0, 0, 0, 0, 17, 0, 0, 0, 0, 0, 0, 0, 11, 5, 33
"/home/mueller/codes/moris/projects/LINALG/src/Eigen_Impl/fn_isfinite_Eigen.hpp", "C++", 0, 0, 0, 0, 0, 14, 0, 0, 0, 0, 0, 0, 0, 9, 5, 28
"/home/mueller/codes/moris/projects/LINALG/src/Eigen_Impl/fn_isrow_Eigen.hpp", "C++", 0, 0, 0, 0, 0, 17, 0, 0, 0, 0, 0, 0, 0, 9, 6, 32
"/home/mueller/codes/moris/projects/LINALG/src/Eigen_Impl/fn_issquare_Eigen.hpp", "C++", 0, 0, 0, 0, 0, 17, 0, 0, 0, 0, 0, 0, 0, 9, 5, 31
"/home/mueller/codes/moris/projects/LINALG/src/Eigen_Impl/fn_isvector_Eigen.hpp", "C++", 0, 0, 0, 0, 0, 17, 0, 0, 0, 0, 0, 0, 0, 9, 6, 32
"/home/mueller/codes/moris/projects/LINALG/src/Eigen_Impl/fn_linsolve_Eigen.hpp", "C++", 0, 0, 0, 0, 0, 24, 0, 0, 0, 0, 0, 0, 0, 18, 7, 49
"/home/mueller/codes/moris/projects/LINALG/src/Eigen_Impl/fn_linspace_Eigen.hpp", "C++", 0, 0, 0, 0, 0, 17, 0, 0, 0, 0, 0, 0, 0, 9, 6, 32
"/home/mueller/codes/moris/projects/LINALG/src/Eigen_Impl/fn_lu_Eigen.hpp", "C++", 0, 0, 0, 0, 0, 20, 0, 0, 0, 0, 0, 0, 0, 11, 10, 41
"/home/mueller/codes/moris/projects/LINALG/src/Eigen_Impl/fn_norm_Eigen.hpp", "C++", 0, 0, 0, 0, 0, 22, 0, 0, 0, 0, 0, 0, 0, 9, 8, 39
"/home/mueller/codes/moris/projects/LINALG/src/Eigen_Impl/fn_prod_Eigen.hpp", "C++", 0, 0, 0, 0, 0, 22, 0, 0, 0, 0, 0, 0, 0, 9, 9, 40
"/home/mueller/codes/moris/projects/LINALG/src/Eigen_Impl/fn_qr_Eigen.hpp", "C++", 0, 0, 0, 0, 0, 19, 0, 0, 0, 0, 0, 0, 0, 9, 5, 33
"/home/mueller/codes/moris/projects/LINALG/src/Eigen_Impl/fn_reshape_Eigen.hpp", "C++", 0, 0, 0, 0, 0, 18, 0, 0, 0, 0, 0, 0, 0, 9, 8, 35
"/home/mueller/codes/moris/projects/LINALG/src/Eigen_Impl/fn_sort_Eigen.hpp", "C++", 0, 0, 0, 0, 0, 32, 0, 0, 0, 0, 0, 0, 0, 14, 11, 57
"/home/mueller/codes/moris/projects/LINALG/src/Eigen_Impl/fn_sort_index_Eigen.hpp", "C++", 0, 0, 0, 0, 0, 27, 0, 0, 0, 0, 0, 0, 0, 9, 10, 46
"/home/mueller/codes/moris/projects/LINALG/src/Eigen_Impl/fn_sum_Eigen.hpp", "C++", 0, 0, 0, 0, 0, 15, 0, 0, 0, 0, 0, 0, 0, 9, 6, 30
"/home/mueller/codes/moris/projects/LINALG/src/Eigen_Impl/fn_svd_Eigen.hpp", "C++", 0, 0, 0, 0, 0, 32, 0, 0, 0, 0, 0, 0, 0, 9, 12, 53
"/home/mueller/codes/moris/projects/LINALG/src/Eigen_Impl/fn_trans_Eigen.hpp", "C++", 0, 0, 0, 0, 0, 24, 0, 0, 0, 0, 0, 0, 0, 9, 8, 41
"/home/mueller/codes/moris/projects/LINALG/src/Eigen_Impl/fn_unique_Eigen.hpp", "C++", 0, 0, 0, 0, 0, 33, 0, 0, 0, 0, 0, 0, 0, 16, 12, 61
"/home/mueller/codes/moris/projects/LINALG/src/Eigen_Impl/fn_vectorize_Eigen.hpp", "C++", 0, 0, 0, 0, 0, 22, 0, 0, 0, 0, 0, 0, 0, 9, 7, 38
"/home/mueller/codes/moris/projects/LINALG/src/Eigen_Impl/op_elemwise_div_Eigen.hpp", "C++", 0, 0, 0, 0, 0, 32, 0, 0, 0, 0, 0, 0, 0, 13, 13, 58
"/home/mueller/codes/moris/projects/LINALG/src/Eigen_Impl/op_elemwise_mult_Eigen.hpp", "C++", 0, 0, 0, 0, 0, 41, 0, 0, 0, 0, 0, 0, 0, 14, 14, 69
"/home/mueller/codes/moris/projects/LINALG/src/Eigen_Impl/op_equal_equal_Eigen.hpp", "C++", 0, 0, 0, 0, 0, 48, 0, 0, 0, 0, 0, 0, 0, 11, 10, 69
"/home/mueller/codes/moris/projects/LINALG/src/Eigen_Impl/op_greater_Eigen.hpp", "C++", 0, 0, 0, 0, 0, 49, 0, 0, 0, 0, 0, 0, 0, 10, 11, 70
"/home/mueller/codes/moris/projects/LINALG/src/Eigen_Impl/op_greater_equal_Eigen.hpp", "C++", 0, 0, 0, 0, 0, 49, 0, 0, 0, 0, 0, 0, 0, 10, 9, 68
"/home/mueller/codes/moris/projects/LINALG/src/Eigen_Impl/op_less_Eigen.hpp", "C++", 0, 0, 0, 0, 0, 57, 0, 0, 0, 0, 0, 0, 0, 10, 12, 79
"/home/mueller/codes/moris/projects/LINALG/src/Eigen_Impl/op_less_equal_Eigen.hpp", "C++", 0, 0, 0, 0, 0, 57, 0, 0, 0, 0, 0, 0, 0, 10, 12, 79
"/home/mueller/codes/moris/projects/LINALG/src/Eigen_Impl/op_minus_Eigen.hpp", "C++", 0, 0, 0, 0, 0, 40, 0, 0, 0, 0, 0, 0, 0, 9, 10, 59
"/home/mueller/codes/moris/projects/LINALG/src/Eigen_Impl/op_not_equal_Eigen.hpp", "C++", 0, 0, 0, 0, 0, 49, 0, 0, 0, 0, 0, 0, 0, 10, 10, 69
"/home/mueller/codes/moris/projects/LINALG/src/Eigen_Impl/op_plus_Eigen.hpp", "C++", 0, 0, 0, 0, 0, 24, 0, 0, 0, 0, 0, 0, 0, 9, 8, 41
"/home/mueller/codes/moris/projects/LINALG/src/Eigen_Impl/op_times_Eigen.hpp", "C++", 0, 0, 0, 0, 0, 32, 0, 0, 0, 0, 0, 0, 0, 24, 10, 66
"/home/mueller/codes/moris/projects/LINALG/src/cl_Matrix.hpp", "C++", 0, 0, 0, 0, 0, 281, 0, 0, 0, 0, 0, 0, 0, 226, 91, 598
"/home/mueller/codes/moris/projects/LINALG/src/fn_all_true.hpp", "C++", 0, 0, 0, 0, 0, 26, 0, 0, 0, 0, 0, 0, 0, 14, 10, 50
"/home/mueller/codes/moris/projects/LINALG/src/fn_chol_l.hpp", "C++", 0, 0, 0, 0, 0, 20, 0, 0, 0, 0, 0, 0, 0, 22, 8, 50
"/home/mueller/codes/moris/projects/LINALG/src/fn_chol_u.hpp", "C++", 0, 0, 0, 0, 0, 20, 0, 0, 0, 0, 0, 0, 0, 22, 8, 50
"/home/mueller/codes/moris/projects/LINALG/src/fn_comp_abs.hpp", "C++", 0, 0, 0, 0, 0, 27, 0, 0, 0, 0, 0, 0, 0, 10, 11, 48
"/home/mueller/codes/moris/projects/LINALG/src/fn_cond.hpp", "C++", 0, 0, 0, 0, 0, 20, 0, 0, 0, 0, 0, 0, 0, 21, 8, 49
"/home/mueller/codes/moris/projects/LINALG/src/fn_cross.hpp", "C++", 0, 0, 0, 0, 0, 24, 0, 0, 0, 0, 0, 0, 0, 17, 9, 50
"/home/mueller/codes/moris/projects/LINALG/src/fn_ctrans.hpp", "C++", 0, 0, 0, 0, 0, 20, 0, 0, 0, 0, 0, 0, 0, 22, 9, 51
"/home/mueller/codes/moris/projects/LINALG/src/fn_det.hpp", "C++", 0, 0, 0, 0, 0, 20, 0, 0, 0, 0, 0, 0, 0, 27, 9, 56
"/home/mueller/codes/moris/projects/LINALG/src/fn_diag_mat.hpp", "C++", 0, 0, 0, 0, 0, 21, 0, 0, 0, 0, 0, 0, 0, 27, 9, 57
"/home/mueller/codes/moris/projects/LINALG/src/fn_diag_vec.hpp", "C++", 0, 0, 0, 0, 0, 29, 0, 0, 0, 0, 0, 0, 0, 27, 10, 66
"/home/mueller/codes/moris/projects/LINALG/src/fn_dot.hpp", "C++", 0, 0, 0, 0, 0, 22, 0, 0, 0, 0, 0, 0, 0, 21, 7, 50
"/home/mueller/codes/moris/projects/LINALG/src/fn_eig_gen.hpp", "C++", 0, 0, 0, 0, 0, 21, 0, 0, 0, 0, 0, 0, 0, 19, 8, 48
"/home/mueller/codes/moris/projects/LINALG/src/fn_eig_sym.hpp", "C++", 0, 0, 0, 0, 0, 21, 0, 0, 0, 0, 0, 0, 0, 19, 8, 48
"/home/mueller/codes/moris/projects/LINALG/src/fn_eye.hpp", "C++", 0, 0, 0, 0, 0, 32, 0, 0, 0, 0, 0, 0, 0, 27, 12, 71
"/home/mueller/codes/moris/projects/LINALG/src/fn_find.hpp", "C++", 0, 0, 0, 0, 0, 29, 0, 0, 0, 0, 0, 0, 0, 24, 10, 63
"/home/mueller/codes/moris/projects/LINALG/src/fn_find_unique.hpp", "C++", 0, 0, 0, 0, 0, 20, 0, 0, 0, 0, 0, 0, 0, 16, 7, 43
"/home/mueller/codes/moris/projects/LINALG/src/fn_histc.hpp", "C++", 0, 0, 0, 0, 0, 21, 0, 0, 0, 0, 0, 0, 0, 18, 8, 47
"/home/mueller/codes/moris/projects/LINALG/src/fn_interp1.hpp", "C++", 0, 0, 0, 0, 0, 20, 0, 0, 0, 0, 0, 0, 0, 21, 7, 48
"/home/mueller/codes/moris/projects/LINALG/src/fn_intersect.hpp", "C++", 0, 0, 0, 0, 0, 38, 0, 0, 0, 0, 0, 0, 0, 28, 9, 75
"/home/mueller/codes/moris/projects/LINALG/src/fn_inv.hpp", "C++", 0, 0, 0, 0, 0, 21, 0, 0, 0, 0, 0, 0, 0, 17, 10, 48
"/home/mueller/codes/moris/projects/LINALG/src/fn_iscol.hpp", "C++", 0, 0, 0, 0, 0, 20, 0, 0, 0, 0, 0, 0, 0, 17, 8, 45
"/home/mueller/codes/moris/projects/LINALG/src/fn_isempty.hpp", "C++", 0, 0, 0, 0, 0, 20, 0, 0, 0, 0, 0, 0, 0, 17, 8, 45
"/home/mueller/codes/moris/projects/LINALG/src/fn_isfinite.hpp", "C++", 0, 0, 0, 0, 0, 20, 0, 0, 0, 0, 0, 0, 0, 21, 8, 49
"/home/mueller/codes/moris/projects/LINALG/src/fn_isrow.hpp", "C++", 0, 0, 0, 0, 0, 20, 0, 0, 0, 0, 0, 0, 0, 17, 8, 45
"/home/mueller/codes/moris/projects/LINALG/src/fn_issquare.hpp", "C++", 0, 0, 0, 0, 0, 20, 0, 0, 0, 0, 0, 0, 0, 21, 8, 49
"/home/mueller/codes/moris/projects/LINALG/src/fn_isvector.hpp", "C++", 0, 0, 0, 0, 0, 20, 0, 0, 0, 0, 0, 0, 0, 21, 8, 49
"/home/mueller/codes/moris/projects/LINALG/src/fn_join_horiz.hpp", "C++", 0, 0, 0, 0, 0, 21, 0, 0, 0, 0, 0, 0, 0, 20, 9, 50
"/home/mueller/codes/moris/projects/LINALG/src/fn_linsolve.hpp", "C++", 0, 0, 0, 0, 0, 23, 0, 0, 0, 0, 0, 0, 0, 26, 8, 57
"/home/mueller/codes/moris/projects/LINALG/src/fn_linspace.hpp", "C++", 0, 0, 0, 0, 0, 22, 0, 0, 0, 0, 0, 0, 0, 19, 8, 49
"/home/mueller/codes/moris/projects/LINALG/src/fn_load_matrix_from_binary_file.hpp", "C++", 0, 0, 0, 0, 0, 63, 0, 0, 0, 0, 0, 0, 0, 35, 30, 128
"/home/mueller/codes/moris/projects/LINALG/src/fn_lu.hpp", "C++", 0, 0, 0, 0, 0, 26, 0, 0, 0, 0, 0, 0, 0, 21, 8, 55
"/home/mueller/codes/moris/projects/LINALG/src/fn_max.hpp", "C++", 0, 0, 0, 0, 0, 25, 0, 0, 0, 0, 0, 0, 0, 25, 8, 58
"/home/mueller/codes/moris/projects/LINALG/src/fn_min.hpp", "C++", 0, 0, 0, 0, 0, 25, 0, 0, 0, 0, 0, 0, 0, 25, 8, 58
"/home/mueller/codes/moris/projects/LINALG/src/fn_norm.hpp", "C++", 0, 0, 0, 0, 0, 27, 0, 0, 0, 0, 0, 0, 0, 17, 10, 54
"/home/mueller/codes/moris/projects/LINALG/src/fn_print.hpp", "C++", 0, 0, 0, 0, 0, 174, 0, 0, 0, 0, 0, 0, 0, 79, 35, 288
"/home/mueller/codes/moris/projects/LINALG/src/fn_prod.hpp", "C++", 0, 0, 0, 0, 0, 20, 0, 0, 0, 0, 0, 0, 0, 18, 7, 45
"/home/mueller/codes/moris/projects/LINALG/src/fn_qr.hpp", "C++", 0, 0, 0, 0, 0, 24, 0, 0, 0, 0, 0, 0, 0, 23, 8, 55
"/home/mueller/codes/moris/projects/LINALG/src/fn_r2.hpp", "C++", 0, 0, 0, 0, 0, 23, 0, 0, 0, 0, 0, 0, 0, 26, 12, 61
"/home/mueller/codes/moris/projects/LINALG/src/fn_rank.hpp", "C++", 0, 0, 0, 0, 0, 20, 0, 0, 0, 0, 0, 0, 0, 17, 8, 45
"/home/mueller/codes/moris/projects/LINALG/src/fn_reindex_mat.hpp", "C++", 0, 0, 0, 0, 0, 22, 0, 0, 0, 0, 0, 0, 0, 25, 9, 56
"/home/mueller/codes/moris/projects/LINALG/src/fn_reshape.hpp", "C++", 0, 0, 0, 0, 0, 23, 0, 0, 0, 0, 0, 0, 0, 19, 8, 50
"/home/mueller/codes/moris/projects/LINALG/src/fn_save_matrix_to_binary_file.hpp", "C++", 0, 0, 0, 0, 0, 54, 0, 0, 0, 0, 0, 0, 0, 31, 25, 110
"/home/mueller/codes/moris/projects/LINALG/src/fn_sort.hpp", "C++", 0, 0, 0, 0, 0, 31, 0, 0, 0, 0, 0, 0, 0, 17, 9, 57
"/home/mueller/codes/moris/projects/LINALG/src/fn_sort_index.hpp", "C++", 0, 0, 0, 0, 0, 31, 0, 0, 0, 0, 0, 0, 0, 17, 11, 59
"/home/mueller/codes/moris/projects/LINALG/src/fn_sqrtmat.hpp", "C++", 0, 0, 0, 0, 0, 28, 0, 0, 0, 0, 0, 0, 0, 27, 9, 64
"/home/mueller/codes/moris/projects/LINALG/src/fn_sum.hpp", "C++", 0, 0, 0, 0, 0, 29, 0, 0, 0, 0, 0, 0, 0, 27, 9, 65
"/home/mueller/codes/moris/projects/LINALG/src/fn_svd.hpp", "C++", 0, 0, 0, 0, 0, 35, 0, 0, 0, 0, 0, 0, 0, 10, 10, 55
"/home/mueller/codes/moris/projects/LINALG/src/fn_sylvester.hpp", "C++", 0, 0, 0, 0, 0, 33, 0, 0, 0, 0, 0, 0, 0, 29, 10, 72
"/home/mueller/codes/moris/projects/LINALG/src/fn_trace.hpp", "C++", 0, 0, 0, 0, 0, 25, 0, 0, 0, 0, 0, 0, 0, 20, 9, 54
"/home/mueller/codes/moris/projects/LINALG/src/fn_trans.hpp", "C++", 0, 0, 0, 0, 0, 27, 0, 0, 0, 0, 0, 0, 0, 22, 9, 58
"/home/mueller/codes/moris/projects/LINALG/src/fn_unique.hpp", "C++", 0, 0, 0, 0, 0, 20, 0, 0, 0, 0, 0, 0, 0, 9, 8, 37
"/home/mueller/codes/moris/projects/LINALG/src/fn_vectorize.hpp", "C++", 0, 0, 0, 0, 0, 22, 0, 0, 0, 0, 0, 0, 0, 24, 8, 54
"/home/mueller/codes/moris/projects/LINALG/src/linalg_typedefs.hpp", "C++", 0, 0, 0, 0, 0, 74, 0, 0, 0, 0, 0, 0, 0, 25, 17, 116
"/home/mueller/codes/moris/projects/LINALG/src/main.cpp", "C++", 0, 0, 0, 0, 0, 20, 0, 0, 0, 0, 0, 0, 0, 12, 13, 45
"/home/mueller/codes/moris/projects/LINALG/src/op_div.hpp", "C++", 0, 0, 0, 0, 0, 16, 0, 0, 0, 0, 0, 0, 0, 9, 5, 30
"/home/mueller/codes/moris/projects/LINALG/src/op_elemwise_div.hpp", "C++", 0, 0, 0, 0, 0, 21, 0, 0, 0, 0, 0, 0, 0, 22, 7, 50
"/home/mueller/codes/moris/projects/LINALG/src/op_elemwise_mult.hpp", "C++", 0, 0, 0, 0, 0, 9, 0, 0, 0, 0, 0, 0, 0, 10, 5, 24
"/home/mueller/codes/moris/projects/LINALG/src/op_equal_equal.hpp", "C++", 0, 0, 0, 0, 0, 46, 0, 0, 0, 0, 0, 0, 0, 23, 13, 82
"/home/mueller/codes/moris/projects/LINALG/src/op_greater.hpp", "C++", 0, 0, 0, 0, 0, 46, 0, 0, 0, 0, 0, 0, 0, 23, 12, 81
"/home/mueller/codes/moris/projects/LINALG/src/op_greater_equal.hpp", "C++", 0, 0, 0, 0, 0, 46, 0, 0, 0, 0, 0, 0, 0, 23, 12, 81
"/home/mueller/codes/moris/projects/LINALG/src/op_less.hpp", "C++", 0, 0, 0, 0, 0, 46, 0, 0, 0, 0, 0, 0, 0, 20, 12, 78
"/home/mueller/codes/moris/projects/LINALG/src/op_less_equal.hpp", "C++", 0, 0, 0, 0, 0, 46, 0, 0, 0, 0, 0, 0, 0, 23, 12, 81
"/home/mueller/codes/moris/projects/LINALG/src/op_minus.hpp", "C++", 0, 0, 0, 0, 0, 48, 0, 0, 0, 0, 0, 0, 0, 22, 11, 81
"/home/mueller/codes/moris/projects/LINALG/src/op_move.hpp", "C++", 0, 0, 0, 0, 0, 15, 0, 0, 0, 0, 0, 0, 0, 16, 7, 38
"/home/mueller/codes/moris/projects/LINALG/src/op_not_equal.hpp", "C++", 0, 0, 0, 0, 0, 46, 0, 0, 0, 0, 0, 0, 0, 23, 12, 81
"/home/mueller/codes/moris/projects/LINALG/src/op_plus.hpp", "C++", 0, 0, 0, 0, 0, 29, 0, 0, 0, 0, 0, 0, 0, 22, 9, 60
"/home/mueller/codes/moris/projects/LINALG/src/op_times.hpp", "C++", 0, 0, 0, 0, 0, 51, 0, 0, 0, 0, 0, 0, 0, 22, 12, 85
"/home/mueller/codes/moris/projects/LINALG/test/CMakeLists.txt", "CMake", 0, 0, 0, 0, 0, 0, 92, 0, 0, 0, 0, 0, 0, 0, 9, 101
"/home/mueller/codes/moris/projects/LINALG/test/LINALG_Tutorial.cpp", "C++", 0, 0, 0, 0, 0, 51, 0, 0, 0, 0, 0, 0, 0, 120, 22, 193
"/home/mueller/codes/moris/projects/LINALG/test/cl_Matrix.cpp", "C++", 0, 0, 0, 0, 0, 554, 0, 0, 0, 0, 0, 0, 0, 78, 219, 851
"/home/mueller/codes/moris/projects/LINALG/test/cl_Matrix3x1.cpp", "C++", 0, 0, 0, 0, 0, 53, 0, 0, 0, 0, 0, 0, 0, 26, 20, 99
"/home/mueller/codes/moris/projects/LINALG/test/fn_all_true.cpp", "C++", 0, 0, 0, 0, 0, 25, 0, 0, 0, 0, 0, 0, 0, 9, 9, 43
"/home/mueller/codes/moris/projects/LINALG/test/fn_chol_l.cpp", "C++", 0, 0, 0, 0, 0, 22, 0, 0, 0, 0, 0, 0, 0, 9, 8, 39
"/home/mueller/codes/moris/projects/LINALG/test/fn_chol_u.cpp", "C++", 0, 0, 0, 0, 0, 20, 0, 0, 0, 0, 0, 0, 0, 9, 8, 37
"/home/mueller/codes/moris/projects/LINALG/test/fn_comp_abs.cpp", "C++", 0, 0, 0, 0, 0, 23, 0, 0, 0, 0, 0, 0, 0, 9, 8, 40
"/home/mueller/codes/moris/projects/LINALG/test/fn_cond.cpp", "C++", 0, 0, 0, 0, 0, 31, 0, 0, 0, 0, 0, 0, 0, 16, 13, 60
"/home/mueller/codes/moris/projects/LINALG/test/fn_cross.cpp", "C++", 0, 0, 0, 0, 0, 25, 0, 0, 0, 0, 0, 0, 0, 9, 12, 46
"/home/mueller/codes/moris/projects/LINALG/test/fn_ctrans.cpp", "C++", 0, 0, 0, 0, 0, 38, 0, 0, 0, 0, 0, 0, 0, 9, 15, 62
"/home/mueller/codes/moris/projects/LINALG/test/fn_det.cpp", "C++", 0, 0, 0, 0, 0, 18, 0, 0, 0, 0, 0, 0, 0, 9, 8, 35
"/home/mueller/codes/moris/projects/LINALG/test/fn_diag.cpp", "C++", 0, 0, 0, 0, 0, 41, 0, 0, 0, 0, 0, 0, 0, 13, 17, 71
"/home/mueller/codes/moris/projects/LINALG/test/fn_diag_mat.cpp", "C++", 0, 0, 0, 0, 0, 74, 0, 0, 0, 0, 0, 0, 0, 21, 28, 123
"/home/mueller/codes/moris/projects/LINALG/test/fn_dot.cpp", "C++", 0, 0, 0, 0, 0, 20, 0, 0, 0, 0, 0, 0, 0, 10, 11, 41
"/home/mueller/codes/moris/projects/LINALG/test/fn_eig_gen.cpp", "C++", 0, 0, 0, 0, 0, 47, 0, 0, 0, 0, 0, 0, 0, 13, 12, 72
"/home/mueller/codes/moris/projects/LINALG/test/fn_eig_sym.cpp", "C++", 0, 0, 0, 0, 0, 31, 0, 0, 0, 0, 0, 0, 0, 12, 10, 53
"/home/mueller/codes/moris/projects/LINALG/test/fn_eye.cpp", "C++", 0, 0, 0, 0, 0, 24, 0, 0, 0, 0, 0, 0, 0, 9, 8, 41
"/home/mueller/codes/moris/projects/LINALG/test/fn_find.cpp", "C++", 0, 0, 0, 0, 0, 72, 0, 0, 0, 0, 0, 0, 0, 9, 16, 97
"/home/mueller/codes/moris/projects/LINALG/test/fn_find_unique.cpp", "C++", 0, 0, 0, 0, 0, 68, 0, 0, 0, 0, 0, 0, 0, 9, 18, 95
"/home/mueller/codes/moris/projects/LINALG/test/fn_histc.cpp", "C++", 0, 0, 0, 0, 0, 31, 0, 0, 0, 0, 0, 0, 0, 12, 7, 50
"/home/mueller/codes/moris/projects/LINALG/test/fn_intersect.cpp", "C++", 0, 0, 0, 0, 0, 68, 0, 0, 0, 0, 0, 0, 0, 12, 23, 103
"/home/mueller/codes/moris/projects/LINALG/test/fn_inv.cpp", "C++", 0, 0, 0, 0, 0, 24, 0, 0, 0, 0, 0, 0, 0, 10, 10, 44
"/home/mueller/codes/moris/projects/LINALG/test/fn_iscol.cpp", "C++", 0, 0, 0, 0, 0, 24, 0, 0, 0, 0, 0, 0, 0, 9, 5, 38
"/home/mueller/codes/moris/projects/LINALG/test/fn_isempty.cpp", "C++", 0, 0, 0, 0, 0, 21, 0, 0, 0, 0, 0, 0, 0, 9, 5, 35
"/home/mueller/codes/moris/projects/LINALG/test/fn_isfinite.cpp", "C++", 0, 0, 0, 0, 0, 37, 0, 0, 0, 0, 0, 0, 0, 9, 7, 53
"/home/mueller/codes/moris/projects/LINALG/test/fn_isrow.cpp", "C++", 0, 0, 0, 0, 0, 24, 0, 0, 0, 0, 0, 0, 0, 9, 5, 38
"/home/mueller/codes/moris/projects/LINALG/test/fn_issquare.cpp", "C++", 0, 0, 0, 0, 0, 24, 0, 0, 0, 0, 0, 0, 0, 9, 5, 38
"/home/mueller/codes/moris/projects/LINALG/test/fn_isvector.cpp", "C++", 0, 0, 0, 0, 0, 24, 0, 0, 0, 0, 0, 0, 0, 9, 5, 38
"/home/mueller/codes/moris/projects/LINALG/test/fn_linsolve.cpp", "C++", 0, 0, 0, 0, 0, 37, 0, 0, 0, 0, 0, 0, 0, 31, 14, 82
"/home/mueller/codes/moris/projects/LINALG/test/fn_linspace.cpp", "C++", 0, 0, 0, 0, 0, 47, 0, 0, 0, 0, 0, 0, 0, 11, 10, 68
"/home/mueller/codes/moris/projects/LINALG/test/fn_lu.cpp", "C++", 0, 0, 0, 0, 0, 32, 0, 0, 0, 0, 0, 0, 0, 11, 11, 54
"/home/mueller/codes/moris/projects/LINALG/test/fn_max.cpp", "C++", 0, 0, 0, 0, 0, 25, 0, 0, 0, 0, 0, 0, 0, 9, 8, 42
"/home/mueller/codes/moris/projects/LINALG/test/fn_norm.cpp", "C++", 0, 0, 0, 0, 0, 22, 0, 0, 0, 0, 0, 0, 0, 9, 8, 39
"/home/mueller/codes/moris/projects/LINALG/test/fn_qr.cpp", "C++", 0, 0, 0, 0, 0, 30, 0, 0, 0, 0, 0, 0, 0, 11, 12, 53
"/home/mueller/codes/moris/projects/LINALG/test/fn_r2.cpp", "C++", 0, 0, 0, 0, 0, 34, 0, 0, 0, 0, 0, 0, 0, 11, 9, 54
"/home/mueller/codes/moris/projects/LINALG/test/fn_reshape.cpp", "C++", 0, 0, 0, 0, 0, 152, 0, 0, 0, 0, 0, 0, 0, 15, 26, 193
"/home/mueller/codes/moris/projects/LINALG/test/fn_save_and_load_matrix_binary_file.cpp", "C++", 0, 0, 0, 0, 0, 39, 0, 0, 0, 0, 0, 0, 0, 21, 19, 79
"/home/mueller/codes/moris/projects/LINALG/test/fn_sort.cpp", "C++", 0, 0, 0, 0, 0, 96, 0, 0, 0, 0, 0, 0, 0, 9, 27, 132
"/home/mueller/codes/moris/projects/LINALG/test/fn_sqrtmat.cpp", "C++", 0, 0, 0, 0, 0, 55, 0, 0, 0, 0, 0, 0, 0, 21, 25, 101
"/home/mueller/codes/moris/projects/LINALG/test/fn_sum.cpp", "C++", 0, 0, 0, 0, 0, 130, 0, 0, 0, 0, 0, 0, 0, 22, 43, 195
"/home/mueller/codes/moris/projects/LINALG/test/fn_svd.cpp", "C++", 0, 0, 0, 0, 0, 47, 0, 0, 0, 0, 0, 0, 0, 10, 16, 73
"/home/mueller/codes/moris/projects/LINALG/test/fn_sylvester.cpp", "C++", 0, 0, 0, 0, 0, 83, 0, 0, 0, 0, 0, 0, 0, 21, 33, 137
"/home/mueller/codes/moris/projects/LINALG/test/fn_trans.cpp", "C++", 0, 0, 0, 0, 0, 18, 0, 0, 0, 0, 0, 0, 0, 9, 8, 35
"/home/mueller/codes/moris/projects/LINALG/test/fn_unique.cpp", "C++", 0, 0, 0, 0, 0, 80, 0, 0, 0, 0, 0, 0, 0, 15, 23, 118
"/home/mueller/codes/moris/projects/LINALG/test/fn_vectorize.cpp", "C++", 0, 0, 0, 0, 0, 143, 0, 0, 0, 0, 0, 0, 0, 42, 38, 223
"/home/mueller/codes/moris/projects/LINALG/test/op_div.cpp", "C++", 0, 0, 0, 0, 0, 19, 0, 0, 0, 0, 0, 0, 0, 9, 7, 35
"/home/mueller/codes/moris/projects/LINALG/test/op_elemwise_div.cpp", "C++", 0, 0, 0, 0, 0, 38, 0, 0, 0, 0, 0, 0, 0, 9, 13, 60
"/home/mueller/codes/moris/projects/LINALG/test/op_elemwise_mult.cpp", "C++", 0, 0, 0, 0, 0, 36, 0, 0, 0, 0, 0, 0, 0, 9, 13, 58
"/home/mueller/codes/moris/projects/LINALG/test/op_equal_equal.cpp", "C++", 0, 0, 0, 0, 0, 119, 0, 0, 0, 0, 0, 0, 0, 9, 41, 169
"/home/mueller/codes/moris/projects/LINALG/test/op_greater.cpp", "C++", 0, 0, 0, 0, 0, 117, 0, 0, 0, 0, 0, 0, 0, 32, 41, 190
"/home/mueller/codes/moris/projects/LINALG/test/op_greater_equal.cpp", "C++", 0, 0, 0, 0, 0, 50, 0, 0, 0, 0, 0, 0, 0, 9, 16, 75
"/home/mueller/codes/moris/projects/LINALG/test/op_less.cpp", "C++", 0, 0, 0, 0, 0, 115, 0, 0, 0, 0, 0, 0, 0, 9, 39, 163
"/home/mueller/codes/moris/projects/LINALG/test/op_less_equal.cpp", "C++", 0, 0, 0, 0, 0, 114, 0, 0, 0, 0, 0, 0, 0, 9, 40, 163
"/home/mueller/codes/moris/projects/LINALG/test/op_minus.cpp", "C++", 0, 0, 0, 0, 0, 36, 0, 0, 0, 0, 0, 0, 0, 9, 11, 56
"/home/mueller/codes/moris/projects/LINALG/test/op_move.cpp", "C++", 0, 0, 0, 0, 0, 24, 0, 0, 0, 0, 0, 0, 0, 9, 10, 43
"/home/mueller/codes/moris/projects/LINALG/test/op_not_equal.cpp", "C++", 0, 0, 0, 0, 0, 115, 0, 0, 0, 0, 0, 0, 0, 9, 41, 165
"/home/mueller/codes/moris/projects/LINALG/test/op_plus.cpp", "C++", 0, 0, 0, 0, 0, 36, 0, 0, 0, 0, 0, 0, 0, 9, 12, 57
"/home/mueller/codes/moris/projects/LINALG/test/op_times.cpp", "C++", 0, 0, 0, 0, 0, 32, 0, 0, 0, 0, 0, 0, 0, 9, 12, 53
"/home/mueller/codes/moris/projects/LINALG/test/test_main.cpp", "C++", 0, 0, 0, 0, 0, 20, 0, 0, 0, 0, 0, 0, 0, 16, 12, 48
"/home/mueller/codes/moris/projects/MIG/CMakeLists.txt", "CMake", 0, 0, 0, 0, 0, 0, 14, 0, 0, 0, 0, 0, 0, 0, 5, 19
"/home/mueller/codes/moris/projects/MIG/src/CMakeLists.txt", "CMake", 0, 0, 0, 0, 0, 0, 117, 0, 0, 0, 0, 0, 0, 0, 35, 152
"/home/mueller/codes/moris/projects/MIG/src/cl_MIG.cpp", "C++", 0, 0, 0, 0, 0, 57, 0, 0, 0, 0, 0, 0, 0, 24, 19, 100
"/home/mueller/codes/moris/projects/MIG/src/cl_MIG.hpp", "C++", 0, 0, 0, 0, 0, 29, 0, 0, 0, 0, 0, 0, 0, 22, 17, 68
"/home/mueller/codes/moris/projects/MIG/src/cl_MIG_Mesh_Editor.cpp", "C++", 0, 0, 0, 0, 0, 259, 0, 0, 0, 0, 0, 0, 0, 73, 74, 406
"/home/mueller/codes/moris/projects/MIG/src/cl_MIG_Mesh_Editor.hpp", "C++", 0, 0, 0, 0, 0, 57, 0, 0, 0, 0, 0, 0, 0, 63, 33, 153
"/home/mueller/codes/moris/projects/MIG/src/cl_MIG_Periodic_2D.cpp", "C++", 0, 0, 0, 0, 0, 626, 0, 0, 0, 0, 0, 0, 0, 236, 239, 1101
"/home/mueller/codes/moris/projects/MIG/src/cl_MIG_Periodic_2D.hpp", "C++", 0, 0, 0, 0, 0, 100, 0, 0, 0, 0, 0, 0, 0, 136, 35, 271
"/home/mueller/codes/moris/projects/MIG/src/cl_MIG_Periodic_3D.cpp", "C++", 0, 0, 0, 0, 0, 814, 0, 0, 0, 0, 0, 0, 0, 270, 310, 1394
"/home/mueller/codes/moris/projects/MIG/src/cl_MIG_Periodic_3D.hpp", "C++", 0, 0, 0, 0, 0, 109, 0, 0, 0, 0, 0, 0, 0, 165, 38, 312
"/home/mueller/codes/moris/projects/MIG/test/CMakeLists.txt", "CMake", 0, 0, 0, 0, 0, 0, 38, 0, 0, 0, 0, 0, 0, 0, 11, 49
"/home/mueller/codes/moris/projects/MIG/test/UT_MIG_Coords.cpp", "C++", 0, 0, 0, 0, 0, 16, 0, 0, 0, 0, 0, 0, 0, 9, 5, 30
"/home/mueller/codes/moris/projects/MIG/test/test_main.cpp", "C++", 0, 0, 0, 0, 0, 21, 0, 0, 0, 0, 0, 0, 0, 15, 11, 47
"/home/mueller/codes/moris/projects/MOD/CMakeLists.txt", "CMake", 0, 0, 0, 0, 0, 0, 14, 0, 0, 0, 0, 0, 0, 0, 5, 19
"/home/mueller/codes/moris/projects/MOD/src/CMakeLists.txt", "CMake", 0, 0, 0, 0, 0, 0, 87, 0, 0, 0, 0, 0, 0, 0, 25, 112
"/home/mueller/codes/moris/projects/MOD/src/cl_Bspline.cpp", "C++", 0, 0, 0, 0, 0, 769, 0, 0, 0, 0, 0, 0, 0, 9, 19, 797
"/home/mueller/codes/moris/projects/MOD/src/cl_Bspline.hpp", "C++", 0, 0, 0, 0, 0, 71, 0, 0, 0, 0, 0, 0, 0, 145, 20, 236
"/home/mueller/codes/moris/projects/MOD/src/cl_EqnManager.cpp", "C++", 0, 0, 0, 0, 0, 72, 0, 0, 0, 0, 0, 0, 0, 28, 22, 122
"/home/mueller/codes/moris/projects/MOD/src/cl_EqnManager.hpp", "C++", 0, 0, 0, 0, 0, 56, 0, 0, 0, 0, 0, 0, 0, 52, 21, 129
"/home/mueller/codes/moris/projects/MOD/src/cl_Model_Enums.hpp", "C++", 0, 0, 0, 0, 0, 8, 0, 0, 0, 0, 0, 0, 0, 9, 7, 24
"/home/mueller/codes/moris/projects/MOD/src/model.hpp", "C++", 0, 0, 0, 0, 0, 4, 0, 0, 0, 0, 0, 0, 0, 10, 5, 19
"/home/mueller/codes/moris/projects/MOD/test/CMakeLists.txt", "CMake", 0, 0, 0, 0, 0, 0, 36, 0, 0, 0, 0, 0, 0, 0, 11, 47
"/home/mueller/codes/moris/projects/MOD/test/EgnManager.cpp", "C++", 0, 0, 0, 0, 0, 14, 0, 0, 0, 0, 0, 0, 0, 25, 15, 54
"/home/mueller/codes/moris/projects/MOD/test/cl_Bspline.cpp", "C++", 0, 0, 0, 0, 0, 6, 0, 0, 0, 0, 0, 0, 0, 151, 4, 161
"/home/mueller/codes/moris/projects/MOD/test/test_main.cpp", "C++", 0, 0, 0, 0, 0, 21, 0, 0, 0, 0, 0, 0, 0, 16, 14, 51
"/home/mueller/codes/moris/projects/MRS/ASR/CMakeLists.txt", "CMake", 0, 0, 0, 0, 0, 0, 14, 0, 0, 0, 0, 0, 0, 0, 5, 19
"/home/mueller/codes/moris/projects/MRS/ASR/src/CMakeLists.txt", "CMake", 0, 0, 0, 0, 0, 0, 75, 0, 0, 0, 0, 0, 0, 0, 21, 96
"/home/mueller/codes/moris/projects/MRS/ASR/src/assert.hpp", "C++", 0, 0, 0, 0, 0, 5, 0, 0, 0, 0, 0, 0, 0, 9, 5, 19
"/home/mueller/codes/moris/projects/MRS/ASR/src/fn_assert.hpp", "C++", 0, 0, 0, 0, 0, 45, 0, 0, 0, 0, 0, 0, 0, 20, 8, 73
"/home/mueller/codes/moris/projects/MRS/ASR/src/fn_log_assert.hpp", "C++", 0, 0, 0, 0, 0, 157, 0, 0, 0, 0, 0, 0, 0, 66, 38, 261
"/home/mueller/codes/moris/projects/MRS/ASR/test/CMakeLists.txt", "CMake", 0, 0, 0, 0, 0, 0, 33, 0, 0, 0, 0, 0, 0, 0, 9, 42
"/home/mueller/codes/moris/projects/MRS/ASR/test/assert.cpp", "C++", 0, 0, 0, 0, 0, 32, 0, 0, 0, 0, 0, 0, 0, 13, 13, 58
"/home/mueller/codes/moris/projects/MRS/ASR/test/test_main.cpp", "C++", 0, 0, 0, 0, 0, 20, 0, 0, 0, 0, 0, 0, 0, 16, 13, 49
"/home/mueller/codes/moris/projects/MRS/CHR/CMakeLists.txt", "CMake", 0, 0, 0, 0, 0, 0, 14, 0, 0, 0, 0, 0, 0, 0, 5, 19
"/home/mueller/codes/moris/projects/MRS/CHR/src/CMakeLists.txt", "CMake", 0, 0, 0, 0, 0, 0, 69, 0, 0, 0, 0, 0, 0, 0, 19, 88
"/home/mueller/codes/moris/projects/MRS/CHR/src/chronos.hpp", "C++", 0, 0, 0, 0, 0, 5, 0, 0, 0, 0, 0, 0, 0, 10, 5, 20
"/home/mueller/codes/moris/projects/MRS/CHR/src/cl_Profiler.hpp", "C++", 0, 0, 0, 0, 0, 59, 0, 0, 0, 0, 0, 0, 0, 54, 28, 141
"/home/mueller/codes/moris/projects/MRS/CHR/src/cl_Stopwatch.hpp", "C++", 0, 0, 0, 0, 0, 77, 0, 0, 0, 0, 0, 0, 0, 84, 23, 184
"/home/mueller/codes/moris/projects/MRS/CHR/src/cl_Waitbar.hpp", "C++", 0, 0, 0, 0, 0, 9, 0, 0, 0, 0, 0, 0, 0, 20, 6, 35
"/home/mueller/codes/moris/projects/MRS/CHR/src/compile_commands.json", "JSON", 0, 0, 6380, 0, 0, 0, 0, 0, 0, 0, 0, 0, 0, 0, 1, 6381
"/home/mueller/codes/moris/projects/MRS/CHR/test/CMakeLists.txt", "CMake", 0, 0, 0, 0, 0, 0, 36, 0, 0, 0, 0, 0, 0, 0, 9, 45
"/home/mueller/codes/moris/projects/MRS/CHR/test/cl_Stopwatch.cpp", "C++", 0, 0, 0, 0, 0, 104, 0, 0, 0, 0, 0, 0, 0, 17, 29, 150
"/home/mueller/codes/moris/projects/MRS/CHR/test/cl_Waitbar.cpp", "C++", 0, 0, 0, 0, 0, 10, 0, 0, 0, 0, 0, 0, 0, 12, 8, 30
"/home/mueller/codes/moris/projects/MRS/CHR/test/test_main.cpp", "C++", 0, 0, 0, 0, 0, 20, 0, 0, 0, 0, 0, 0, 0, 16, 13, 49
"/home/mueller/codes/moris/projects/MRS/CMakeLists.txt", "CMake", 0, 0, 0, 0, 0, 0, 15, 0, 0, 0, 0, 0, 0, 0, 4, 19
"/home/mueller/codes/moris/projects/MRS/CNT/CMakeLists.txt", "CMake", 0, 0, 0, 0, 0, 0, 14, 0, 0, 0, 0, 0, 0, 0, 5, 19
"/home/mueller/codes/moris/projects/MRS/CNT/src/CMakeLists.txt", "CMake", 0, 0, 0, 0, 0, 0, 99, 0, 0, 0, 0, 0, 0, 0, 21, 120
"/home/mueller/codes/moris/projects/MRS/CNT/src/cl_Array.hpp", "C++", 0, 0, 0, 0, 0, 74, 0, 0, 0, 0, 0, 0, 0, 64, 16, 154
"/home/mueller/codes/moris/projects/MRS/CNT/src/cl_Bi_Map.hpp", "C++", 0, 0, 0, 0, 0, 0, 0, 0, 0, 0, 0, 0, 0, 160, 3, 163
"/home/mueller/codes/moris/projects/MRS/CNT/src/cl_Bitbool.hpp", "C++", 0, 0, 0, 0, 0, 60, 0, 0, 0, 0, 0, 0, 0, 69, 21, 150
"/home/mueller/codes/moris/projects/MRS/CNT/src/cl_Bitset.hpp", "C++", 0, 0, 0, 0, 0, 88, 0, 0, 0, 0, 0, 0, 0, 96, 38, 222
"/home/mueller/codes/moris/projects/MRS/CNT/src/cl_BoostBitset.hpp", "C++", 0, 0, 0, 0, 0, 113, 0, 0, 0, 0, 0, 0, 0, 125, 30, 268
"/home/mueller/codes/moris/projects/MRS/CNT/src/cl_Design_Variable.cpp", "C++", 0, 0, 0, 0, 0, 57, 0, 0, 0, 0, 0, 0, 0, 19, 22, 98
"/home/mueller/codes/moris/projects/MRS/CNT/src/cl_Design_Variable.hpp", "C++", 0, 0, 0, 0, 0, 29, 0, 0, 0, 0, 0, 0, 0, 65, 14, 108
"/home/mueller/codes/moris/projects/MRS/CNT/src/cl_Dist_Map.hpp", "C++", 0, 0, 0, 0, 0, 0, 0, 0, 0, 0, 0, 0, 0, 197, 3, 200
"/home/mueller/codes/moris/projects/MRS/CNT/src/cl_Fortran.hpp", "C++", 0, 0, 0, 0, 0, 91, 0, 0, 0, 0, 0, 0, 0, 28, 34, 153
"/home/mueller/codes/moris/projects/MRS/CNT/src/cl_Map.hpp", "C++", 0, 0, 0, 0, 0, 125, 0, 0, 0, 0, 0, 0, 0, 138, 56, 319
"/home/mueller/codes/moris/projects/MRS/CNT/src/cl_Mini_Maps.hpp", "C++", 0, 0, 0, 0, 0, 12, 0, 0, 0, 0, 0, 0, 0, 21, 9, 42
"/home/mueller/codes/moris/projects/MRS/CNT/src/cl_Parameter.cpp", "C++", 0, 0, 0, 0, 0, 94, 0, 0, 0, 0, 0, 0, 0, 27, 34, 155
"/home/mueller/codes/moris/projects/MRS/CNT/src/cl_Parameter.hpp", "C++", 0, 0, 0, 0, 0, 104, 0, 0, 0, 0, 0, 0, 0, 127, 33, 264
"/home/mueller/codes/moris/projects/MRS/CNT/src/cl_Parameter_List.cpp", "C++", 0, 0, 0, 0, 0, 149, 0, 0, 0, 0, 0, 0, 0, 47, 62, 258
"/home/mueller/codes/moris/projects/MRS/CNT/src/cl_Parameter_List.hpp", "C++", 0, 0, 0, 0, 0, 180, 0, 0, 0, 0, 0, 0, 0, 251, 58, 489
"/home/mueller/codes/moris/projects/MRS/CNT/src/cl_Parameter_Locator.hpp", "C++", 0, 0, 0, 0, 0, 11, 0, 0, 0, 0, 0, 0, 0, 3, 1, 15
"/home/mueller/codes/moris/projects/MRS/CNT/src/cl_Tuple.hpp", "C++", 0, 0, 0, 0, 0, 85, 0, 0, 0, 0, 0, 0, 0, 92, 21, 198
"/home/mueller/codes/moris/projects/MRS/CNT/src/cl_Validator.cpp", "C++", 0, 0, 0, 0, 0, 281, 0, 0, 0, 0, 0, 0, 0, 67, 65, 413
"/home/mueller/codes/moris/projects/MRS/CNT/src/cl_Validator.hpp", "C++", 0, 0, 0, 0, 0, 97, 0, 0, 0, 0, 0, 0, 0, 111, 39, 247
"/home/mueller/codes/moris/projects/MRS/CNT/src/cl_Variant.cpp", "C++", 0, 0, 0, 0, 0, 281, 0, 0, 0, 0, 0, 0, 0, 29, 30, 340
"/home/mueller/codes/moris/projects/MRS/CNT/src/cl_Variant.hpp", "C++", 0, 0, 0, 0, 0, 46, 0, 0, 0, 0, 0, 0, 0, 56, 13, 115
"/home/mueller/codes/moris/projects/MRS/CNT/src/cl_Vector.cpp", "C++", 0, 0, 0, 0, 0, 23, 0, 0, 0, 0, 0, 0, 0, 13, 9, 45
"/home/mueller/codes/moris/projects/MRS/CNT/src/cl_Vector.hpp", "C++", 0, 0, 0, 0, 0, 492, 0, 0, 0, 0, 0, 0, 0, 295, 179, 966
"/home/mueller/codes/moris/projects/MRS/CNT/src/containers.hpp", "C++", 0, 0, 0, 0, 0, 10, 0, 0, 0, 0, 0, 0, 0, 10, 4, 24
"/home/mueller/codes/moris/projects/MRS/CNT/src/fn_zip.hpp", "C++", 0, 0, 0, 0, 0, 18, 0, 0, 0, 0, 0, 0, 0, 20, 7, 45
"/home/mueller/codes/moris/projects/MRS/CNT/test/CMakeLists.txt", "CMake", 0, 0, 0, 0, 0, 0, 42, 0, 0, 0, 0, 0, 0, 0, 9, 51
"/home/mueller/codes/moris/projects/MRS/CNT/test/cl_Array.cpp", "C++", 0, 0, 0, 0, 0, 44, 0, 0, 0, 0, 0, 0, 0, 11, 19, 74
"/home/mueller/codes/moris/projects/MRS/CNT/test/cl_Bi_Map.cpp", "C++", 0, 0, 0, 0, 0, 0, 0, 0, 0, 0, 0, 0, 0, 56, 3, 59
"/home/mueller/codes/moris/projects/MRS/CNT/test/cl_Dist_Map.cpp", "C++", 0, 0, 0, 0, 0, 0, 0, 0, 0, 0, 0, 0, 0, 104, 3, 107
"/home/mueller/codes/moris/projects/MRS/CNT/test/cl_Map.cpp", "C++", 0, 0, 0, 0, 0, 28, 0, 0, 0, 0, 0, 0, 0, 11, 9, 48
"/home/mueller/codes/moris/projects/MRS/CNT/test/cl_Tuple.cpp", "C++", 0, 0, 0, 0, 0, 42, 0, 0, 0, 0, 0, 0, 0, 17, 20, 79
"/home/mueller/codes/moris/projects/MRS/CNT/test/test_main.cpp", "C++", 0, 0, 0, 0, 0, 20, 0, 0, 0, 0, 0, 0, 0, 16, 13, 49
"/home/mueller/codes/moris/projects/MRS/CNT/test/ut_Parameter_List.cpp", "C++", 0, 0, 0, 0, 0, 17, 0, 0, 0, 0, 0, 0, 0, 13, 9, 39
"/home/mueller/codes/moris/projects/MRS/CNT/test/ut_Vector.cpp", "C++", 0, 0, 0, 0, 0, 61, 0, 0, 0, 0, 0, 0, 0, 13, 23, 97
"/home/mueller/codes/moris/projects/MRS/COR/CMakeLists.txt", "CMake", 0, 0, 0, 0, 0, 0, 10, 0, 0, 0, 0, 0, 0, 0, 4, 14
"/home/mueller/codes/moris/projects/MRS/COR/src/CMakeLists.txt", "CMake", 0, 0, 0, 0, 0, 0, 73, 0, 0, 0, 0, 0, 0, 0, 16, 89
"/home/mueller/codes/moris/projects/MRS/COR/src/banner.hpp", "C++", 0, 0, 0, 0, 0, 113, 0, 0, 0, 0, 0, 0, 0, 40, 33, 186
"/home/mueller/codes/moris/projects/MRS/COR/src/common.hpp", "C++", 0, 0, 0, 0, 0, 5, 0, 0, 0, 0, 0, 0, 0, 12, 5, 22
"/home/mueller/codes/moris/projects/MRS/COR/src/core.hpp", "C++", 0, 0, 0, 0, 0, 5, 0, 0, 0, 0, 0, 0, 0, 10, 5, 20
"/home/mueller/codes/moris/projects/MRS/COR/src/memoryprofiler.cpp", "C++", 0, 0, 0, 0, 0, 62, 0, 0, 0, 0, 0, 0, 0, 42, 31, 135
"/home/mueller/codes/moris/projects/MRS/COR/src/moris_typedefs.hpp", "C++", 0, 0, 0, 0, 0, 87, 0, 0, 0, 0, 0, 0, 0, 72, 17, 176
"/home/mueller/codes/moris/projects/MRS/EXC/CMakeLists.txt", "CMake", 0, 0, 0, 0, 0, 0, 14, 0, 0, 0, 0, 0, 0, 0, 5, 19
"/home/mueller/codes/moris/projects/MRS/EXC/src/CMakeLists.txt", "CMake", 0, 0, 0, 0, 0, 0, 59, 0, 0, 0, 0, 0, 0, 0, 17, 76
"/home/mueller/codes/moris/projects/MRS/EXC/src/cl_invalid_size.hpp", "C++", 0, 0, 0, 0, 0, 29, 0, 0, 0, 0, 0, 0, 0, 31, 14, 74
"/home/mueller/codes/moris/projects/MRS/EXC/src/cl_out_of_range.hpp", "C++", 0, 0, 0, 0, 0, 30, 0, 0, 0, 0, 0, 0, 0, 38, 15, 83
"/home/mueller/codes/moris/projects/MRS/EXC/src/cl_tic_toc_error.hpp", "C++", 0, 0, 0, 0, 0, 27, 0, 0, 0, 0, 0, 0, 0, 24, 10, 61
"/home/mueller/codes/moris/projects/MRS/EXC/src/exceptions.hpp", "C++", 0, 0, 0, 0, 0, 6, 0, 0, 0, 0, 0, 0, 0, 9, 5, 20
"/home/mueller/codes/moris/projects/MRS/EXC/test/CMakeLists.txt", "CMake", 0, 0, 0, 0, 0, 0, 35, 0, 0, 0, 0, 0, 0, 0, 9, 44
"/home/mueller/codes/moris/projects/MRS/EXC/test/cl_invalid_size.cpp", "C++", 0, 0, 0, 0, 0, 11, 0, 0, 0, 0, 0, 0, 0, 12, 8, 31
"/home/mueller/codes/moris/projects/MRS/EXC/test/cl_out_of_range.cpp", "C++", 0, 0, 0, 0, 0, 12, 0, 0, 0, 0, 0, 0, 0, 12, 8, 32
"/home/mueller/codes/moris/projects/MRS/EXC/test/cl_tic_toc_error.cpp", "C++", 0, 0, 0, 0, 0, 11, 0, 0, 0, 0, 0, 0, 0, 12, 8, 31
"/home/mueller/codes/moris/projects/MRS/EXC/test/test_main.cpp", "C++", 0, 0, 0, 0, 0, 20, 0, 0, 0, 0, 0, 0, 0, 16, 13, 49
"/home/mueller/codes/moris/projects/MRS/IOS/CMakeLists.txt", "CMake", 0, 0, 0, 0, 0, 0, 14, 0, 0, 0, 0, 0, 0, 0, 5, 19
"/home/mueller/codes/moris/projects/MRS/IOS/src/CMakeLists.txt", "CMake", 0, 0, 0, 0, 0, 0, 140, 0, 0, 0, 0, 0, 0, 0, 30, 170
"/home/mueller/codes/moris/projects/MRS/IOS/src/HDF5_Tools.hpp", "C++", 0, 0, 0, 0, 0, 543, 0, 0, 0, 0, 0, 0, 0, 291, 172, 1006
"/home/mueller/codes/moris/projects/MRS/IOS/src/IO_Tools.hpp", "C++", 0, 0, 0, 0, 0, 20, 0, 0, 0, 0, 0, 0, 0, 13, 9, 42
"/home/mueller/codes/moris/projects/MRS/IOS/src/Log_Constants.hpp", "C++", 0, 0, 0, 0, 0, 14, 0, 0, 0, 0, 0, 0, 0, 14, 10, 38
"/home/mueller/codes/moris/projects/MRS/IOS/src/cl_Ascii.cpp", "C++", 0, 0, 0, 0, 0, 130, 0, 0, 0, 0, 0, 0, 0, 32, 39, 201
"/home/mueller/codes/moris/projects/MRS/IOS/src/cl_Ascii.hpp", "C++", 0, 0, 0, 0, 0, 35, 0, 0, 0, 0, 0, 0, 0, 34, 32, 101
"/home/mueller/codes/moris/projects/MRS/IOS/src/cl_Git_info.hpp", "C++", 0, 0, 0, 0, 0, 17, 0, 0, 0, 0, 0, 0, 0, 10, 10, 37
"/home/mueller/codes/moris/projects/MRS/IOS/src/cl_GlobalClock.cpp", "C++", 0, 0, 0, 0, 0, 78, 0, 0, 0, 0, 0, 0, 0, 50, 46, 174
"/home/mueller/codes/moris/projects/MRS/IOS/src/cl_GlobalClock.hpp", "C++", 0, 0, 0, 0, 0, 38, 0, 0, 0, 0, 0, 0, 0, 42, 30, 110
"/home/mueller/codes/moris/projects/MRS/IOS/src/cl_Json_Object.cpp", "C++", 0, 0, 0, 0, 0, 59, 0, 0, 0, 0, 0, 0, 0, 11, 9, 79
"/home/mueller/codes/moris/projects/MRS/IOS/src/cl_Json_Object.hpp", "C++", 0, 0, 0, 0, 0, 34, 0, 0, 0, 0, 0, 0, 0, 14, 12, 60
"/home/mueller/codes/moris/projects/MRS/IOS/src/cl_Library_Enums.cpp", "C++", 0, 0, 0, 0, 0, 143, 0, 0, 0, 0, 0, 0, 0, 21, 37, 201
"/home/mueller/codes/moris/projects/MRS/IOS/src/cl_Library_Enums.hpp", "C++", 0, 0, 0, 0, 0, 127, 0, 0, 0, 0, 0, 0, 0, 51, 36, 214
"/home/mueller/codes/moris/projects/MRS/IOS/src/cl_Library_Factory.hpp", "C++", 0, 0, 0, 0, 0, 30, 0, 0, 0, 0, 0, 0, 0, 32, 17, 79
"/home/mueller/codes/moris/projects/MRS/IOS/src/cl_Library_IO.cpp", "C++", 0, 0, 0, 0, 0, 911, 0, 0, 0, 0, 0, 0, 0, 327, 219, 1457
"/home/mueller/codes/moris/projects/MRS/IOS/src/cl_Library_IO.hpp", "C++", 0, 0, 0, 0, 0, 118, 0, 0, 0, 0, 0, 0, 0, 174, 78, 370
"/home/mueller/codes/moris/projects/MRS/IOS/src/cl_Library_IO_Meshgen.cpp", "C++", 0, 0, 0, 0, 0, 628, 0, 0, 0, 0, 0, 0, 0, 173, 155, 956
"/home/mueller/codes/moris/projects/MRS/IOS/src/cl_Library_IO_Meshgen.hpp", "C++", 0, 0, 0, 0, 0, 43, 0, 0, 0, 0, 0, 0, 0, 73, 33, 149
"/home/mueller/codes/moris/projects/MRS/IOS/src/cl_Library_IO_Standard.cpp", "C++", 0, 0, 0, 0, 0, 34, 0, 0, 0, 0, 0, 0, 0, 14, 10, 58
"/home/mueller/codes/moris/projects/MRS/IOS/src/cl_Library_IO_Standard.hpp", "C++", 0, 0, 0, 0, 0, 12, 0, 0, 0, 0, 0, 0, 0, 30, 15, 57
"/home/mueller/codes/moris/projects/MRS/IOS/src/cl_Logger.cpp", "C++", 0, 0, 0, 0, 0, 535, 0, 0, 0, 0, 0, 0, 0, 152, 128, 815
"/home/mueller/codes/moris/projects/MRS/IOS/src/cl_Logger.hpp", "C++", 0, 0, 0, 0, 0, 493, 0, 0, 0, 0, 0, 0, 0, 207, 139, 839
"/home/mueller/codes/moris/projects/MRS/IOS/src/cl_Module_Parameter_Lists.cpp", "C++", 0, 0, 0, 0, 0, 75, 0, 0, 0, 0, 0, 0, 0, 19, 17, 111
"/home/mueller/codes/moris/projects/MRS/IOS/src/cl_Module_Parameter_Lists.hpp", "C++", 0, 0, 0, 0, 0, 63, 0, 0, 0, 0, 0, 0, 0, 86, 19, 168
"/home/mueller/codes/moris/projects/MRS/IOS/src/cl_Query.cpp", "C++", 0, 0, 0, 0, 0, 272, 0, 0, 0, 0, 0, 0, 0, 90, 75, 437
"/home/mueller/codes/moris/projects/MRS/IOS/src/cl_Query.hpp", "C++", 0, 0, 0, 0, 0, 83, 0, 0, 0, 0, 0, 0, 0, 31, 38, 152
"/home/mueller/codes/moris/projects/MRS/IOS/src/cl_Query_Table.cpp", "C++", 0, 0, 0, 0, 0, 480, 0, 0, 0, 0, 0, 0, 0, 153, 129, 762
"/home/mueller/codes/moris/projects/MRS/IOS/src/cl_Query_Tree.cpp", "C++", 0, 0, 0, 0, 0, 98, 0, 0, 0, 0, 0, 0, 0, 41, 32, 171
"/home/mueller/codes/moris/projects/MRS/IOS/src/cl_Submodule_Parameter_Lists.cpp", "C++", 0, 0, 0, 0, 0, 149, 0, 0, 0, 0, 0, 0, 0, 46, 45, 240
"/home/mueller/codes/moris/projects/MRS/IOS/src/cl_Submodule_Parameter_Lists.hpp", "C++", 0, 0, 0, 0, 0, 52, 0, 0, 0, 0, 0, 0, 0, 126, 26, 204
"/home/mueller/codes/moris/projects/MRS/IOS/src/cl_Tracer.hpp", "C++", 0, 0, 0, 0, 0, 46, 0, 0, 0, 0, 0, 0, 0, 30, 16, 92
"/home/mueller/codes/moris/projects/MRS/IOS/src/cl_Tracer_Enums.cpp", "C++", 0, 0, 0, 0, 0, 216, 0, 0, 0, 0, 0, 0, 0, 34, 25, 275
"/home/mueller/codes/moris/projects/MRS/IOS/src/cl_Tracer_Enums.hpp", "C++", 0, 0, 0, 0, 0, 100, 0, 0, 0, 0, 0, 0, 0, 21, 18, 139
"/home/mueller/codes/moris/projects/MRS/IOS/src/cl_XML_Parser.cpp", "C++", 0, 0, 0, 0, 0, 181, 0, 0, 0, 0, 0, 0, 0, 55, 43, 279
"/home/mueller/codes/moris/projects/MRS/IOS/src/cl_XML_Parser.hpp", "C++", 0, 0, 0, 0, 0, 156, 0, 0, 0, 0, 0, 0, 0, 109, 60, 325
"/home/mueller/codes/moris/projects/MRS/IOS/src/fn_Logger.hpp", "C++", 0, 0, 0, 0, 0, 13, 0, 0, 0, 0, 0, 0, 0, 16, 7, 36
"/home/mueller/codes/moris/projects/MRS/IOS/src/fn_Parsing_Tools.cpp", "C++", 0, 0, 0, 0, 0, 102, 0, 0, 0, 0, 0, 0, 0, 39, 36, 177
"/home/mueller/codes/moris/projects/MRS/IOS/src/fn_Parsing_Tools.hpp", "C++", 0, 0, 0, 0, 0, 394, 0, 0, 0, 0, 0, 0, 0, 239, 106, 739
"/home/mueller/codes/moris/projects/MRS/IOS/src/fn_stringify.hpp", "C++", 0, 0, 0, 0, 0, 68, 0, 0, 0, 0, 0, 0, 0, 25, 22, 115
"/home/mueller/codes/moris/projects/MRS/IOS/src/fn_stringify_matrix.hpp", "C++", 0, 0, 0, 0, 0, 146, 0, 0, 0, 0, 0, 0, 0, 32, 43, 221
"/home/mueller/codes/moris/projects/MRS/IOS/src/fn_to_stdio.hpp", "C++", 0, 0, 0, 0, 0, 30, 0, 0, 0, 0, 0, 0, 0, 41, 10, 81
"/home/mueller/codes/moris/projects/MRS/IOS/src/ios.hpp", "C++", 0, 0, 0, 0, 0, 11, 0, 0, 0, 0, 0, 0, 0, 18, 7, 36
"/home/mueller/codes/moris/projects/MRS/IOS/test/CMakeLists.txt", "CMake", 0, 0, 0, 0, 0, 0, 49, 0, 0, 0, 0, 0, 0, 0, 16, 65
"/home/mueller/codes/moris/projects/MRS/IOS/test/UT_IOS_File_To_Array.cpp", "C++", 0, 0, 0, 0, 0, 33, 0, 0, 0, 0, 0, 0, 0, 17, 16, 66
"/home/mueller/codes/moris/projects/MRS/IOS/test/UT_IOS_Parsing_Tool.cpp", "C++", 0, 0, 0, 0, 0, 17, 0, 0, 0, 0, 0, 0, 0, 11, 9, 37
"/home/mueller/codes/moris/projects/MRS/IOS/test/cl_Logger.cpp", "C++", 0, 0, 0, 0, 0, 11, 0, 0, 0, 0, 0, 0, 0, 11, 9, 31
"/home/mueller/codes/moris/projects/MRS/IOS/test/cl_Logger_test.cpp", "C++", 0, 0, 0, 0, 0, 38, 0, 0, 0, 0, 0, 0, 0, 12, 13, 63
"/home/mueller/codes/moris/projects/MRS/IOS/test/cl_query_test.cpp", "C++", 0, 0, 0, 0, 0, 46, 0, 0, 0, 0, 0, 0, 0, 29, 25, 100
"/home/mueller/codes/moris/projects/MRS/IOS/test/fn_to_stdio.cpp", "C++", 0, 0, 0, 0, 0, 14, 0, 0, 0, 0, 0, 0, 0, 11, 7, 32
"/home/mueller/codes/moris/projects/MRS/IOS/test/query_main.cpp", "C++", 0, 0, 0, 0, 0, 24, 0, 0, 0, 0, 0, 0, 0, 25, 19, 68
"/home/mueller/codes/moris/projects/MRS/IOS/test/test_main.cpp", "C++", 0, 0, 0, 0, 0, 20, 0, 0, 0, 0, 0, 0, 0, 15, 13, 48
"/home/mueller/codes/moris/projects/MRS/IOS/test_main.cpp", "C++", 0, 0, 0, 0, 0, 22, 0, 0, 0, 0, 0, 0, 0, 16, 14, 52
"/home/mueller/codes/moris/projects/MTK/CMakeLists.txt", "CMake", 0, 0, 0, 0, 0, 0, 18, 0, 0, 0, 0, 0, 0, 0, 5, 23
"/home/mueller/codes/moris/projects/MTK/MAP/CMakeLists.txt", "CMake", 0, 0, 0, 0, 0, 0, 8, 0, 0, 0, 0, 0, 0, 0, 2, 10
"/home/mueller/codes/moris/projects/MTK/MAP/src/CMakeLists.txt", "CMake", 0, 0, 0, 0, 0, 0, 97, 0, 0, 0, 0, 0, 0, 0, 24, 121
"/home/mueller/codes/moris/projects/MTK/MAP/src/cl_MTK_Mapper.cpp", "C++", 0, 0, 0, 0, 0, 498, 0, 0, 0, 0, 0, 0, 0, 386, 193, 1077
"/home/mueller/codes/moris/projects/MTK/MAP/src/cl_MTK_Mapper.hpp", "C++", 0, 0, 0, 0, 0, 64, 0, 0, 0, 0, 0, 0, 0, 55, 51, 170
"/home/mueller/codes/moris/projects/MTK/MAP/src/cl_MTK_Mapper_Node.hpp", "C++", 0, 0, 0, 0, 0, 137, 0, 0, 0, 0, 0, 0, 0, 37, 49, 223
"/home/mueller/codes/moris/projects/MTK/src/CMakeLists.txt", "CMake", 0, 0, 0, 0, 0, 0, 387, 0, 0, 0, 0, 0, 0, 0, 57, 444
"/home/mueller/codes/moris/projects/MTK/src/MTK_Tools.hpp", "C++", 0, 0, 0, 0, 0, 231, 0, 0, 0, 0, 0, 0, 0, 21, 13, 265
"/home/mueller/codes/moris/projects/MTK/src/cl_MTK_Periodic_Boundary_Condition_Helper.cpp", "C++", 0, 0, 0, 0, 0, 377, 0, 0, 0, 0, 0, 0, 0, 94, 93, 564
"/home/mueller/codes/moris/projects/MTK/src/cl_MTK_Periodic_Boundary_Condition_Helper.hpp", "C++", 0, 0, 0, 0, 0, 21, 0, 0, 0, 0, 0, 0, 0, 9, 7, 37
"/home/mueller/codes/moris/projects/MTK/src/cluster/cl_MTK_Cell_Cluster.hpp", "C++", 0, 0, 0, 0, 0, 350, 0, 0, 0, 0, 0, 0, 0, 137, 146, 633
"/home/mueller/codes/moris/projects/MTK/src/cluster/cl_MTK_Cell_Cluster_DataBase.cpp", "C++", 0, 0, 0, 0, 0, 133, 0, 0, 0, 0, 0, 0, 0, 56, 55, 244
"/home/mueller/codes/moris/projects/MTK/src/cluster/cl_MTK_Cell_Cluster_DataBase.hpp", "C++", 0, 0, 0, 0, 0, 87, 0, 0, 0, 0, 0, 0, 0, 108, 59, 254
"/home/mueller/codes/moris/projects/MTK/src/cluster/cl_MTK_Cell_Cluster_Group.cpp", "C++", 0, 0, 0, 0, 0, 55, 0, 0, 0, 0, 0, 0, 0, 24, 19, 98
"/home/mueller/codes/moris/projects/MTK/src/cluster/cl_MTK_Cell_Cluster_Group.hpp", "C++", 0, 0, 0, 0, 0, 38, 0, 0, 0, 0, 0, 0, 0, 71, 26, 135
"/home/mueller/codes/moris/projects/MTK/src/cluster/cl_MTK_Cell_Cluster_Group_DataBase.cpp", "C++", 0, 0, 0, 0, 0, 17, 0, 0, 0, 0, 0, 0, 0, 13, 8, 38
"/home/mueller/codes/moris/projects/MTK/src/cluster/cl_MTK_Cell_Cluster_Group_DataBase.hpp", "C++", 0, 0, 0, 0, 0, 24, 0, 0, 0, 0, 0, 0, 0, 39, 21, 84
"/home/mueller/codes/moris/projects/MTK/src/cluster/cl_MTK_Cell_Cluster_Input.hpp", "C++", 0, 0, 0, 0, 0, 121, 0, 0, 0, 0, 0, 0, 0, 15, 27, 163
"/home/mueller/codes/moris/projects/MTK/src/cluster/cl_MTK_Cell_Cluster_Proxy.hpp", "C++", 0, 0, 0, 0, 0, 123, 0, 0, 0, 0, 0, 0, 0, 22, 39, 184
"/home/mueller/codes/moris/projects/MTK/src/cluster/cl_MTK_Cluster.hpp", "C++", 0, 0, 0, 0, 0, 325, 0, 0, 0, 0, 0, 0, 0, 138, 120, 583
"/home/mueller/codes/moris/projects/MTK/src/cluster/cl_MTK_Cluster_Group.cpp", "C++", 0, 0, 0, 0, 0, 19, 0, 0, 0, 0, 0, 0, 0, 14, 10, 43
"/home/mueller/codes/moris/projects/MTK/src/cluster/cl_MTK_Cluster_Group.hpp", "C++", 0, 0, 0, 0, 0, 43, 0, 0, 0, 0, 0, 0, 0, 82, 29, 154
"/home/mueller/codes/moris/projects/MTK/src/cluster/cl_MTK_Double_Side_Cluster.cpp", "C++", 0, 0, 0, 0, 0, 547, 0, 0, 0, 0, 0, 0, 0, 76, 136, 759
"/home/mueller/codes/moris/projects/MTK/src/cluster/cl_MTK_Double_Side_Cluster.hpp", "C++", 0, 0, 0, 0, 0, 193, 0, 0, 0, 0, 0, 0, 0, 228, 145, 566
"/home/mueller/codes/moris/projects/MTK/src/cluster/cl_MTK_Double_Side_Cluster_Input.hpp", "C++", 0, 0, 0, 0, 0, 68, 0, 0, 0, 0, 0, 0, 0, 16, 21, 105
"/home/mueller/codes/moris/projects/MTK/src/cluster/cl_MTK_Nonconformal_Side_Cluster.cpp", "C++", 0, 0, 0, 0, 0, 60, 0, 0, 0, 0, 0, 0, 0, 3, 13, 76
"/home/mueller/codes/moris/projects/MTK/src/cluster/cl_MTK_Nonconformal_Side_Cluster.hpp", "C++", 0, 0, 0, 0, 0, 40, 0, 0, 0, 0, 0, 0, 0, 44, 12, 96
"/home/mueller/codes/moris/projects/MTK/src/cluster/cl_MTK_Side_Cluster.cpp", "C++", 0, 0, 0, 0, 0, 289, 0, 0, 0, 0, 0, 0, 0, 84, 114, 487
"/home/mueller/codes/moris/projects/MTK/src/cluster/cl_MTK_Side_Cluster.hpp", "C++", 0, 0, 0, 0, 0, 159, 0, 0, 0, 0, 0, 0, 0, 185, 60, 404
"/home/mueller/codes/moris/projects/MTK/src/cluster/cl_MTK_Side_Cluster_DataBase.cpp", "C++", 0, 0, 0, 0, 0, 244, 0, 0, 0, 0, 0, 0, 0, 57, 86, 387
"/home/mueller/codes/moris/projects/MTK/src/cluster/cl_MTK_Side_Cluster_DataBase.hpp", "C++", 0, 0, 0, 0, 0, 113, 0, 0, 0, 0, 0, 0, 0, 139, 72, 324
"/home/mueller/codes/moris/projects/MTK/src/cluster/cl_MTK_Side_Cluster_Group.cpp", "C++", 0, 0, 0, 0, 0, 55, 0, 0, 0, 0, 0, 0, 0, 24, 19, 98
"/home/mueller/codes/moris/projects/MTK/src/cluster/cl_MTK_Side_Cluster_Group.hpp", "C++", 0, 0, 0, 0, 0, 40, 0, 0, 0, 0, 0, 0, 0, 77, 28, 145
"/home/mueller/codes/moris/projects/MTK/src/cluster/cl_MTK_Side_Cluster_Group_DataBase.cpp", "C++", 0, 0, 0, 0, 0, 26, 0, 0, 0, 0, 0, 0, 0, 15, 11, 52
"/home/mueller/codes/moris/projects/MTK/src/cluster/cl_MTK_Side_Cluster_Group_DataBase.hpp", "C++", 0, 0, 0, 0, 0, 28, 0, 0, 0, 0, 0, 0, 0, 47, 24, 99
"/home/mueller/codes/moris/projects/MTK/src/cluster/cl_MTK_Side_Cluster_ISC_Impl.cpp", "C++", 0, 0, 0, 0, 0, 133, 0, 0, 0, 0, 0, 0, 0, 32, 44, 209
"/home/mueller/codes/moris/projects/MTK/src/cluster/cl_MTK_Side_Cluster_ISC_Impl.hpp", "C++", 0, 0, 0, 0, 0, 65, 0, 0, 0, 0, 0, 0, 0, 97, 26, 188
"/home/mueller/codes/moris/projects/MTK/src/cluster/cl_MTK_Side_Cluster_Input.hpp", "C++", 0, 0, 0, 0, 0, 158, 0, 0, 0, 0, 0, 0, 0, 16, 39, 213
"/home/mueller/codes/moris/projects/MTK/src/contact/cl_MTK_Contact_Mesh_Editor.cpp", "C++", 0, 0, 0, 0, 0, 346, 0, 0, 0, 0, 0, 0, 0, 63, 53, 462
"/home/mueller/codes/moris/projects/MTK/src/contact/cl_MTK_Contact_Mesh_Editor.hpp", "C++", 0, 0, 0, 0, 0, 71, 0, 0, 0, 0, 0, 0, 0, 62, 27, 160
"/home/mueller/codes/moris/projects/MTK/src/contact/cl_MTK_MappingResult.cpp", "C++", 0, 0, 0, 0, 0, 42, 0, 0, 0, 0, 0, 0, 0, 9, 6, 57
"/home/mueller/codes/moris/projects/MTK/src/contact/cl_MTK_MappingResult.hpp", "C++", 0, 0, 0, 0, 0, 31, 0, 0, 0, 0, 0, 0, 0, 47, 18, 96
"/home/mueller/codes/moris/projects/MTK/src/contact/cl_MTK_PointPairs.hpp", "C++", 0, 0, 0, 0, 0, 88, 0, 0, 0, 0, 0, 0, 0, 46, 23, 157
"/home/mueller/codes/moris/projects/MTK/src/contact/cl_MTK_QuadraturePointMapper.cpp", "C++", 0, 0, 0, 0, 0, 17, 0, 0, 0, 0, 0, 0, 0, 9, 2, 28
"/home/mueller/codes/moris/projects/MTK/src/contact/cl_MTK_QuadraturePointMapper.hpp", "C++", 0, 0, 0, 0, 0, 28, 0, 0, 0, 0, 0, 0, 0, 9, 8, 45
"/home/mueller/codes/moris/projects/MTK/src/contact/cl_MTK_QuadraturePointMapper_Ray.cpp", "C++", 0, 0, 0, 0, 0, 115, 0, 0, 0, 0, 0, 0, 0, 13, 14, 142
"/home/mueller/codes/moris/projects/MTK/src/contact/cl_MTK_QuadraturePointMapper_Ray.hpp", "C++", 0, 0, 0, 0, 0, 33, 0, 0, 0, 0, 0, 0, 0, 10, 10, 53
"/home/mueller/codes/moris/projects/MTK/src/contact/cl_MTK_QuadraturePointMapper_Ray_ArborX.cpp", "C++", 0, 0, 0, 0, 0, 82, 0, 0, 0, 0, 0, 0, 0, 32, 10, 124
"/home/mueller/codes/moris/projects/MTK/src/contact/cl_MTK_QuadraturePointMapper_Ray_ArborX.hpp", "C++", 0, 0, 0, 0, 0, 19, 0, 0, 0, 0, 0, 0, 0, 9, 4, 32
"/home/mueller/codes/moris/projects/MTK/src/contact/cl_MTK_QuadraturePointMapper_Ray_ArborX_Details.cpp", "C++", 0, 0, 0, 0, 0, 93, 0, 0, 0, 0, 0, 0, 0, 16, 20, 129
"/home/mueller/codes/moris/projects/MTK/src/contact/cl_MTK_QuadraturePointMapper_Ray_ArborX_Details.hpp", "C++", 0, 0, 0, 0, 0, 132, 0, 0, 0, 0, 0, 0, 0, 58, 26, 216
"/home/mueller/codes/moris/projects/MTK/src/contact/cl_MTK_QuadraturePointMapper_Ray_Dummy.hpp", "C++", 0, 0, 0, 0, 0, 22, 0, 0, 0, 0, 0, 0, 0, 9, 5, 36
"/home/mueller/codes/moris/projects/MTK/src/field/cl_MTK_Field.cpp", "C++", 0, 0, 0, 0, 0, 377, 0, 0, 0, 0, 0, 0, 0, 109, 135, 621
"/home/mueller/codes/moris/projects/MTK/src/field/cl_MTK_Field.hpp", "C++", 0, 0, 0, 0, 0, 170, 0, 0, 0, 0, 0, 0, 0, 314, 120, 604
"/home/mueller/codes/moris/projects/MTK/src/field/cl_MTK_Field_Analytic.cpp", "C++", 0, 0, 0, 0, 0, 90, 0, 0, 0, 0, 0, 0, 0, 34, 31, 155
"/home/mueller/codes/moris/projects/MTK/src/field/cl_MTK_Field_Analytic.hpp", "C++", 0, 0, 0, 0, 0, 49, 0, 0, 0, 0, 0, 0, 0, 31, 16, 96
"/home/mueller/codes/moris/projects/MTK/src/field/cl_MTK_Field_Discrete.cpp", "C++", 0, 0, 0, 0, 0, 286, 0, 0, 0, 0, 0, 0, 0, 108, 113, 507
"/home/mueller/codes/moris/projects/MTK/src/field/cl_MTK_Field_Discrete.hpp", "C++", 0, 0, 0, 0, 0, 44, 0, 0, 0, 0, 0, 0, 0, 57, 34, 135
"/home/mueller/codes/moris/projects/MTK/src/field/cl_MTK_Fields_Info.hpp", "C++", 0, 0, 0, 0, 0, 94, 0, 0, 0, 0, 0, 0, 0, 9, 19, 122
"/home/mueller/codes/moris/projects/MTK/src/field/cl_MTK_Matrix_Field_Info.hpp", "C++", 0, 0, 0, 0, 0, 146, 0, 0, 0, 0, 0, 0, 0, 56, 34, 236
"/home/mueller/codes/moris/projects/MTK/src/field/cl_MTK_Scalar_Field_Info.hpp", "C++", 0, 0, 0, 0, 0, 111, 0, 0, 0, 0, 0, 0, 0, 49, 27, 187
"/home/mueller/codes/moris/projects/MTK/src/geometry/cell/cl_MTK_Cell.cpp", "C++", 0, 0, 0, 0, 0, 323, 0, 0, 0, 0, 0, 0, 0, 69, 109, 501
"/home/mueller/codes/moris/projects/MTK/src/geometry/cell/cl_MTK_Cell.hpp", "C++", 0, 0, 0, 0, 0, 146, 0, 0, 0, 0, 0, 0, 0, 192, 109, 447
"/home/mueller/codes/moris/projects/MTK/src/geometry/cell/cl_MTK_Cell_DataBase.cpp", "C++", 0, 0, 0, 0, 0, 117, 0, 0, 0, 0, 0, 0, 0, 34, 48, 199
"/home/mueller/codes/moris/projects/MTK/src/geometry/cell/cl_MTK_Cell_DataBase.hpp", "C++", 0, 0, 0, 0, 0, 53, 0, 0, 0, 0, 0, 0, 0, 115, 58, 226
"/home/mueller/codes/moris/projects/MTK/src/geometry/cell/cl_MTK_Cell_ISC.cpp", "C++", 0, 0, 0, 0, 0, 30, 0, 0, 0, 0, 0, 0, 0, 15, 7, 52
"/home/mueller/codes/moris/projects/MTK/src/geometry/cell/cl_MTK_Cell_ISC.hpp", "C++", 0, 0, 0, 0, 0, 42, 0, 0, 0, 0, 0, 0, 0, 41, 25, 108
"/home/mueller/codes/moris/projects/MTK/src/geometry/cell/cl_MTK_Cell_Info.cpp", "C++", 0, 0, 0, 0, 0, 224, 0, 0, 0, 0, 0, 0, 0, 56, 63, 343
"/home/mueller/codes/moris/projects/MTK/src/geometry/cell/cl_MTK_Cell_Info.hpp", "C++", 0, 0, 0, 0, 0, 122, 0, 0, 0, 0, 0, 0, 0, 202, 53, 377
"/home/mueller/codes/moris/projects/MTK/src/geometry/cell/cl_MTK_Cell_Info_Factory.cpp", "C++", 0, 0, 0, 0, 0, 412, 0, 0, 0, 0, 0, 0, 0, 17, 29, 458
"/home/mueller/codes/moris/projects/MTK/src/geometry/cell/cl_MTK_Cell_Info_Factory.hpp", "C++", 0, 0, 0, 0, 0, 22, 0, 0, 0, 0, 0, 0, 0, 9, 8, 39
"/home/mueller/codes/moris/projects/MTK/src/geometry/cell/cl_MTK_Cell_Info_Hex20.cpp", "C++", 0, 0, 0, 0, 0, 2057, 0, 0, 0, 0, 0, 0, 0, 74, 104, 2235
"/home/mueller/codes/moris/projects/MTK/src/geometry/cell/cl_MTK_Cell_Info_Hex20.hpp", "C++", 0, 0, 0, 0, 0, 82, 0, 0, 0, 0, 0, 0, 0, 35, 58, 175
"/home/mueller/codes/moris/projects/MTK/src/geometry/cell/cl_MTK_Cell_Info_Hex27.cpp", "C++", 0, 0, 0, 0, 0, 2145, 0, 0, 0, 0, 0, 0, 0, 74, 104, 2323
"/home/mueller/codes/moris/projects/MTK/src/geometry/cell/cl_MTK_Cell_Info_Hex27.hpp", "C++", 0, 0, 0, 0, 0, 82, 0, 0, 0, 0, 0, 0, 0, 35, 58, 175
"/home/mueller/codes/moris/projects/MTK/src/geometry/cell/cl_MTK_Cell_Info_Hex64.cpp", "C++", 0, 0, 0, 0, 0, 1265, 0, 0, 0, 0, 0, 0, 0, 61, 100, 1426
"/home/mueller/codes/moris/projects/MTK/src/geometry/cell/cl_MTK_Cell_Info_Hex64.hpp", "C++", 0, 0, 0, 0, 0, 81, 0, 0, 0, 0, 0, 0, 0, 36, 58, 175
"/home/mueller/codes/moris/projects/MTK/src/geometry/cell/cl_MTK_Cell_Info_Hex8.cpp", "C++", 0, 0, 0, 0, 0, 2624, 0, 0, 0, 0, 0, 0, 0, 101, 104, 2829
"/home/mueller/codes/moris/projects/MTK/src/geometry/cell/cl_MTK_Cell_Info_Hex8.hpp", "C++", 0, 0, 0, 0, 0, 84, 0, 0, 0, 0, 0, 0, 0, 41, 56, 181
"/home/mueller/codes/moris/projects/MTK/src/geometry/cell/cl_MTK_Cell_Info_Quad16.cpp", "C++", 0, 0, 0, 0, 0, 510, 0, 0, 0, 0, 0, 0, 0, 92, 90, 692
"/home/mueller/codes/moris/projects/MTK/src/geometry/cell/cl_MTK_Cell_Info_Quad16.hpp", "C++", 0, 0, 0, 0, 0, 79, 0, 0, 0, 0, 0, 0, 0, 39, 60, 178
"/home/mueller/codes/moris/projects/MTK/src/geometry/cell/cl_MTK_Cell_Info_Quad4.cpp", "C++", 0, 0, 0, 0, 0, 897, 0, 0, 0, 0, 0, 0, 0, 83, 128, 1108
"/home/mueller/codes/moris/projects/MTK/src/geometry/cell/cl_MTK_Cell_Info_Quad4.hpp", "C++", 0, 0, 0, 0, 0, 89, 0, 0, 0, 0, 0, 0, 0, 59, 64, 212
"/home/mueller/codes/moris/projects/MTK/src/geometry/cell/cl_MTK_Cell_Info_Quad8.cpp", "C++", 0, 0, 0, 0, 0, 589, 0, 0, 0, 0, 0, 0, 0, 101, 105, 795
"/home/mueller/codes/moris/projects/MTK/src/geometry/cell/cl_MTK_Cell_Info_Quad8.hpp", "C++", 0, 0, 0, 0, 0, 79, 0, 0, 0, 0, 0, 0, 0, 39, 60, 178
"/home/mueller/codes/moris/projects/MTK/src/geometry/cell/cl_MTK_Cell_Info_Quad9.cpp", "C++", 0, 0, 0, 0, 0, 597, 0, 0, 0, 0, 0, 0, 0, 101, 104, 802
"/home/mueller/codes/moris/projects/MTK/src/geometry/cell/cl_MTK_Cell_Info_Quad9.hpp", "C++", 0, 0, 0, 0, 0, 79, 0, 0, 0, 0, 0, 0, 0, 40, 61, 180
"/home/mueller/codes/moris/projects/MTK/src/geometry/cell/cl_MTK_Cell_Info_Tet10.cpp", "C++", 0, 0, 0, 0, 0, 484, 0, 0, 0, 0, 0, 0, 0, 57, 81, 622
"/home/mueller/codes/moris/projects/MTK/src/geometry/cell/cl_MTK_Cell_Info_Tet10.hpp", "C++", 0, 0, 0, 0, 0, 81, 0, 0, 0, 0, 0, 0, 0, 49, 58, 188
"/home/mueller/codes/moris/projects/MTK/src/geometry/cell/cl_MTK_Cell_Info_Tet4.cpp", "C++", 0, 0, 0, 0, 0, 427, 0, 0, 0, 0, 0, 0, 0, 55, 77, 559
"/home/mueller/codes/moris/projects/MTK/src/geometry/cell/cl_MTK_Cell_Info_Tet4.hpp", "C++", 0, 0, 0, 0, 0, 81, 0, 0, 0, 0, 0, 0, 0, 49, 57, 187
"/home/mueller/codes/moris/projects/MTK/src/geometry/cell/cl_MTK_Cell_Info_Tri3.cpp", "C++", 0, 0, 0, 0, 0, 253, 0, 0, 0, 0, 0, 0, 0, 45, 72, 370
"/home/mueller/codes/moris/projects/MTK/src/geometry/cell/cl_MTK_Cell_Info_Tri3.hpp", "C++", 0, 0, 0, 0, 0, 75, 0, 0, 0, 0, 0, 0, 0, 39, 54, 168
"/home/mueller/codes/moris/projects/MTK/src/geometry/cell/cl_MTK_Cell_Info_Tri6.cpp", "C++", 0, 0, 0, 0, 0, 273, 0, 0, 0, 0, 0, 0, 0, 46, 75, 394
"/home/mueller/codes/moris/projects/MTK/src/geometry/cell/cl_MTK_Cell_Info_Tri6.hpp", "C++", 0, 0, 0, 0, 0, 75, 0, 0, 0, 0, 0, 0, 0, 39, 54, 168
"/home/mueller/codes/moris/projects/MTK/src/geometry/cell/cl_MTK_Cell_Proxy.hpp", "C++", 0, 0, 0, 0, 0, 126, 0, 0, 0, 0, 0, 0, 0, 73, 55, 254
"/home/mueller/codes/moris/projects/MTK/src/geometry/cl_MTK_Edge.hpp", "C++", 0, 0, 0, 0, 0, 13, 0, 0, 0, 0, 0, 0, 0, 15, 10, 38
"/home/mueller/codes/moris/projects/MTK/src/geometry/cl_MTK_Facet.hpp", "C++", 0, 0, 0, 0, 0, 21, 0, 0, 0, 0, 0, 0, 0, 26, 21, 68
"/home/mueller/codes/moris/projects/MTK/src/geometry/cl_MTK_Topology.hpp", "C++", 0, 0, 0, 0, 0, 66, 0, 0, 0, 0, 0, 0, 0, 9, 12, 87
"/home/mueller/codes/moris/projects/MTK/src/geometry/vertex/cl_MTK_Vertex.hpp", "C++", 0, 0, 0, 0, 0, 114, 0, 0, 0, 0, 0, 0, 0, 54, 54, 222
"/home/mueller/codes/moris/projects/MTK/src/geometry/vertex/cl_MTK_Vertex_DataBase.cpp", "C++", 0, 0, 0, 0, 0, 63, 0, 0, 0, 0, 0, 0, 0, 25, 27, 115
"/home/mueller/codes/moris/projects/MTK/src/geometry/vertex/cl_MTK_Vertex_DataBase.hpp", "C++", 0, 0, 0, 0, 0, 40, 0, 0, 0, 0, 0, 0, 0, 89, 37, 166
"/home/mueller/codes/moris/projects/MTK/src/geometry/vertex/cl_MTK_Vertex_ISC_Impl.hpp", "C++", 0, 0, 0, 0, 0, 45, 0, 0, 0, 0, 0, 0, 0, 68, 19, 132
"/home/mueller/codes/moris/projects/MTK/src/geometry/vertex/cl_MTK_Vertex_Interpolation.hpp", "C++", 0, 0, 0, 0, 0, 49, 0, 0, 0, 0, 0, 0, 0, 60, 34, 143
"/home/mueller/codes/moris/projects/MTK/src/geometry/vertex/cl_MTK_Vertex_Interpolation_DataBase.cpp", "C++", 0, 0, 0, 0, 0, 90, 0, 0, 0, 0, 0, 0, 0, 24, 36, 150
"/home/mueller/codes/moris/projects/MTK/src/geometry/vertex/cl_MTK_Vertex_Interpolation_DataBase.hpp", "C++", 0, 0, 0, 0, 0, 43, 0, 0, 0, 0, 0, 0, 0, 59, 32, 134
"/home/mueller/codes/moris/projects/MTK/src/geometry/vertex/cl_MTK_Vertex_Proxy.hpp", "C++", 0, 0, 0, 0, 0, 52, 0, 0, 0, 0, 0, 0, 0, 40, 26, 118
"/home/mueller/codes/moris/projects/MTK/src/integration/cl_MTK_Integration_Coeffs.hpp", "C++", 0, 0, 0, 0, 0, 54, 0, 0, 0, 0, 0, 0, 0, 44, 25, 123
"/home/mueller/codes/moris/projects/MTK/src/integration/cl_MTK_Integration_Coeffs_Bar_1.hpp", "C++", 0, 0, 0, 0, 0, 42, 0, 0, 0, 0, 0, 0, 0, 14, 14, 70
"/home/mueller/codes/moris/projects/MTK/src/integration/cl_MTK_Integration_Coeffs_Bar_16.hpp", "C++", 0, 0, 0, 0, 0, 77, 0, 0, 0, 0, 0, 0, 0, 17, 14, 108
"/home/mueller/codes/moris/projects/MTK/src/integration/cl_MTK_Integration_Coeffs_Bar_2.hpp", "C++", 0, 0, 0, 0, 0, 49, 0, 0, 0, 0, 0, 0, 0, 14, 14, 77
"/home/mueller/codes/moris/projects/MTK/src/integration/cl_MTK_Integration_Coeffs_Bar_3.hpp", "C++", 0, 0, 0, 0, 0, 51, 0, 0, 0, 0, 0, 0, 0, 14, 14, 79
"/home/mueller/codes/moris/projects/MTK/src/integration/cl_MTK_Integration_Coeffs_Bar_32.hpp", "C++", 0, 0, 0, 0, 0, 111, 0, 0, 0, 0, 0, 0, 0, 17, 14, 142
"/home/mueller/codes/moris/projects/MTK/src/integration/cl_MTK_Integration_Coeffs_Bar_4.hpp", "C++", 0, 0, 0, 0, 0, 53, 0, 0, 0, 0, 0, 0, 0, 14, 16, 83
"/home/mueller/codes/moris/projects/MTK/src/integration/cl_MTK_Integration_Coeffs_Bar_5.hpp", "C++", 0, 0, 0, 0, 0, 55, 0, 0, 0, 0, 0, 0, 0, 14, 14, 83
"/home/mueller/codes/moris/projects/MTK/src/integration/cl_MTK_Integration_Coeffs_Bar_6.hpp", "C++", 0, 0, 0, 0, 0, 57, 0, 0, 0, 0, 0, 0, 0, 17, 14, 88
"/home/mueller/codes/moris/projects/MTK/src/integration/cl_MTK_Integration_Coeffs_Bar_64.hpp", "C++", 0, 0, 0, 0, 0, 173, 0, 0, 0, 0, 0, 0, 0, 17, 15, 205
"/home/mueller/codes/moris/projects/MTK/src/integration/cl_MTK_Integration_Coeffs_Base.hpp", "C++", 0, 0, 0, 0, 0, 22, 0, 0, 0, 0, 0, 0, 0, 37, 22, 81
"/home/mueller/codes/moris/projects/MTK/src/integration/cl_MTK_Integration_Coeffs_Hex_2x2x2.hpp", "C++", 0, 0, 0, 0, 0, 77, 0, 0, 0, 0, 0, 0, 0, 14, 13, 104
"/home/mueller/codes/moris/projects/MTK/src/integration/cl_MTK_Integration_Coeffs_Hex_3x3x3.hpp", "C++", 0, 0, 0, 0, 0, 153, 0, 0, 0, 0, 0, 0, 0, 14, 13, 180
"/home/mueller/codes/moris/projects/MTK/src/integration/cl_MTK_Integration_Coeffs_Hex_4x4x4.hpp", "C++", 0, 0, 0, 0, 0, 301, 0, 0, 0, 0, 0, 0, 0, 14, 13, 328
"/home/mueller/codes/moris/projects/MTK/src/integration/cl_MTK_Integration_Coeffs_Hex_5x5x5.hpp", "C++", 0, 0, 0, 0, 0, 549, 0, 0, 0, 0, 0, 0, 0, 14, 13, 576
"/home/mueller/codes/moris/projects/MTK/src/integration/cl_MTK_Integration_Coeffs_Point.hpp", "C++", 0, 0, 0, 0, 0, 42, 0, 0, 0, 0, 0, 0, 0, 14, 14, 70
"/home/mueller/codes/moris/projects/MTK/src/integration/cl_MTK_Integration_Coeffs_Quad_2x2.hpp", "C++", 0, 0, 0, 0, 0, 50, 0, 0, 0, 0, 0, 0, 0, 14, 12, 76
"/home/mueller/codes/moris/projects/MTK/src/integration/cl_MTK_Integration_Coeffs_Quad_3x3.hpp", "C++", 0, 0, 0, 0, 0, 71, 0, 0, 0, 0, 0, 0, 0, 14, 14, 99
"/home/mueller/codes/moris/projects/MTK/src/integration/cl_MTK_Integration_Coeffs_Quad_4x4.hpp", "C++", 0, 0, 0, 0, 0, 93, 0, 0, 0, 0, 0, 0, 0, 14, 13, 120
"/home/mueller/codes/moris/projects/MTK/src/integration/cl_MTK_Integration_Coeffs_Quad_5x5.hpp", "C++", 0, 0, 0, 0, 0, 120, 0, 0, 0, 0, 0, 0, 0, 14, 13, 147
"/home/mueller/codes/moris/projects/MTK/src/integration/cl_MTK_Integration_Coeffs_Tet_1.hpp", "C++", 0, 0, 0, 0, 0, 47, 0, 0, 0, 0, 0, 0, 0, 17, 14, 78
"/home/mueller/codes/moris/projects/MTK/src/integration/cl_MTK_Integration_Coeffs_Tet_11.hpp", "C++", 0, 0, 0, 0, 0, 95, 0, 0, 0, 0, 0, 0, 0, 14, 15, 124
"/home/mueller/codes/moris/projects/MTK/src/integration/cl_MTK_Integration_Coeffs_Tet_15.hpp", "C++", 0, 0, 0, 0, 0, 109, 0, 0, 0, 0, 0, 0, 0, 14, 14, 137
"/home/mueller/codes/moris/projects/MTK/src/integration/cl_MTK_Integration_Coeffs_Tet_20.hpp", "C++", 0, 0, 0, 0, 0, 129, 0, 0, 0, 0, 0, 0, 0, 17, 14, 160
"/home/mueller/codes/moris/projects/MTK/src/integration/cl_MTK_Integration_Coeffs_Tet_35.hpp", "C++", 0, 0, 0, 0, 0, 188, 0, 0, 0, 0, 0, 0, 0, 17, 14, 219
"/home/mueller/codes/moris/projects/MTK/src/integration/cl_MTK_Integration_Coeffs_Tet_4.hpp", "C++", 0, 0, 0, 0, 0, 65, 0, 0, 0, 0, 0, 0, 0, 14, 12, 91
"/home/mueller/codes/moris/projects/MTK/src/integration/cl_MTK_Integration_Coeffs_Tet_5.hpp", "C++", 0, 0, 0, 0, 0, 69, 0, 0, 0, 0, 0, 0, 0, 14, 12, 95
"/home/mueller/codes/moris/projects/MTK/src/integration/cl_MTK_Integration_Coeffs_Tet_56.hpp", "C++", 0, 0, 0, 0, 0, 273, 0, 0, 0, 0, 0, 0, 0, 17, 14, 304
"/home/mueller/codes/moris/projects/MTK/src/integration/cl_MTK_Integration_Coeffs_Tri_1.hpp", "C++", 0, 0, 0, 0, 0, 46, 0, 0, 0, 0, 0, 0, 0, 17, 13, 76
"/home/mueller/codes/moris/projects/MTK/src/integration/cl_MTK_Integration_Coeffs_Tri_12.hpp", "C++", 0, 0, 0, 0, 0, 81, 0, 0, 0, 0, 0, 0, 0, 17, 19, 117
"/home/mueller/codes/moris/projects/MTK/src/integration/cl_MTK_Integration_Coeffs_Tri_13.hpp", "C++", 0, 0, 0, 0, 0, 84, 0, 0, 0, 0, 0, 0, 0, 17, 21, 122
"/home/mueller/codes/moris/projects/MTK/src/integration/cl_MTK_Integration_Coeffs_Tri_16.hpp", "C++", 0, 0, 0, 0, 0, 93, 0, 0, 0, 0, 0, 0, 0, 17, 25, 135
"/home/mueller/codes/moris/projects/MTK/src/integration/cl_MTK_Integration_Coeffs_Tri_19.hpp", "C++", 0, 0, 0, 0, 0, 102, 0, 0, 0, 0, 0, 0, 0, 17, 27, 146
"/home/mueller/codes/moris/projects/MTK/src/integration/cl_MTK_Integration_Coeffs_Tri_25.hpp", "C++", 0, 0, 0, 0, 0, 120, 0, 0, 0, 0, 0, 0, 0, 17, 27, 164
"/home/mueller/codes/moris/projects/MTK/src/integration/cl_MTK_Integration_Coeffs_Tri_3.hpp", "C++", 0, 0, 0, 0, 0, 48, 0, 0, 0, 0, 0, 0, 0, 17, 12, 77
"/home/mueller/codes/moris/projects/MTK/src/integration/cl_MTK_Integration_Coeffs_Tri_4.hpp", "C++", 0, 0, 0, 0, 0, 57, 0, 0, 0, 0, 0, 0, 0, 17, 15, 89
"/home/mueller/codes/moris/projects/MTK/src/integration/cl_MTK_Integration_Coeffs_Tri_6.hpp", "C++", 0, 0, 0, 0, 0, 63, 0, 0, 0, 0, 0, 0, 0, 17, 12, 92
"/home/mueller/codes/moris/projects/MTK/src/integration/cl_MTK_Integration_Coeffs_Tri_7.hpp", "C++", 0, 0, 0, 0, 0, 66, 0, 0, 0, 0, 0, 0, 0, 17, 13, 96
"/home/mueller/codes/moris/projects/MTK/src/integration/cl_MTK_Integration_Rule.cpp", "C++", 0, 0, 0, 0, 0, 316, 0, 0, 0, 0, 0, 0, 0, 43, 66, 425
"/home/mueller/codes/moris/projects/MTK/src/integration/cl_MTK_Integration_Rule.hpp", "C++", 0, 0, 0, 0, 0, 66, 0, 0, 0, 0, 0, 0, 0, 74, 35, 175
"/home/mueller/codes/moris/projects/MTK/src/integration/cl_MTK_Integrator.cpp", "C++", 0, 0, 0, 0, 0, 57, 0, 0, 0, 0, 0, 0, 0, 28, 24, 109
"/home/mueller/codes/moris/projects/MTK/src/integration/cl_MTK_Integrator.hpp", "C++", 0, 0, 0, 0, 0, 29, 0, 0, 0, 0, 0, 0, 0, 45, 25, 99
"/home/mueller/codes/moris/projects/MTK/src/integration/cl_MTK_Integrator_Test_Polynomial.cpp", "C++", 0, 0, 0, 0, 0, 48, 0, 0, 0, 0, 0, 0, 0, 22, 18, 88
"/home/mueller/codes/moris/projects/MTK/src/integration/cl_MTK_Integrator_Test_Polynomial.hpp", "C++", 0, 0, 0, 0, 0, 21, 0, 0, 0, 0, 0, 0, 0, 40, 18, 79
"/home/mueller/codes/moris/projects/MTK/src/interpolation/cl_Interpolation.hpp", "C++", 0, 0, 0, 0, 0, 127, 0, 0, 0, 0, 0, 0, 0, 43, 21, 191
"/home/mueller/codes/moris/projects/MTK/src/interpolation/cl_MTK_Interpolation_Function.hpp", "C++", 0, 0, 0, 0, 0, 98, 0, 0, 0, 0, 0, 0, 0, 109, 46, 253
"/home/mueller/codes/moris/projects/MTK/src/interpolation/cl_MTK_Interpolation_Function_Base.hpp", "C++", 0, 0, 0, 0, 0, 32, 0, 0, 0, 0, 0, 0, 0, 101, 33, 166
"/home/mueller/codes/moris/projects/MTK/src/interpolation/cl_MTK_Interpolation_Function_Constant_Bar2.hpp", "C++", 0, 0, 0, 0, 0, 60, 0, 0, 0, 0, 0, 0, 0, 22, 23, 105
"/home/mueller/codes/moris/projects/MTK/src/interpolation/cl_MTK_Interpolation_Function_Constant_Point.hpp", "C++", 0, 0, 0, 0, 0, 60, 0, 0, 0, 0, 0, 0, 0, 22, 23, 105
"/home/mueller/codes/moris/projects/MTK/src/interpolation/cl_MTK_Interpolation_Function_Factory.cpp", "C++", 0, 0, 0, 0, 0, 270, 0, 0, 0, 0, 0, 0, 0, 25, 24, 319
"/home/mueller/codes/moris/projects/MTK/src/interpolation/cl_MTK_Interpolation_Function_Factory.hpp", "C++", 0, 0, 0, 0, 0, 35, 0, 0, 0, 0, 0, 0, 0, 37, 31, 103
"/home/mueller/codes/moris/projects/MTK/src/interpolation/cl_MTK_Interpolation_Function_Lagrange_Bar1.hpp", "C++", 0, 0, 0, 0, 0, 60, 0, 0, 0, 0, 0, 0, 0, 22, 23, 105
"/home/mueller/codes/moris/projects/MTK/src/interpolation/cl_MTK_Interpolation_Function_Lagrange_Bar2.hpp", "C++", 0, 0, 0, 0, 0, 67, 0, 0, 0, 0, 0, 0, 0, 24, 23, 114
"/home/mueller/codes/moris/projects/MTK/src/interpolation/cl_MTK_Interpolation_Function_Lagrange_Bar3.hpp", "C++", 0, 0, 0, 0, 0, 80, 0, 0, 0, 0, 0, 0, 0, 23, 26, 129
"/home/mueller/codes/moris/projects/MTK/src/interpolation/cl_MTK_Interpolation_Function_Lagrange_Bar4.hpp", "C++", 0, 0, 0, 0, 0, 88, 0, 0, 0, 0, 0, 0, 0, 24, 27, 139
"/home/mueller/codes/moris/projects/MTK/src/interpolation/cl_MTK_Interpolation_Function_Lagrange_Hex20.hpp", "C++", 0, 0, 0, 0, 0, 339, 0, 0, 0, 0, 0, 0, 0, 33, 68, 440
"/home/mueller/codes/moris/projects/MTK/src/interpolation/cl_MTK_Interpolation_Function_Lagrange_Hex27.hpp", "C++", 0, 0, 0, 0, 0, 660, 0, 0, 0, 0, 0, 0, 0, 61, 125, 846
"/home/mueller/codes/moris/projects/MTK/src/interpolation/cl_MTK_Interpolation_Function_Lagrange_Hex64.hpp", "C++", 0, 0, 0, 0, 0, 1665, 0, 0, 0, 0, 0, 0, 0, 99, 257, 2021
"/home/mueller/codes/moris/projects/MTK/src/interpolation/cl_MTK_Interpolation_Function_Lagrange_Hex8.hpp", "C++", 0, 0, 0, 0, 0, 163, 0, 0, 0, 0, 0, 0, 0, 43, 49, 255
"/home/mueller/codes/moris/projects/MTK/src/interpolation/cl_MTK_Interpolation_Function_Lagrange_Quad16.hpp", "C++", 0, 0, 0, 0, 0, 341, 0, 0, 0, 0, 0, 0, 0, 46, 94, 481
"/home/mueller/codes/moris/projects/MTK/src/interpolation/cl_MTK_Interpolation_Function_Lagrange_Quad4.hpp", "C++", 0, 0, 0, 0, 0, 92, 0, 0, 0, 0, 0, 0, 0, 27, 37, 156
"/home/mueller/codes/moris/projects/MTK/src/interpolation/cl_MTK_Interpolation_Function_Lagrange_Quad8.hpp", "C++", 0, 0, 0, 0, 0, 135, 0, 0, 0, 0, 0, 0, 0, 33, 43, 211
"/home/mueller/codes/moris/projects/MTK/src/interpolation/cl_MTK_Interpolation_Function_Lagrange_Quad9.hpp", "C++", 0, 0, 0, 0, 0, 183, 0, 0, 0, 0, 0, 0, 0, 47, 60, 290
"/home/mueller/codes/moris/projects/MTK/src/interpolation/cl_MTK_Interpolation_Function_Lagrange_Tet10.hpp", "C++", 0, 0, 0, 0, 0, 127, 0, 0, 0, 0, 0, 0, 0, 32, 32, 191
"/home/mueller/codes/moris/projects/MTK/src/interpolation/cl_MTK_Interpolation_Function_Lagrange_Tet20.hpp", "C++", 0, 0, 0, 0, 0, 238, 0, 0, 0, 0, 0, 0, 0, 27, 46, 311
"/home/mueller/codes/moris/projects/MTK/src/interpolation/cl_MTK_Interpolation_Function_Lagrange_Tet4.hpp", "C++", 0, 0, 0, 0, 0, 88, 0, 0, 0, 0, 0, 0, 0, 25, 26, 139
"/home/mueller/codes/moris/projects/MTK/src/interpolation/cl_MTK_Interpolation_Function_Lagrange_Tri10.hpp", "C++", 0, 0, 0, 0, 0, 160, 0, 0, 0, 0, 0, 0, 0, 35, 39, 234
"/home/mueller/codes/moris/projects/MTK/src/interpolation/cl_MTK_Interpolation_Function_Lagrange_Tri3.hpp", "C++", 0, 0, 0, 0, 0, 79, 0, 0, 0, 0, 0, 0, 0, 25, 26, 130
"/home/mueller/codes/moris/projects/MTK/src/interpolation/cl_MTK_Interpolation_Function_Lagrange_Tri6.hpp", "C++", 0, 0, 0, 0, 0, 102, 0, 0, 0, 0, 0, 0, 0, 29, 29, 160
"/home/mueller/codes/moris/projects/MTK/src/interpolation/cl_MTK_Interpolation_Rule.cpp", "C++", 0, 0, 0, 0, 0, 90, 0, 0, 0, 0, 0, 0, 0, 18, 15, 123
"/home/mueller/codes/moris/projects/MTK/src/interpolation/cl_MTK_Interpolation_Rule.hpp", "C++", 0, 0, 0, 0, 0, 62, 0, 0, 0, 0, 0, 0, 0, 79, 30, 171
"/home/mueller/codes/moris/projects/MTK/src/interpolation/cl_MTK_Space_Interpolator.cpp", "C++", 0, 0, 0, 0, 0, 2111, 0, 0, 0, 0, 0, 0, 0, 408, 447, 2966
"/home/mueller/codes/moris/projects/MTK/src/interpolation/cl_MTK_Space_Interpolator.hpp", "C++", 0, 0, 0, 0, 0, 294, 0, 0, 0, 0, 0, 0, 0, 412, 106, 812
"/home/mueller/codes/moris/projects/MTK/src/interpolation/fn_MTK_Interpolation_Enum_Int_Conversion.hpp", "C++", 0, 0, 0, 0, 0, 75, 0, 0, 0, 0, 0, 0, 0, 12, 17, 104
"/home/mueller/codes/moris/projects/MTK/src/intersection/cl_MTK_Intersection_Detect.cpp", "C++", 0, 0, 0, 0, 0, 1140, 0, 0, 0, 0, 0, 0, 0, 347, 424, 1911
"/home/mueller/codes/moris/projects/MTK/src/intersection/cl_MTK_Intersection_Detect.hpp", "C++", 0, 0, 0, 0, 0, 150, 0, 0, 0, 0, 0, 0, 0, 199, 48, 397
"/home/mueller/codes/moris/projects/MTK/src/intersection/cl_MTK_Intersection_Detect_2D.cpp", "C++", 0, 0, 0, 0, 0, 649, 0, 0, 0, 0, 0, 0, 0, 235, 239, 1123
"/home/mueller/codes/moris/projects/MTK/src/intersection/cl_MTK_Intersection_Detect_2D.hpp", "C++", 0, 0, 0, 0, 0, 93, 0, 0, 0, 0, 0, 0, 0, 127, 29, 249
"/home/mueller/codes/moris/projects/MTK/src/intersection/cl_MTK_Ray_Intersection.hpp", "C++", 0, 0, 0, 0, 0, 104, 0, 0, 0, 0, 0, 0, 0, 3, 20, 127
"/home/mueller/codes/moris/projects/MTK/src/intersection/cl_MTK_Ray_Line_Intersection.cpp", "C++", 0, 0, 0, 0, 0, 36, 0, 0, 0, 0, 0, 0, 0, 26, 15, 77
"/home/mueller/codes/moris/projects/MTK/src/intersection/cl_MTK_Ray_Line_Intersection.hpp", "C++", 0, 0, 0, 0, 0, 20, 0, 0, 0, 0, 0, 0, 0, 3, 12, 35
"/home/mueller/codes/moris/projects/MTK/src/io/cl_MTK_Exodus_IO_Helper.cpp", "C++", 0, 0, 0, 0, 0, 1105, 0, 0, 0, 0, 0, 0, 0, 130, 289, 1524
"/home/mueller/codes/moris/projects/MTK/src/io/cl_MTK_Exodus_IO_Helper.hpp", "C++", 0, 0, 0, 0, 0, 219, 0, 0, 0, 0, 0, 0, 0, 136, 80, 435
"/home/mueller/codes/moris/projects/MTK/src/io/cl_MTK_Json_Debug_Output.cpp", "C++", 0, 0, 0, 0, 0, 223, 0, 0, 0, 0, 0, 0, 0, 9, 39, 271
"/home/mueller/codes/moris/projects/MTK/src/io/cl_MTK_Json_Debug_Output.hpp", "C++", 0, 0, 0, 0, 0, 46, 0, 0, 0, 0, 0, 0, 0, 3, 10, 59
"/home/mueller/codes/moris/projects/MTK/src/io/cl_MTK_Reader_Exodus.cpp", "C++", 0, 0, 0, 0, 0, 133, 0, 0, 0, 0, 0, 0, 0, 33, 35, 201
"/home/mueller/codes/moris/projects/MTK/src/io/cl_MTK_Reader_Exodus.hpp", "C++", 0, 0, 0, 0, 0, 43, 0, 0, 0, 0, 0, 0, 0, 38, 14, 95
"/home/mueller/codes/moris/projects/MTK/src/io/cl_MTK_Writer_Exodus.cpp", "C++", 0, 0, 0, 0, 0, 863, 0, 0, 0, 0, 0, 0, 0, 209, 237, 1309
"/home/mueller/codes/moris/projects/MTK/src/io/cl_MTK_Writer_Exodus.hpp", "C++", 0, 0, 0, 0, 0, 111, 0, 0, 0, 0, 0, 0, 0, 224, 88, 423
"/home/mueller/codes/moris/projects/MTK/src/mesh/cl_MTK_Integration_Mesh.cpp", "C++", 0, 0, 0, 0, 0, 537, 0, 0, 0, 0, 0, 0, 0, 113, 178, 828
"/home/mueller/codes/moris/projects/MTK/src/mesh/cl_MTK_Integration_Mesh.hpp", "C++", 0, 0, 0, 0, 0, 164, 0, 0, 0, 0, 0, 0, 0, 256, 115, 535
"/home/mueller/codes/moris/projects/MTK/src/mesh/cl_MTK_Integration_Mesh_Editor.cpp", "C++", 0, 0, 0, 0, 0, 1677, 0, 0, 0, 0, 0, 0, 0, 605, 661, 2943
"/home/mueller/codes/moris/projects/MTK/src/mesh/cl_MTK_Integration_Mesh_Editor.hpp", "C++", 0, 0, 0, 0, 0, 182, 0, 0, 0, 0, 0, 0, 0, 234, 173, 589
"/home/mueller/codes/moris/projects/MTK/src/mesh/cl_MTK_Integration_Mesh_write_T_matrices.cpp", "C++", 0, 0, 0, 0, 0, 552, 0, 0, 0, 0, 0, 0, 0, 265, 215, 1032
"/home/mueller/codes/moris/projects/MTK/src/mesh/cl_MTK_Interpolation_Mesh.hpp", "C++", 0, 0, 0, 0, 0, 18, 0, 0, 0, 0, 0, 0, 0, 16, 7, 41
"/home/mueller/codes/moris/projects/MTK/src/mesh/cl_MTK_Interpolation_Mesh_Editor.cpp", "C++", 0, 0, 0, 0, 0, 338, 0, 0, 0, 0, 0, 0, 0, 116, 129, 583
"/home/mueller/codes/moris/projects/MTK/src/mesh/cl_MTK_Interpolation_Mesh_Editor.hpp", "C++", 0, 0, 0, 0, 0, 72, 0, 0, 0, 0, 0, 0, 0, 117, 71, 260
"/home/mueller/codes/moris/projects/MTK/src/mesh/cl_MTK_Intersec_Mesh_Data.cpp", "C++", 0, 0, 0, 0, 0, 122, 0, 0, 0, 0, 0, 0, 0, 36, 43, 201
"/home/mueller/codes/moris/projects/MTK/src/mesh/cl_MTK_Intersec_Mesh_Data.hpp", "C++", 0, 0, 0, 0, 0, 161, 0, 0, 0, 0, 0, 0, 0, 133, 55, 349
"/home/mueller/codes/moris/projects/MTK/src/mesh/cl_MTK_Intersection_Mesh.cpp", "C++", 0, 0, 0, 0, 0, 215, 0, 0, 0, 0, 0, 0, 0, 62, 61, 338
"/home/mueller/codes/moris/projects/MTK/src/mesh/cl_MTK_Intersection_Mesh.hpp", "C++", 0, 0, 0, 0, 0, 174, 0, 0, 0, 0, 0, 0, 0, 182, 43, 399
"/home/mueller/codes/moris/projects/MTK/src/mesh/cl_MTK_Mesh.hpp", "C++", 0, 0, 0, 0, 0, 507, 0, 0, 0, 0, 0, 0, 0, 413, 109, 1029
"/home/mueller/codes/moris/projects/MTK/src/mesh/cl_MTK_Mesh_Checker.cpp", "C++", 0, 0, 0, 0, 0, 505, 0, 0, 0, 0, 0, 0, 0, 102, 118, 725
"/home/mueller/codes/moris/projects/MTK/src/mesh/cl_MTK_Mesh_Checker.hpp", "C++", 0, 0, 0, 0, 0, 218, 0, 0, 0, 0, 0, 0, 0, 42, 70, 330
"/home/mueller/codes/moris/projects/MTK/src/mesh/cl_MTK_Mesh_Core.cpp", "C++", 0, 0, 0, 0, 0, 1054, 0, 0, 0, 0, 0, 0, 0, 177, 314, 1545
"/home/mueller/codes/moris/projects/MTK/src/mesh/cl_MTK_Mesh_Core.hpp", "C++", 0, 0, 0, 0, 0, 486, 0, 0, 0, 0, 0, 0, 0, 871, 328, 1685
"/home/mueller/codes/moris/projects/MTK/src/mesh/cl_MTK_Mesh_DataBase_IG.cpp", "C++", 0, 0, 0, 0, 0, 700, 0, 0, 0, 0, 0, 0, 0, 167, 158, 1025
"/home/mueller/codes/moris/projects/MTK/src/mesh/cl_MTK_Mesh_DataBase_IG.hpp", "C++", 0, 0, 0, 0, 0, 217, 0, 0, 0, 0, 0, 0, 0, 326, 148, 691
"/home/mueller/codes/moris/projects/MTK/src/mesh/cl_MTK_Mesh_DataBase_IP.cpp", "C++", 0, 0, 0, 0, 0, 323, 0, 0, 0, 0, 0, 0, 0, 91, 96, 510
"/home/mueller/codes/moris/projects/MTK/src/mesh/cl_MTK_Mesh_DataBase_IP.hpp", "C++", 0, 0, 0, 0, 0, 124, 0, 0, 0, 0, 0, 0, 0, 303, 126, 553
"/home/mueller/codes/moris/projects/MTK/src/mesh/cl_MTK_Mesh_Data_Input.hpp", "C++", 0, 0, 0, 0, 0, 264, 0, 0, 0, 0, 0, 0, 0, 35, 36, 335
"/home/mueller/codes/moris/projects/MTK/src/mesh/cl_MTK_Mesh_Factory.cpp", "C++", 0, 0, 0, 0, 0, 136, 0, 0, 0, 0, 0, 0, 0, 20, 20, 176
"/home/mueller/codes/moris/projects/MTK/src/mesh/cl_MTK_Mesh_Factory.hpp", "C++", 0, 0, 0, 0, 0, 37, 0, 0, 0, 0, 0, 0, 0, 57, 11, 105
"/home/mueller/codes/moris/projects/MTK/src/mesh/cl_MTK_Mesh_Manager.cpp", "C++", 0, 0, 0, 0, 0, 110, 0, 0, 0, 0, 0, 0, 0, 32, 48, 190
"/home/mueller/codes/moris/projects/MTK/src/mesh/cl_MTK_Mesh_Manager.hpp", "C++", 0, 0, 0, 0, 0, 51, 0, 0, 0, 0, 0, 0, 0, 47, 32, 130
"/home/mueller/codes/moris/projects/MTK/src/mesh/cl_MTK_Mesh_Pair.cpp", "C++", 0, 0, 0, 0, 0, 39, 0, 0, 0, 0, 0, 0, 0, 15, 15, 69
"/home/mueller/codes/moris/projects/MTK/src/mesh/cl_MTK_Mesh_Pair.hpp", "C++", 0, 0, 0, 0, 0, 39, 0, 0, 0, 0, 0, 0, 0, 41, 15, 95
"/home/mueller/codes/moris/projects/MTK/src/mesh/cl_MTK_Mesh_Tools.hpp", "C++", 0, 0, 0, 0, 0, 26, 0, 0, 0, 0, 0, 0, 0, 13, 9, 48
"/home/mueller/codes/moris/projects/MTK/src/mesh/cl_MTK_Surface_Mesh.cpp", "C++", 0, 0, 0, 0, 0, 354, 0, 0, 0, 0, 0, 0, 0, 30, 73, 457
"/home/mueller/codes/moris/projects/MTK/src/mesh/cl_MTK_Surface_Mesh.hpp", "C++", 0, 0, 0, 0, 0, 78, 0, 0, 0, 0, 0, 0, 0, 171, 58, 307
"/home/mueller/codes/moris/projects/MTK/src/set/cl_MTK_Block_Set.hpp", "C++", 0, 0, 0, 0, 0, 194, 0, 0, 0, 0, 0, 0, 0, 156, 77, 427
"/home/mueller/codes/moris/projects/MTK/src/set/cl_MTK_Block_Sets_Info.hpp", "C++", 0, 0, 0, 0, 0, 35, 0, 0, 0, 0, 0, 0, 0, 22, 10, 67
"/home/mueller/codes/moris/projects/MTK/src/set/cl_MTK_Double_Side_Set.hpp", "C++", 0, 0, 0, 0, 0, 104, 0, 0, 0, 0, 0, 0, 0, 160, 77, 341
"/home/mueller/codes/moris/projects/MTK/src/set/cl_MTK_Node_Sets_Info.hpp", "C++", 0, 0, 0, 0, 0, 30, 0, 0, 0, 0, 0, 0, 0, 18, 9, 57
"/home/mueller/codes/moris/projects/MTK/src/set/cl_MTK_Nonconformal_Side_Set.hpp", "C++", 0, 0, 0, 0, 0, 22, 0, 0, 0, 0, 0, 0, 0, 9, 4, 35
"/home/mueller/codes/moris/projects/MTK/src/set/cl_MTK_Set.hpp", "C++", 0, 0, 0, 0, 0, 411, 0, 0, 0, 0, 0, 0, 0, 93, 141, 645
"/home/mueller/codes/moris/projects/MTK/src/set/cl_MTK_Set_Communicator.cpp", "C++", 0, 0, 0, 0, 0, 63, 0, 0, 0, 0, 0, 0, 0, 34, 24, 121
"/home/mueller/codes/moris/projects/MTK/src/set/cl_MTK_Set_Communicator.hpp", "C++", 0, 0, 0, 0, 0, 23, 0, 0, 0, 0, 0, 0, 0, 22, 16, 61
"/home/mueller/codes/moris/projects/MTK/src/set/cl_MTK_Sets_Info.hpp", "C++", 0, 0, 0, 0, 0, 88, 0, 0, 0, 0, 0, 0, 0, 24, 21, 133
"/home/mueller/codes/moris/projects/MTK/src/set/cl_MTK_Side_Set.hpp", "C++", 0, 0, 0, 0, 0, 134, 0, 0, 0, 0, 0, 0, 0, 110, 87, 331
"/home/mueller/codes/moris/projects/MTK/src/set/cl_MTK_Side_Sets_Info.hpp", "C++", 0, 0, 0, 0, 0, 38, 0, 0, 0, 0, 0, 0, 0, 21, 10, 69
"/home/mueller/codes/moris/projects/MTK/src/stk_impl/cl_MTK_Cell_Cluster_STK.cpp", "C++", 0, 0, 0, 0, 0, 107, 0, 0, 0, 0, 0, 0, 0, 32, 41, 180
"/home/mueller/codes/moris/projects/MTK/src/stk_impl/cl_MTK_Cell_Cluster_STK.hpp", "C++", 0, 0, 0, 0, 0, 66, 0, 0, 0, 0, 0, 0, 0, 36, 43, 145
"/home/mueller/codes/moris/projects/MTK/src/stk_impl/cl_MTK_Cell_STK.hpp", "C++", 0, 0, 0, 0, 0, 71, 0, 0, 0, 0, 0, 0, 0, 49, 29, 149
"/home/mueller/codes/moris/projects/MTK/src/stk_impl/cl_MTK_Integration_Mesh_STK.cpp", "C++", 0, 0, 0, 0, 0, 846, 0, 0, 0, 0, 0, 0, 0, 192, 316, 1354
"/home/mueller/codes/moris/projects/MTK/src/stk_impl/cl_MTK_Integration_Mesh_STK.hpp", "C++", 0, 0, 0, 0, 0, 97, 0, 0, 0, 0, 0, 0, 0, 105, 58, 260
"/home/mueller/codes/moris/projects/MTK/src/stk_impl/cl_MTK_Interpolation_Mesh_STK.cpp", "C++", 0, 0, 0, 0, 0, 29, 0, 0, 0, 0, 0, 0, 0, 13, 9, 51
"/home/mueller/codes/moris/projects/MTK/src/stk_impl/cl_MTK_Interpolation_Mesh_STK.hpp", "C++", 0, 0, 0, 0, 0, 25, 0, 0, 0, 0, 0, 0, 0, 10, 11, 46
"/home/mueller/codes/moris/projects/MTK/src/stk_impl/cl_MTK_Mesh_Core_STK.cpp", "C++", 0, 0, 0, 0, 0, 2429, 0, 0, 0, 0, 0, 0, 0, 850, 735, 4014
"/home/mueller/codes/moris/projects/MTK/src/stk_impl/cl_MTK_Mesh_Core_STK.hpp", "C++", 0, 0, 0, 0, 0, 450, 0, 0, 0, 0, 0, 0, 0, 477, 206, 1133
"/home/mueller/codes/moris/projects/MTK/src/stk_impl/cl_MTK_Mesh_Data_STK.hpp", "C++", 0, 0, 0, 0, 0, 85, 0, 0, 0, 0, 0, 0, 0, 32, 26, 143
"/home/mueller/codes/moris/projects/MTK/src/stk_impl/cl_MTK_Side_Cluster_STK.cpp", "C++", 0, 0, 0, 0, 0, 146, 0, 0, 0, 0, 0, 0, 0, 29, 45, 220
"/home/mueller/codes/moris/projects/MTK/src/stk_impl/cl_MTK_Side_Cluster_STK.hpp", "C++", 0, 0, 0, 0, 0, 70, 0, 0, 0, 0, 0, 0, 0, 28, 40, 138
"/home/mueller/codes/moris/projects/MTK/src/stk_impl/cl_MTK_Vertex_Interpolation_STK.cpp", "C++", 0, 0, 0, 0, 0, 68, 0, 0, 0, 0, 0, 0, 0, 30, 28, 126
"/home/mueller/codes/moris/projects/MTK/src/stk_impl/cl_MTK_Vertex_Interpolation_STK.hpp", "C++", 0, 0, 0, 0, 0, 40, 0, 0, 0, 0, 0, 0, 0, 54, 29, 123
"/home/mueller/codes/moris/projects/MTK/src/stk_impl/cl_MTK_Vertex_STK.hpp", "C++", 0, 0, 0, 0, 0, 119, 0, 0, 0, 0, 0, 0, 0, 80, 49, 248
"/home/mueller/codes/moris/projects/MTK/src/stk_impl/cl_MTK_Visualization_STK.hpp", "C++", 0, 0, 0, 0, 0, 65, 0, 0, 0, 0, 0, 0, 0, 24, 23, 112
"/home/mueller/codes/moris/projects/MTK/test/CMakeLists.txt", "CMake", 0, 0, 0, 0, 0, 0, 70, 0, 0, 0, 0, 0, 0, 0, 11, 81
"/home/mueller/codes/moris/projects/MTK/test/MTK_Test_Proxy/cl_MTK_Field_Proxy.cpp", "C++", 0, 0, 0, 0, 0, 16, 0, 0, 0, 0, 0, 0, 0, 11, 9, 36
"/home/mueller/codes/moris/projects/MTK/test/MTK_Test_Proxy/cl_MTK_Field_Proxy.hpp", "C++", 0, 0, 0, 0, 0, 33, 0, 0, 0, 0, 0, 0, 0, 16, 16, 65
"/home/mueller/codes/moris/projects/MTK/test/UT_MTK_Cell_Area.cpp", "C++", 0, 0, 0, 0, 0, 276, 0, 0, 0, 0, 0, 0, 0, 91, 86, 453
"/home/mueller/codes/moris/projects/MTK/test/UT_MTK_Cell_Info_Hex27.cpp", "C++", 0, 0, 0, 0, 0, 22, 0, 0, 0, 0, 0, 0, 0, 11, 10, 43
"/home/mueller/codes/moris/projects/MTK/test/UT_MTK_Cell_Info_Hex64.cpp", "C++", 0, 0, 0, 0, 0, 22, 0, 0, 0, 0, 0, 0, 0, 11, 15, 48
"/home/mueller/codes/moris/projects/MTK/test/UT_MTK_Cell_Info_Hex8.cpp", "C++", 0, 0, 0, 0, 0, 22, 0, 0, 0, 0, 0, 0, 0, 12, 15, 49
"/home/mueller/codes/moris/projects/MTK/test/UT_MTK_Cell_Info_Quad16.cpp", "C++", 0, 0, 0, 0, 0, 22, 0, 0, 0, 0, 0, 0, 0, 11, 16, 49
"/home/mueller/codes/moris/projects/MTK/test/UT_MTK_Cell_Info_Quad4.cpp", "C++", 0, 0, 0, 0, 0, 22, 0, 0, 0, 0, 0, 0, 0, 11, 15, 48
"/home/mueller/codes/moris/projects/MTK/test/UT_MTK_Cell_Info_Quad9.cpp", "C++", 0, 0, 0, 0, 0, 22, 0, 0, 0, 0, 0, 0, 0, 11, 16, 49
"/home/mueller/codes/moris/projects/MTK/test/UT_MTK_Cell_Info_Tet10.cpp", "C++", 0, 0, 0, 0, 0, 22, 0, 0, 0, 0, 0, 0, 0, 11, 11, 44
"/home/mueller/codes/moris/projects/MTK/test/UT_MTK_Cell_Info_Tet4.cpp", "C++", 0, 0, 0, 0, 0, 22, 0, 0, 0, 0, 0, 0, 0, 11, 9, 42
"/home/mueller/codes/moris/projects/MTK/test/UT_MTK_Cell_Info_Tri3.cpp", "C++", 0, 0, 0, 0, 0, 22, 0, 0, 0, 0, 0, 0, 0, 11, 9, 42
"/home/mueller/codes/moris/projects/MTK/test/UT_MTK_Cell_Info_Tri6.cpp", "C++", 0, 0, 0, 0, 0, 22, 0, 0, 0, 0, 0, 0, 0, 11, 9, 42
"/home/mueller/codes/moris/projects/MTK/test/UT_MTK_Cell_Shape.cpp", "C++", 0, 0, 0, 0, 0, 731, 0, 0, 0, 0, 0, 0, 0, 225, 200, 1156
"/home/mueller/codes/moris/projects/MTK/test/UT_MTK_Cell_Shape_Interpolation.cpp", "C++", 0, 0, 0, 0, 0, 107, 0, 0, 0, 0, 0, 0, 0, 45, 40, 192
"/home/mueller/codes/moris/projects/MTK/test/UT_MTK_Connectivity.cpp", "C++", 0, 0, 0, 0, 0, 360, 0, 0, 0, 0, 0, 0, 0, 117, 147, 624
"/home/mueller/codes/moris/projects/MTK/test/UT_MTK_Field.cpp", "C++", 0, 0, 0, 0, 0, 409, 0, 0, 0, 0, 0, 0, 0, 69, 166, 644
"/home/mueller/codes/moris/projects/MTK/test/UT_MTK_Intersection_Detect.cpp", "C++", 0, 0, 0, 0, 0, 117, 0, 0, 0, 0, 0, 0, 0, 46, 56, 219
"/home/mueller/codes/moris/projects/MTK/test/UT_MTK_Mesh_Comm_Maps.cpp", "C++", 0, 0, 0, 0, 0, 172, 0, 0, 0, 0, 0, 0, 0, 15, 38, 225
"/home/mueller/codes/moris/projects/MTK/test/UT_MTK_Periodic_Boundary_Condition_Helper.cpp", "C++", 0, 0, 0, 0, 0, 89, 0, 0, 0, 0, 0, 0, 0, 32, 26, 147
"/home/mueller/codes/moris/projects/MTK/test/cl_MTK_Blocks.cpp", "C++", 0, 0, 0, 0, 0, 66, 0, 0, 0, 0, 0, 0, 0, 19, 22, 107
"/home/mueller/codes/moris/projects/MTK/test/cl_MTK_Cell.cpp", "C++", 0, 0, 0, 0, 0, 173, 0, 0, 0, 0, 0, 0, 0, 38, 54, 265
"/home/mueller/codes/moris/projects/MTK/test/cl_MTK_Cell_Cluster.cpp", "C++", 0, 0, 0, 0, 0, 378, 0, 0, 0, 0, 0, 0, 0, 66, 89, 533
"/home/mueller/codes/moris/projects/MTK/test/cl_MTK_Double_Side_Cluster.cpp", "C++", 0, 0, 0, 0, 0, 157, 0, 0, 0, 0, 0, 0, 0, 104, 59, 320
"/home/mueller/codes/moris/projects/MTK/test/cl_MTK_Exodus_IO_Helper.cpp", "C++", 0, 0, 0, 0, 0, 33, 0, 0, 0, 0, 0, 0, 0, 15, 9, 57
"/home/mueller/codes/moris/projects/MTK/test/cl_MTK_Interpolation_Mesh.cpp", "C++", 0, 0, 0, 0, 0, 162, 0, 0, 0, 0, 0, 0, 0, 73, 55, 290
"/home/mueller/codes/moris/projects/MTK/test/cl_MTK_Mesh.cpp", "C++", 0, 0, 0, 0, 0, 301, 0, 0, 0, 0, 0, 0, 0, 120, 114, 535
"/home/mueller/codes/moris/projects/MTK/test/cl_MTK_Mesh_From_Data.cpp", "C++", 0, 0, 0, 0, 0, 355, 0, 0, 0, 0, 0, 0, 0, 123, 66, 544
"/home/mueller/codes/moris/projects/MTK/test/cl_MTK_Mesh_New.cpp", "C++", 0, 0, 0, 0, 0, 459, 0, 0, 0, 0, 0, 0, 0, 93, 91, 643
"/home/mueller/codes/moris/projects/MTK/test/cl_MTK_Side_Cluster.cpp", "C++", 0, 0, 0, 0, 0, 146, 0, 0, 0, 0, 0, 0, 0, 58, 60, 264
"/home/mueller/codes/moris/projects/MTK/test/cl_MTK_Side_Set.cpp", "C++", 0, 0, 0, 0, 0, 62, 0, 0, 0, 0, 0, 0, 0, 19, 23, 104
"/home/mueller/codes/moris/projects/MTK/test/cl_MTK_Vertex.cpp", "C++", 0, 0, 0, 0, 0, 41, 0, 0, 0, 0, 0, 0, 0, 15, 13, 69
"/home/mueller/codes/moris/projects/MTK/test/cl_MTK_Writer_Exodus_Test.cpp", "C++", 0, 0, 0, 0, 0, 285, 0, 0, 0, 0, 0, 0, 0, 26, 27, 338
"/home/mueller/codes/moris/projects/MTK/test/test_main.cpp", "C++", 0, 0, 0, 0, 0, 21, 0, 0, 0, 0, 0, 0, 0, 15, 11, 47
"/home/mueller/codes/moris/projects/MTK/tutorial/CMakeLists.txt", "CMake", 0, 0, 0, 0, 0, 0, 30, 0, 0, 0, 0, 0, 0, 0, 10, 40
"/home/mueller/codes/moris/projects/MTK/tutorial/MTK_Tutorial_Data_Mesh.cpp", "C++", 0, 0, 0, 0, 0, 99, 0, 0, 0, 0, 0, 0, 0, 275, 50, 424
"/home/mueller/codes/moris/projects/MTK/tutorial/MTK_Tutorial_File_Mesh.cpp", "C++", 0, 0, 0, 0, 0, 23, 0, 0, 0, 0, 0, 0, 0, 50, 16, 89
"/home/mueller/codes/moris/projects/OPT/CMakeLists.txt", "CMake", 0, 0, 0, 0, 0, 0, 14, 0, 0, 0, 0, 0, 0, 0, 5, 19
"/home/mueller/codes/moris/projects/OPT/src/CMakeLists.txt", "CMake", 0, 0, 0, 0, 0, 0, 121, 0, 0, 0, 0, 0, 0, 0, 24, 145
"/home/mueller/codes/moris/projects/OPT/src/cl_OPT_Algorithm.cpp", "C++", 0, 0, 0, 0, 0, 323, 0, 0, 0, 0, 0, 0, 0, 120, 117, 560
"/home/mueller/codes/moris/projects/OPT/src/cl_OPT_Algorithm.hpp", "C++", 0, 0, 0, 0, 0, 71, 0, 0, 0, 0, 0, 0, 0, 82, 41, 194
"/home/mueller/codes/moris/projects/OPT/src/cl_OPT_Algorithm_GCMMA.cpp", "C++", 0, 0, 0, 0, 0, 171, 0, 0, 0, 0, 0, 0, 0, 43, 49, 263
"/home/mueller/codes/moris/projects/OPT/src/cl_OPT_Algorithm_GCMMA.hpp", "C++", 0, 0, 0, 0, 0, 42, 0, 0, 0, 0, 0, 0, 0, 37, 17, 96
"/home/mueller/codes/moris/projects/OPT/src/cl_OPT_Algorithm_LBFGS.cpp", "C++", 0, 0, 0, 0, 0, 282, 0, 0, 0, 0, 0, 0, 0, 84, 84, 450
"/home/mueller/codes/moris/projects/OPT/src/cl_OPT_Algorithm_LBFGS.hpp", "C++", 0, 0, 0, 0, 0, 37, 0, 0, 0, 0, 0, 0, 0, 50, 17, 104
"/home/mueller/codes/moris/projects/OPT/src/cl_OPT_Algorithm_SQP.cpp", "C++", 0, 0, 0, 0, 0, 548, 0, 0, 0, 0, 0, 0, 0, 53, 87, 688
"/home/mueller/codes/moris/projects/OPT/src/cl_OPT_Algorithm_SQP.hpp", "C++", 0, 0, 0, 0, 0, 66, 0, 0, 0, 0, 0, 0, 0, 46, 17, 129
"/home/mueller/codes/moris/projects/OPT/src/cl_OPT_Algorithm_Sweep.cpp", "C++", 0, 0, 0, 0, 0, 279, 0, 0, 0, 0, 0, 0, 0, 91, 90, 460
"/home/mueller/codes/moris/projects/OPT/src/cl_OPT_Algorithm_Sweep.hpp", "C++", 0, 0, 0, 0, 0, 34, 0, 0, 0, 0, 0, 0, 0, 50, 17, 101
"/home/mueller/codes/moris/projects/OPT/src/cl_OPT_Criteria_Interface.cpp", "C++", 0, 0, 0, 0, 0, 21, 0, 0, 0, 0, 0, 0, 0, 12, 9, 42
"/home/mueller/codes/moris/projects/OPT/src/cl_OPT_Criteria_Interface.hpp", "C++", 0, 0, 0, 0, 0, 49, 0, 0, 0, 0, 0, 0, 0, 46, 17, 112
"/home/mueller/codes/moris/projects/OPT/src/cl_OPT_Interface_Manager.cpp", "C++", 0, 0, 0, 0, 0, 255, 0, 0, 0, 0, 0, 0, 0, 60, 58, 373
"/home/mueller/codes/moris/projects/OPT/src/cl_OPT_Interface_Manager.hpp", "C++", 0, 0, 0, 0, 0, 35, 0, 0, 0, 0, 0, 0, 0, 38, 14, 87
"/home/mueller/codes/moris/projects/OPT/src/cl_OPT_Interface_User_Defined.cpp", "C++", 0, 0, 0, 0, 0, 45, 0, 0, 0, 0, 0, 0, 0, 18, 16, 79
"/home/mueller/codes/moris/projects/OPT/src/cl_OPT_Interface_User_Defined.hpp", "C++", 0, 0, 0, 0, 0, 36, 0, 0, 0, 0, 0, 0, 0, 40, 15, 91
"/home/mueller/codes/moris/projects/OPT/src/cl_OPT_Manager.cpp", "C++", 0, 0, 0, 0, 0, 68, 0, 0, 0, 0, 0, 0, 0, 24, 28, 120
"/home/mueller/codes/moris/projects/OPT/src/cl_OPT_Manager.hpp", "C++", 0, 0, 0, 0, 0, 27, 0, 0, 0, 0, 0, 0, 0, 36, 11, 74
"/home/mueller/codes/moris/projects/OPT/src/cl_OPT_Problem.cpp", "C++", 0, 0, 0, 0, 0, 238, 0, 0, 0, 0, 0, 0, 0, 73, 82, 393
"/home/mueller/codes/moris/projects/OPT/src/cl_OPT_Problem.hpp", "C++", 0, 0, 0, 0, 0, 91, 0, 0, 0, 0, 0, 0, 0, 136, 41, 268
"/home/mueller/codes/moris/projects/OPT/src/cl_OPT_Problem_User_Defined.cpp", "C++", 0, 0, 0, 0, 0, 79, 0, 0, 0, 0, 0, 0, 0, 21, 24, 124
"/home/mueller/codes/moris/projects/OPT/src/cl_OPT_Problem_User_Defined.hpp", "C++", 0, 0, 0, 0, 0, 45, 0, 0, 0, 0, 0, 0, 0, 64, 15, 124
"/home/mueller/codes/moris/projects/OPT/src/fn_OPT_create_algorithm.cpp", "C++", 0, 0, 0, 0, 0, 34, 0, 0, 0, 0, 0, 0, 0, 9, 3, 46
"/home/mueller/codes/moris/projects/OPT/src/fn_OPT_create_algorithm.hpp", "C++", 0, 0, 0, 0, 0, 9, 0, 0, 0, 0, 0, 0, 0, 15, 6, 30
"/home/mueller/codes/moris/projects/OPT/src/fn_OPT_create_interface.cpp", "C++", 0, 0, 0, 0, 0, 50, 0, 0, 0, 0, 0, 0, 0, 15, 9, 74
"/home/mueller/codes/moris/projects/OPT/src/fn_OPT_create_interface.hpp", "C++", 0, 0, 0, 0, 0, 12, 0, 0, 0, 0, 0, 0, 0, 21, 7, 40
"/home/mueller/codes/moris/projects/OPT/src/fn_OPT_create_problem.cpp", "C++", 0, 0, 0, 0, 0, 23, 0, 0, 0, 0, 0, 0, 0, 9, 7, 39
"/home/mueller/codes/moris/projects/OPT/src/fn_OPT_create_problem.hpp", "C++", 0, 0, 0, 0, 0, 9, 0, 0, 0, 0, 0, 0, 0, 16, 6, 31
"/home/mueller/codes/moris/projects/OPT/test/CMakeLists.txt", "CMake", 0, 0, 0, 0, 0, 0, 37, 0, 0, 0, 0, 0, 0, 0, 10, 47
"/home/mueller/codes/moris/projects/OPT/test/fn_OPT_Rosenbrock.hpp", "C++", 0, 0, 0, 0, 0, 121, 0, 0, 0, 0, 0, 0, 0, 31, 53, 205
"/home/mueller/codes/moris/projects/OPT/test/fn_OPT_Test_Interface.hpp", "C++", 0, 0, 0, 0, 0, 68, 0, 0, 0, 0, 0, 0, 0, 28, 27, 123
"/home/mueller/codes/moris/projects/OPT/test/opt_test.cpp", "C++", 0, 0, 0, 0, 0, 266, 0, 0, 0, 0, 0, 0, 0, 58, 58, 382
"/home/mueller/codes/moris/projects/OPT/test/test_main.cpp", "C++", 0, 0, 0, 0, 0, 40, 0, 0, 0, 0, 0, 0, 0, 22, 20, 82
"/home/mueller/codes/moris/projects/PRM/CMakeLists.txt", "CMake", 0, 0, 0, 0, 0, 0, 15, 0, 0, 0, 0, 0, 0, 0, 4, 19
"/home/mueller/codes/moris/projects/PRM/ENM/CMakeLists.txt", "CMake", 0, 0, 0, 0, 0, 0, 9, 0, 0, 0, 0, 0, 0, 0, 4, 13
"/home/mueller/codes/moris/projects/PRM/ENM/src/CMakeLists.txt", "CMake", 0, 0, 0, 0, 0, 0, 106, 0, 0, 0, 0, 0, 0, 0, 28, 134
"/home/mueller/codes/moris/projects/PRM/ENM/src/GEN_Data_Types.cpp", "C++", 0, 0, 0, 0, 0, 18, 0, 0, 0, 0, 0, 0, 0, 11, 8, 37
"/home/mueller/codes/moris/projects/PRM/ENM/src/GEN_Data_Types.hpp", "C++", 0, 0, 0, 0, 0, 41, 0, 0, 0, 0, 0, 0, 0, 19, 10, 70
"/home/mueller/codes/moris/projects/PRM/ENM/src/cl_FEM_Enums.hpp", "C++", 0, 0, 0, 0, 0, 340, 0, 0, 0, 0, 0, 0, 0, 10, 23, 373
"/home/mueller/codes/moris/projects/PRM/ENM/src/cl_MSI_Dof_Type_Enums.hpp", "C++", 0, 0, 0, 0, 0, 126, 0, 0, 0, 0, 0, 0, 0, 12, 37, 175
"/home/mueller/codes/moris/projects/PRM/ENM/src/cl_MTK_Enums.cpp", "C++", 0, 0, 0, 0, 0, 207, 0, 0, 0, 0, 0, 0, 0, 18, 26, 251
"/home/mueller/codes/moris/projects/PRM/ENM/src/cl_MTK_Enums.hpp", "C++", 0, 0, 0, 0, 0, 203, 0, 0, 0, 0, 0, 0, 0, 81, 42, 326
"/home/mueller/codes/moris/projects/PRM/ENM/src/cl_NLA_Nonlinear_Solver_Enums.hpp", "C++", 0, 0, 0, 0, 0, 15, 0, 0, 0, 0, 0, 0, 0, 9, 6, 30
"/home/mueller/codes/moris/projects/PRM/ENM/src/cl_SOL_Enums.hpp", "C++", 0, 0, 0, 0, 0, 93, 0, 0, 0, 0, 0, 0, 0, 22, 14, 129
"/home/mueller/codes/moris/projects/PRM/ENM/src/cl_TSA_Time_Solver_Enums.hpp", "C++", 0, 0, 0, 0, 0, 14, 0, 0, 0, 0, 0, 0, 0, 9, 5, 28
"/home/mueller/codes/moris/projects/PRM/ENM/src/cl_VIS_Output_Enums.hpp", "C++", 0, 0, 0, 0, 0, 40, 0, 0, 0, 0, 0, 0, 0, 9, 9, 58
"/home/mueller/codes/moris/projects/PRM/ENM/src/cl_XTK_Enums.hpp", "C++", 0, 0, 0, 0, 0, 82, 0, 0, 0, 0, 0, 0, 0, 15, 8, 105
"/home/mueller/codes/moris/projects/PRM/ENM/src/enums.hpp", "C++", 0, 0, 0, 0, 0, 10, 0, 0, 0, 0, 0, 0, 0, 10, 3, 23
"/home/mueller/codes/moris/projects/PRM/ENM/src/fn_enum_macros.hpp", "C++", 0, 0, 0, 0, 0, 9, 0, 0, 0, 0, 0, 0, 0, 11, 7, 27
"/home/mueller/codes/moris/projects/PRM/ENM/src/fn_enum_macros_generated.hpp", "C++", 0, 0, 0, 0, 0, 23222, 0, 0, 0, 0, 0, 0, 0, 129, 241, 23592
"/home/mueller/codes/moris/projects/PRM/src/CMakeLists.txt", "CMake", 0, 0, 0, 0, 0, 0, 105, 0, 0, 0, 0, 0, 0, 0, 25, 130
"/home/mueller/codes/moris/projects/PRM/src/fn_PRM_FEM_Parameters.cpp", "C++", 0, 0, 0, 0, 0, 1, 0, 0, 0, 0, 0, 0, 0, 9, 2, 12
"/home/mueller/codes/moris/projects/PRM/src/fn_PRM_FEM_Parameters.hpp", "C++", 0, 0, 0, 0, 0, 190, 0, 0, 0, 0, 0, 0, 0, 71, 68, 329
"/home/mueller/codes/moris/projects/PRM/src/fn_PRM_GEN_Parameters.hpp", "C++", 0, 0, 0, 0, 0, 240, 0, 0, 0, 0, 0, 0, 0, 92, 43, 375
"/home/mueller/codes/moris/projects/PRM/src/fn_PRM_HMR_Parameters.hpp", "C++", 0, 0, 0, 0, 0, 63, 0, 0, 0, 0, 0, 0, 0, 54, 39, 156
"/home/mueller/codes/moris/projects/PRM/src/fn_PRM_MIG_Parameters.hpp", "C++", 0, 0, 0, 0, 0, 12, 0, 0, 0, 0, 0, 0, 0, 12, 9, 33
"/home/mueller/codes/moris/projects/PRM/src/fn_PRM_MORIS_GENERAL_Parameters.hpp", "C++", 0, 0, 0, 0, 0, 45, 0, 0, 0, 0, 0, 0, 0, 20, 23, 88
"/home/mueller/codes/moris/projects/PRM/src/fn_PRM_MSI_Parameters.hpp", "C++", 0, 0, 0, 0, 0, 48, 0, 0, 0, 0, 0, 0, 0, 16, 19, 83
"/home/mueller/codes/moris/projects/PRM/src/fn_PRM_OPT_Parameters.hpp", "C++", 0, 0, 0, 0, 0, 171, 0, 0, 0, 0, 0, 0, 0, 39, 48, 258
"/home/mueller/codes/moris/projects/PRM/src/fn_PRM_SOL_Parameters.hpp", "C++", 0, 0, 0, 0, 0, 486, 0, 0, 0, 0, 0, 0, 0, 281, 308, 1075
"/home/mueller/codes/moris/projects/PRM/src/fn_PRM_STK_Parameters.hpp", "C++", 0, 0, 0, 0, 0, 14, 0, 0, 0, 0, 0, 0, 0, 13, 9, 36
"/home/mueller/codes/moris/projects/PRM/src/fn_PRM_VIS_Parameters.hpp", "C++", 0, 0, 0, 0, 0, 21, 0, 0, 0, 0, 0, 0, 0, 12, 9, 42
"/home/mueller/codes/moris/projects/PRM/src/fn_PRM_WRK_Parameters.hpp", "C++", 0, 0, 0, 0, 0, 16, 0, 0, 0, 0, 0, 0, 0, 12, 10, 38
"/home/mueller/codes/moris/projects/PRM/src/fn_PRM_XTK_Parameters.hpp", "C++", 0, 0, 0, 0, 0, 72, 0, 0, 0, 0, 0, 0, 0, 41, 39, 152
"/home/mueller/codes/moris/projects/PRM/src/parameters.hpp", "C++", 0, 0, 0, 0, 0, 22, 0, 0, 0, 0, 0, 0, 0, 11, 4, 37
"/home/mueller/codes/moris/projects/PRM/test/CMakeLists.txt", "CMake", 0, 0, 0, 0, 0, 0, 40, 0, 0, 0, 0, 0, 0, 0, 12, 52
"/home/mueller/codes/moris/projects/PRM/test/UT_FEM_Parameters.cpp", "C++", 0, 0, 0, 0, 0, 7, 0, 0, 0, 0, 0, 0, 0, 9, 7, 23
"/home/mueller/codes/moris/projects/PRM/test/test_main.cpp", "C++", 0, 0, 0, 0, 0, 20, 0, 0, 0, 0, 0, 0, 0, 16, 13, 49
"/home/mueller/codes/moris/projects/SOL/CMakeLists.txt", "CMake", 0, 0, 0, 0, 0, 0, 13, 0, 0, 0, 0, 0, 0, 0, 4, 17
"/home/mueller/codes/moris/projects/SOL/DLA/CMakeLists.txt", "CMake", 0, 0, 0, 0, 0, 0, 14, 0, 0, 0, 0, 0, 0, 0, 5, 19
"/home/mueller/codes/moris/projects/SOL/DLA/src/CMakeLists.txt", "CMake", 0, 0, 0, 0, 0, 0, 145, 0, 0, 0, 0, 0, 0, 0, 29, 174
"/home/mueller/codes/moris/projects/SOL/DLA/src/cl_DLA_Amesos_GenOp.cpp", "C++", 0, 0, 0, 0, 0, 124, 0, 0, 0, 0, 0, 0, 0, 24, 28, 176
"/home/mueller/codes/moris/projects/SOL/DLA/src/cl_DLA_Amesos_GenOp.hpp", "C++", 0, 0, 0, 0, 0, 74, 0, 0, 0, 0, 0, 0, 0, 22, 26, 122
"/home/mueller/codes/moris/projects/SOL/DLA/src/cl_DLA_Eigen_Solver.cpp", "C++", 0, 0, 0, 0, 0, 701, 0, 0, 0, 0, 0, 0, 0, 230, 241, 1172
"/home/mueller/codes/moris/projects/SOL/DLA/src/cl_DLA_Eigen_Solver.hpp", "C++", 0, 0, 0, 0, 0, 100, 0, 0, 0, 0, 0, 0, 0, 83, 60, 243
"/home/mueller/codes/moris/projects/SOL/DLA/src/cl_DLA_Eigen_Solver_SLEPc.cpp", "C++", 0, 0, 0, 0, 0, 365, 0, 0, 0, 0, 0, 0, 0, 80, 92, 537
"/home/mueller/codes/moris/projects/SOL/DLA/src/cl_DLA_Eigen_Solver_SLEPc.hpp", "C++", 0, 0, 0, 0, 0, 51, 0, 0, 0, 0, 0, 0, 0, 27, 45, 123
"/home/mueller/codes/moris/projects/SOL/DLA/src/cl_DLA_Geometric_Multigrid.cpp", "C++", 0, 0, 0, 0, 0, 75, 0, 0, 0, 0, 0, 0, 0, 33, 26, 134
"/home/mueller/codes/moris/projects/SOL/DLA/src/cl_DLA_Geometric_Multigrid.hpp", "C++", 0, 0, 0, 0, 0, 38, 0, 0, 0, 0, 0, 0, 0, 28, 15, 81
"/home/mueller/codes/moris/projects/SOL/DLA/src/cl_DLA_Linear_Problem.cpp", "C++", 0, 0, 0, 0, 0, 203, 0, 0, 0, 0, 0, 0, 0, 69, 84, 356
"/home/mueller/codes/moris/projects/SOL/DLA/src/cl_DLA_Linear_Problem.hpp", "C++", 0, 0, 0, 0, 0, 97, 0, 0, 0, 0, 0, 0, 0, 58, 59, 214
"/home/mueller/codes/moris/projects/SOL/DLA/src/cl_DLA_Linear_Solver.cpp", "C++", 0, 0, 0, 0, 0, 97, 0, 0, 0, 0, 0, 0, 0, 36, 34, 167
"/home/mueller/codes/moris/projects/SOL/DLA/src/cl_DLA_Linear_Solver.hpp", "C++", 0, 0, 0, 0, 0, 42, 0, 0, 0, 0, 0, 0, 0, 35, 23, 100
"/home/mueller/codes/moris/projects/SOL/DLA/src/cl_DLA_Linear_Solver_Algorithm.hpp", "C++", 0, 0, 0, 0, 0, 46, 0, 0, 0, 0, 0, 0, 0, 38, 33, 117
"/home/mueller/codes/moris/projects/SOL/DLA/src/cl_DLA_Linear_Solver_Algorithm_Petsc.hpp", "C++", 0, 0, 0, 0, 0, 25, 0, 0, 0, 0, 0, 0, 0, 24, 16, 65
"/home/mueller/codes/moris/projects/SOL/DLA/src/cl_DLA_Linear_Solver_Algorithm_Trilinos.cpp", "C++", 0, 0, 0, 0, 0, 84, 0, 0, 0, 0, 0, 0, 0, 18, 28, 130
"/home/mueller/codes/moris/projects/SOL/DLA/src/cl_DLA_Linear_Solver_Algorithm_Trilinos.hpp", "C++", 0, 0, 0, 0, 0, 29, 0, 0, 0, 0, 0, 0, 0, 52, 28, 109
"/home/mueller/codes/moris/projects/SOL/DLA/src/cl_DLA_Linear_Solver_Amesos.cpp", "C++", 0, 0, 0, 0, 0, 141, 0, 0, 0, 0, 0, 0, 0, 55, 62, 258
"/home/mueller/codes/moris/projects/SOL/DLA/src/cl_DLA_Linear_Solver_Amesos.hpp", "C++", 0, 0, 0, 0, 0, 25, 0, 0, 0, 0, 0, 0, 0, 11, 17, 53
"/home/mueller/codes/moris/projects/SOL/DLA/src/cl_DLA_Linear_Solver_Aztec.cpp", "C++", 0, 0, 0, 0, 0, 218, 0, 0, 0, 0, 0, 0, 0, 89, 87, 394
"/home/mueller/codes/moris/projects/SOL/DLA/src/cl_DLA_Linear_Solver_Aztec.hpp", "C++", 0, 0, 0, 0, 0, 26, 0, 0, 0, 0, 0, 0, 0, 19, 24, 69
"/home/mueller/codes/moris/projects/SOL/DLA/src/cl_DLA_Linear_Solver_Belos.cpp", "C++", 0, 0, 0, 0, 0, 110, 0, 0, 0, 0, 0, 0, 0, 27, 45, 182
"/home/mueller/codes/moris/projects/SOL/DLA/src/cl_DLA_Linear_Solver_Belos.hpp", "C++", 0, 0, 0, 0, 0, 28, 0, 0, 0, 0, 0, 0, 0, 11, 17, 56
"/home/mueller/codes/moris/projects/SOL/DLA/src/cl_DLA_Linear_Solver_ML.cpp", "C++", 0, 0, 0, 0, 0, 58, 0, 0, 0, 0, 0, 0, 0, 27, 29, 114
"/home/mueller/codes/moris/projects/SOL/DLA/src/cl_DLA_Linear_Solver_ML.hpp", "C++", 0, 0, 0, 0, 0, 20, 0, 0, 0, 0, 0, 0, 0, 36, 17, 73
"/home/mueller/codes/moris/projects/SOL/DLA/src/cl_DLA_Linear_Solver_PETSc.cpp", "C++", 0, 0, 0, 0, 0, 135, 0, 0, 0, 0, 0, 0, 0, 51, 55, 241
"/home/mueller/codes/moris/projects/SOL/DLA/src/cl_DLA_Linear_Solver_PETSc.hpp", "C++", 0, 0, 0, 0, 0, 32, 0, 0, 0, 0, 0, 0, 0, 24, 28, 84
"/home/mueller/codes/moris/projects/SOL/DLA/src/cl_DLA_Linear_System_PETSc.cpp", "C++", 0, 0, 0, 0, 0, 156, 0, 0, 0, 0, 0, 0, 0, 42, 63, 261
"/home/mueller/codes/moris/projects/SOL/DLA/src/cl_DLA_Linear_System_PETSc.hpp", "C++", 0, 0, 0, 0, 0, 48, 0, 0, 0, 0, 0, 0, 0, 23, 21, 92
"/home/mueller/codes/moris/projects/SOL/DLA/src/cl_DLA_Linear_System_Trilinos.cpp", "C++", 0, 0, 0, 0, 0, 112, 0, 0, 0, 0, 0, 0, 0, 56, 48, 216
"/home/mueller/codes/moris/projects/SOL/DLA/src/cl_DLA_Linear_System_Trilinos.hpp", "C++", 0, 0, 0, 0, 0, 44, 0, 0, 0, 0, 0, 0, 0, 10, 19, 73
"/home/mueller/codes/moris/projects/SOL/DLA/src/cl_DLA_Preconditioner.hpp", "C++", 0, 0, 0, 0, 0, 20, 0, 0, 0, 0, 0, 0, 0, 27, 13, 60
"/home/mueller/codes/moris/projects/SOL/DLA/src/cl_DLA_Preconditioner_PETSc.cpp", "C++", 0, 0, 0, 0, 0, 405, 0, 0, 0, 0, 0, 0, 0, 104, 142, 651
"/home/mueller/codes/moris/projects/SOL/DLA/src/cl_DLA_Preconditioner_PETSc.hpp", "C++", 0, 0, 0, 0, 0, 37, 0, 0, 0, 0, 0, 0, 0, 26, 24, 87
"/home/mueller/codes/moris/projects/SOL/DLA/src/cl_DLA_Preconditioner_Trilinos.cpp", "C++", 0, 0, 0, 0, 0, 304, 0, 0, 0, 0, 0, 0, 0, 68, 80, 452
"/home/mueller/codes/moris/projects/SOL/DLA/src/cl_DLA_Preconditioner_Trilinos.hpp", "C++", 0, 0, 0, 0, 0, 40, 0, 0, 0, 0, 0, 0, 0, 45, 34, 119
"/home/mueller/codes/moris/projects/SOL/DLA/src/cl_DLA_Solver_Factory.cpp", "C++", 0, 0, 0, 0, 0, 146, 0, 0, 0, 0, 0, 0, 0, 18, 23, 187
"/home/mueller/codes/moris/projects/SOL/DLA/src/cl_DLA_Solver_Factory.hpp", "C++", 0, 0, 0, 0, 0, 42, 0, 0, 0, 0, 0, 0, 0, 26, 19, 87
"/home/mueller/codes/moris/projects/SOL/DLA/src/cl_DLA_Solver_Interface.cpp", "C++", 0, 0, 0, 0, 0, 281, 0, 0, 0, 0, 0, 0, 0, 66, 99, 446
"/home/mueller/codes/moris/projects/SOL/DLA/src/cl_DLA_Solver_Interface.hpp", "C++", 0, 0, 0, 0, 0, 364, 0, 0, 0, 0, 0, 0, 0, 133, 165, 662
"/home/mueller/codes/moris/projects/SOL/DLA/src/fn_convert_epetra_operator_to_matrix.hpp", "C++", 0, 0, 0, 0, 0, 133, 0, 0, 0, 0, 0, 0, 0, 35, 33, 201
"/home/mueller/codes/moris/projects/SOL/DLA/test/CMakeLists.txt", "CMake", 0, 0, 0, 0, 0, 0, 53, 0, 0, 0, 0, 0, 0, 0, 12, 65
"/home/mueller/codes/moris/projects/SOL/DLA/test/DLA_Test_Proxy/cl_Solver_Interface_Proxy.cpp", "C++", 0, 0, 0, 0, 0, 248, 0, 0, 0, 0, 0, 0, 0, 19, 46, 313
"/home/mueller/codes/moris/projects/SOL/DLA/test/DLA_Test_Proxy/cl_Solver_Interface_Proxy.hpp", "C++", 0, 0, 0, 0, 0, 218, 0, 0, 0, 0, 0, 0, 0, 45, 78, 341
"/home/mueller/codes/moris/projects/SOL/DLA/test/UT_convert_epetra_to_matrix.cpp", "C++", 0, 0, 0, 0, 0, 81, 0, 0, 0, 0, 0, 0, 0, 17, 28, 126
"/home/mueller/codes/moris/projects/SOL/DLA/test/cl_DLA_Multigrid_Test.cpp", "C++", 0, 0, 0, 0, 0, 230, 0, 0, 0, 0, 0, 0, 0, 576, 99, 905
"/home/mueller/codes/moris/projects/SOL/DLA/test/cl_Dist_Vector_Test.cpp", "C++", 0, 0, 0, 0, 0, 230, 0, 0, 0, 0, 0, 0, 0, 62, 69, 361
"/home/mueller/codes/moris/projects/SOL/DLA/test/cl_Eigen_Solver_Slepc.cpp", "C++", 0, 0, 0, 0, 0, 167, 0, 0, 0, 0, 0, 0, 0, 22, 63, 252
"/home/mueller/codes/moris/projects/SOL/DLA/test/cl_Linear_Solver_Test.cpp", "C++", 0, 0, 0, 0, 0, 248, 0, 0, 0, 0, 0, 0, 0, 124, 82, 454
"/home/mueller/codes/moris/projects/SOL/DLA/test/cl_Map_Test.cpp", "C++", 0, 0, 0, 0, 0, 187, 0, 0, 0, 0, 0, 0, 0, 121, 32, 340
"/home/mueller/codes/moris/projects/SOL/DLA/test/cl_Sparse_Matrix_Test.cpp", "C++", 0, 0, 0, 0, 0, 323, 0, 0, 0, 0, 0, 0, 0, 82, 116, 521
"/home/mueller/codes/moris/projects/SOL/DLA/test/test_main.cpp", "C++", 0, 0, 0, 0, 0, 43, 0, 0, 0, 0, 0, 0, 0, 22, 20, 85
"/home/mueller/codes/moris/projects/SOL/NLA/CMakeLists.txt", "CMake", 0, 0, 0, 0, 0, 0, 15, 0, 0, 0, 0, 0, 0, 0, 6, 21
"/home/mueller/codes/moris/projects/SOL/NLA/src/CMakeLists.txt", "CMake", 0, 0, 0, 0, 0, 0, 118, 0, 0, 0, 0, 0, 0, 0, 25, 143
"/home/mueller/codes/moris/projects/SOL/NLA/src/cl_NLA_Arc_Length.cpp", "C++", 0, 0, 0, 0, 0, 284, 0, 0, 0, 0, 0, 0, 0, 128, 78, 490
"/home/mueller/codes/moris/projects/SOL/NLA/src/cl_NLA_Arc_Length.hpp", "C++", 0, 0, 0, 0, 0, 81, 0, 0, 0, 0, 0, 0, 0, 32, 39, 152
"/home/mueller/codes/moris/projects/SOL/NLA/src/cl_NLA_Convergence.cpp", "C++", 0, 0, 0, 0, 0, 142, 0, 0, 0, 0, 0, 0, 0, 46, 50, 238
"/home/mueller/codes/moris/projects/SOL/NLA/src/cl_NLA_Convergence.hpp", "C++", 0, 0, 0, 0, 0, 37, 0, 0, 0, 0, 0, 0, 0, 9, 8, 54
"/home/mueller/codes/moris/projects/SOL/NLA/src/cl_NLA_NLBGS.cpp", "C++", 0, 0, 0, 0, 0, 187, 0, 0, 0, 0, 0, 0, 0, 54, 69, 310
"/home/mueller/codes/moris/projects/SOL/NLA/src/cl_NLA_NLBGS.hpp", "C++", 0, 0, 0, 0, 0, 39, 0, 0, 0, 0, 0, 0, 0, 24, 12, 75
"/home/mueller/codes/moris/projects/SOL/NLA/src/cl_NLA_Newton_Solver.cpp", "C++", 0, 0, 0, 0, 0, 161, 0, 0, 0, 0, 0, 0, 0, 49, 55, 265
"/home/mueller/codes/moris/projects/SOL/NLA/src/cl_NLA_Newton_Solver.hpp", "C++", 0, 0, 0, 0, 0, 38, 0, 0, 0, 0, 0, 0, 0, 20, 13, 71
"/home/mueller/codes/moris/projects/SOL/NLA/src/cl_NLA_Nonlinear_Algorithm.cpp", "C++", 0, 0, 0, 0, 0, 40, 0, 0, 0, 0, 0, 0, 0, 18, 24, 82
"/home/mueller/codes/moris/projects/SOL/NLA/src/cl_NLA_Nonlinear_Algorithm.hpp", "C++", 0, 0, 0, 0, 0, 69, 0, 0, 0, 0, 0, 0, 0, 43, 36, 148
"/home/mueller/codes/moris/projects/SOL/NLA/src/cl_NLA_Nonlinear_Problem.cpp", "C++", 0, 0, 0, 0, 0, 216, 0, 0, 0, 0, 0, 0, 0, 47, 75, 338
"/home/mueller/codes/moris/projects/SOL/NLA/src/cl_NLA_Nonlinear_Problem.hpp", "C++", 0, 0, 0, 0, 0, 93, 0, 0, 0, 0, 0, 0, 0, 47, 45, 185
"/home/mueller/codes/moris/projects/SOL/NLA/src/cl_NLA_Nonlinear_Solver.cpp", "C++", 0, 0, 0, 0, 0, 249, 0, 0, 0, 0, 0, 0, 0, 60, 89, 398
"/home/mueller/codes/moris/projects/SOL/NLA/src/cl_NLA_Nonlinear_Solver.hpp", "C++", 0, 0, 0, 0, 0, 171, 0, 0, 0, 0, 0, 0, 0, 192, 97, 460
"/home/mueller/codes/moris/projects/SOL/NLA/src/cl_NLA_Nonlinear_Solver_Factory.cpp", "C++", 0, 0, 0, 0, 0, 25, 0, 0, 0, 0, 0, 0, 0, 13, 6, 44
"/home/mueller/codes/moris/projects/SOL/NLA/src/cl_NLA_Nonlinear_Solver_Factory.hpp", "C++", 0, 0, 0, 0, 0, 21, 0, 0, 0, 0, 0, 0, 0, 9, 10, 40
"/home/mueller/codes/moris/projects/SOL/NLA/src/cl_NLA_Solver_Load_Control.cpp", "C++", 0, 0, 0, 0, 0, 100, 0, 0, 0, 0, 0, 0, 0, 26, 26, 152
"/home/mueller/codes/moris/projects/SOL/NLA/src/cl_NLA_Solver_Load_Control.hpp", "C++", 0, 0, 0, 0, 0, 28, 0, 0, 0, 0, 0, 0, 0, 22, 16, 66
"/home/mueller/codes/moris/projects/SOL/NLA/src/cl_NLA_Solver_Nonconformal_Remapping.cpp", "C++", 0, 0, 0, 0, 0, 97, 0, 0, 0, 0, 0, 0, 0, 17, 14, 128
"/home/mueller/codes/moris/projects/SOL/NLA/src/cl_NLA_Solver_Nonconformal_Remapping.hpp", "C++", 0, 0, 0, 0, 0, 25, 0, 0, 0, 0, 0, 0, 0, 9, 12, 46
"/home/mueller/codes/moris/projects/SOL/NLA/src/cl_NLA_Solver_Pseudo_Time_Control.cpp", "C++", 0, 0, 0, 0, 0, 380, 0, 0, 0, 0, 0, 0, 0, 162, 154, 696
"/home/mueller/codes/moris/projects/SOL/NLA/src/cl_NLA_Solver_Pseudo_Time_Control.hpp", "C++", 0, 0, 0, 0, 0, 67, 0, 0, 0, 0, 0, 0, 0, 43, 39, 149
"/home/mueller/codes/moris/projects/SOL/NLA/src/cl_NLA_Solver_Relaxation.cpp", "C++", 0, 0, 0, 0, 0, 97, 0, 0, 0, 0, 0, 0, 0, 45, 35, 177
"/home/mueller/codes/moris/projects/SOL/NLA/src/cl_NLA_Solver_Relaxation.hpp", "C++", 0, 0, 0, 0, 0, 28, 0, 0, 0, 0, 0, 0, 0, 17, 13, 58
"/home/mueller/codes/moris/projects/SOL/NLA/test/CMakeLists.txt", "CMake", 0, 0, 0, 0, 0, 0, 44, 0, 0, 0, 0, 0, 0, 0, 11, 55
"/home/mueller/codes/moris/projects/SOL/NLA/test/NLA_Test_Proxy/cl_NLA_Solver_Interface_Proxy.cpp", "C++", 0, 0, 0, 0, 0, 104, 0, 0, 0, 0, 0, 0, 0, 22, 43, 169
"/home/mueller/codes/moris/projects/SOL/NLA/test/NLA_Test_Proxy/cl_NLA_Solver_Interface_Proxy.hpp", "C++", 0, 0, 0, 0, 0, 192, 0, 0, 0, 0, 0, 0, 0, 46, 80, 318
"/home/mueller/codes/moris/projects/SOL/NLA/test/NLA_Test_Proxy/cl_NLA_Solver_Interface_Proxy2.cpp", "C++", 0, 0, 0, 0, 0, 201, 0, 0, 0, 0, 0, 0, 0, 15, 26, 242
"/home/mueller/codes/moris/projects/SOL/NLA/test/NLA_Test_Proxy/cl_NLA_Solver_Interface_Proxy2.hpp", "C++", 0, 0, 0, 0, 0, 204, 0, 0, 0, 0, 0, 0, 0, 32, 48, 284
"/home/mueller/codes/moris/projects/SOL/NLA/test/cl_NLA_Newton_Solver_Test.cpp", "C++", 0, 0, 0, 0, 0, 431, 0, 0, 0, 0, 0, 0, 0, 237, 126, 794
"/home/mueller/codes/moris/projects/SOL/NLA/test/cl_NLA_NonlinearDatabase.cpp", "C++", 0, 0, 0, 0, 0, 39, 0, 0, 0, 0, 0, 0, 0, 127, 14, 180
"/home/mueller/codes/moris/projects/SOL/NLA/test/test_main.cpp", "C++", 0, 0, 0, 0, 0, 25, 0, 0, 0, 0, 0, 0, 0, 16, 13, 54
"/home/mueller/codes/moris/projects/SOL/SOL_CORE/CMakeLists.txt", "CMake", 0, 0, 0, 0, 0, 0, 14, 0, 0, 0, 0, 0, 0, 0, 5, 19
"/home/mueller/codes/moris/projects/SOL/SOL_CORE/src/CMakeLists.txt", "CMake", 0, 0, 0, 0, 0, 0, 122, 0, 0, 0, 0, 0, 0, 0, 27, 149
"/home/mueller/codes/moris/projects/SOL/SOL_CORE/src/cl_Communicator_Epetra.cpp", "C++", 0, 0, 0, 0, 0, 15, 0, 0, 0, 0, 0, 0, 0, 19, 7, 41
"/home/mueller/codes/moris/projects/SOL/SOL_CORE/src/cl_Communicator_Epetra.hpp", "C++", 0, 0, 0, 0, 0, 23, 0, 0, 0, 0, 0, 0, 0, 13, 9, 45
"/home/mueller/codes/moris/projects/SOL/SOL_CORE/src/cl_Map_Epetra.cpp", "C++", 0, 0, 0, 0, 0, 214, 0, 0, 0, 0, 0, 0, 0, 50, 74, 338
"/home/mueller/codes/moris/projects/SOL/SOL_CORE/src/cl_Map_Epetra.hpp", "C++", 0, 0, 0, 0, 0, 59, 0, 0, 0, 0, 0, 0, 0, 19, 35, 113
"/home/mueller/codes/moris/projects/SOL/SOL_CORE/src/cl_Map_PETSc.cpp", "C++", 0, 0, 0, 0, 0, 187, 0, 0, 0, 0, 0, 0, 0, 72, 61, 320
"/home/mueller/codes/moris/projects/SOL/SOL_CORE/src/cl_Map_PETSc.hpp", "C++", 0, 0, 0, 0, 0, 121, 0, 0, 0, 0, 0, 0, 0, 60, 48, 229
"/home/mueller/codes/moris/projects/SOL/SOL_CORE/src/cl_MatrixPETSc.cpp", "C++", 0, 0, 0, 0, 0, 194, 0, 0, 0, 0, 0, 0, 0, 100, 84, 378
"/home/mueller/codes/moris/projects/SOL/SOL_CORE/src/cl_MatrixPETSc.hpp", "C++", 0, 0, 0, 0, 0, 85, 0, 0, 0, 0, 0, 0, 0, 48, 36, 169
"/home/mueller/codes/moris/projects/SOL/SOL_CORE/src/cl_SOL_Amesos_GenOp.cpp", "C++", 0, 0, 0, 0, 0, 124, 0, 0, 0, 0, 0, 0, 0, 24, 28, 176
"/home/mueller/codes/moris/projects/SOL/SOL_CORE/src/cl_SOL_Amesos_GenOp.hpp", "C++", 0, 0, 0, 0, 0, 74, 0, 0, 0, 0, 0, 0, 0, 22, 26, 122
"/home/mueller/codes/moris/projects/SOL/SOL_CORE/src/cl_SOL_Dist_Map.hpp", "C++", 0, 0, 0, 0, 0, 75, 0, 0, 0, 0, 0, 0, 0, 23, 24, 122
"/home/mueller/codes/moris/projects/SOL/SOL_CORE/src/cl_SOL_Dist_Map_Custom.cpp", "C++", 0, 0, 0, 0, 0, 99, 0, 0, 0, 0, 0, 0, 0, 44, 37, 180
"/home/mueller/codes/moris/projects/SOL/SOL_CORE/src/cl_SOL_Dist_Map_Custom.hpp", "C++", 0, 0, 0, 0, 0, 98, 0, 0, 0, 0, 0, 0, 0, 35, 43, 176
"/home/mueller/codes/moris/projects/SOL/SOL_CORE/src/cl_SOL_Dist_Matrix.hpp", "C++", 0, 0, 0, 0, 0, 111, 0, 0, 0, 0, 0, 0, 0, 38, 37, 186
"/home/mueller/codes/moris/projects/SOL/SOL_CORE/src/cl_SOL_Dist_Vector.cpp", "C++", 0, 0, 0, 0, 0, 13, 0, 0, 0, 0, 0, 0, 0, 12, 7, 32
"/home/mueller/codes/moris/projects/SOL/SOL_CORE/src/cl_SOL_Dist_Vector.hpp", "C++", 0, 0, 0, 0, 0, 89, 0, 0, 0, 0, 0, 0, 0, 146, 37, 272
"/home/mueller/codes/moris/projects/SOL/SOL_CORE/src/cl_SOL_Matrix_Vector_Factory.cpp", "C++", 0, 0, 0, 0, 0, 306, 0, 0, 0, 0, 0, 0, 0, 28, 34, 368
"/home/mueller/codes/moris/projects/SOL/SOL_CORE/src/cl_SOL_Matrix_Vector_Factory.hpp", "C++", 0, 0, 0, 0, 0, 58, 0, 0, 0, 0, 0, 0, 0, 37, 16, 111
"/home/mueller/codes/moris/projects/SOL/SOL_CORE/src/cl_SOL_Solver_Data.hpp", "C++", 0, 0, 0, 0, 0, 21, 0, 0, 0, 0, 0, 0, 0, 9, 12, 42
"/home/mueller/codes/moris/projects/SOL/SOL_CORE/src/cl_SOL_Warehouse.cpp", "C++", 0, 0, 0, 0, 0, 371, 0, 0, 0, 0, 0, 0, 0, 200, 143, 714
"/home/mueller/codes/moris/projects/SOL/SOL_CORE/src/cl_SOL_Warehouse.hpp", "C++", 0, 0, 0, 0, 0, 164, 0, 0, 0, 0, 0, 0, 0, 135, 93, 392
"/home/mueller/codes/moris/projects/SOL/SOL_CORE/src/cl_Sparse_Matrix_EpetraFECrs.cpp", "C++", 0, 0, 0, 0, 0, 240, 0, 0, 0, 0, 0, 0, 0, 79, 64, 383
"/home/mueller/codes/moris/projects/SOL/SOL_CORE/src/cl_Sparse_Matrix_EpetraFECrs.hpp", "C++", 0, 0, 0, 0, 0, 66, 0, 0, 0, 0, 0, 0, 0, 27, 34, 127
"/home/mueller/codes/moris/projects/SOL/SOL_CORE/src/cl_Vector_Epetra.cpp", "C++", 0, 0, 0, 0, 0, 384, 0, 0, 0, 0, 0, 0, 0, 96, 124, 604
"/home/mueller/codes/moris/projects/SOL/SOL_CORE/src/cl_Vector_Epetra.hpp", "C++", 0, 0, 0, 0, 0, 96, 0, 0, 0, 0, 0, 0, 0, 22, 40, 158
"/home/mueller/codes/moris/projects/SOL/SOL_CORE/src/cl_Vector_PETSc.cpp", "C++", 0, 0, 0, 0, 0, 327, 0, 0, 0, 0, 0, 0, 0, 112, 137, 576
"/home/mueller/codes/moris/projects/SOL/SOL_CORE/src/cl_Vector_PETSc.hpp", "C++", 0, 0, 0, 0, 0, 98, 0, 0, 0, 0, 0, 0, 0, 26, 43, 167
"/home/mueller/codes/moris/projects/SOL/SOL_CORE/src/cl_Vector_PETSc_Multi.cpp", "C++", 0, 0, 0, 0, 0, 353, 0, 0, 0, 0, 0, 0, 0, 109, 148, 610
"/home/mueller/codes/moris/projects/SOL/SOL_CORE/src/cl_Vector_PETSc_Multi.hpp", "C++", 0, 0, 0, 0, 0, 92, 0, 0, 0, 0, 0, 0, 0, 27, 44, 163
"/home/mueller/codes/moris/projects/SOL/TSA/CMakeLists.txt", "CMake", 0, 0, 0, 0, 0, 0, 15, 0, 0, 0, 0, 0, 0, 0, 6, 21
"/home/mueller/codes/moris/projects/SOL/TSA/src/CMakeLists.txt", "CMake", 0, 0, 0, 0, 0, 0, 104, 0, 0, 0, 0, 0, 0, 0, 25, 129
"/home/mueller/codes/moris/projects/SOL/TSA/src/cl_TSA_Monolithic_Time_Solver.cpp", "C++", 0, 0, 0, 0, 0, 108, 0, 0, 0, 0, 0, 0, 0, 41, 54, 203
"/home/mueller/codes/moris/projects/SOL/TSA/src/cl_TSA_Monolithic_Time_Solver.hpp", "C++", 0, 0, 0, 0, 0, 29, 0, 0, 0, 0, 0, 0, 0, 31, 16, 76
"/home/mueller/codes/moris/projects/SOL/TSA/src/cl_TSA_Staggered_Time_Solver.cpp", "C++", 0, 0, 0, 0, 0, 32, 0, 0, 0, 0, 0, 0, 0, 39, 20, 91
"/home/mueller/codes/moris/projects/SOL/TSA/src/cl_TSA_Staggered_Time_Solver.hpp", "C++", 0, 0, 0, 0, 0, 25, 0, 0, 0, 0, 0, 0, 0, 29, 14, 68
"/home/mueller/codes/moris/projects/SOL/TSA/src/cl_TSA_Time_Solver.cpp", "C++", 0, 0, 0, 0, 0, 429, 0, 0, 0, 0, 0, 0, 0, 142, 182, 753
"/home/mueller/codes/moris/projects/SOL/TSA/src/cl_TSA_Time_Solver.hpp", "C++", 0, 0, 0, 0, 0, 134, 0, 0, 0, 0, 0, 0, 0, 164, 85, 383
"/home/mueller/codes/moris/projects/SOL/TSA/src/cl_TSA_Time_Solver_Algorithm.cpp", "C++", 0, 0, 0, 0, 0, 47, 0, 0, 0, 0, 0, 0, 0, 16, 24, 87
"/home/mueller/codes/moris/projects/SOL/TSA/src/cl_TSA_Time_Solver_Algorithm.hpp", "C++", 0, 0, 0, 0, 0, 87, 0, 0, 0, 0, 0, 0, 0, 73, 31, 191
"/home/mueller/codes/moris/projects/SOL/TSA/src/cl_TSA_Time_Solver_Factory.cpp", "C++", 0, 0, 0, 0, 0, 44, 0, 0, 0, 0, 0, 0, 0, 9, 13, 66
"/home/mueller/codes/moris/projects/SOL/TSA/src/cl_TSA_Time_Solver_Factory.hpp", "C++", 0, 0, 0, 0, 0, 25, 0, 0, 0, 0, 0, 0, 0, 9, 13, 47
"/home/mueller/codes/moris/projects/SOL/TSA/test/CMakeLists.txt", "CMake", 0, 0, 0, 0, 0, 0, 41, 0, 0, 0, 0, 0, 0, 0, 11, 52
"/home/mueller/codes/moris/projects/SOL/TSA/test/TSA_Test_Proxy/cl_TSA_Solver_Interface_Proxy.cpp", "C++", 0, 0, 0, 0, 0, 94, 0, 0, 0, 0, 0, 0, 0, 18, 35, 147
"/home/mueller/codes/moris/projects/SOL/TSA/test/TSA_Test_Proxy/cl_TSA_Solver_Interface_Proxy.hpp", "C++", 0, 0, 0, 0, 0, 205, 0, 0, 0, 0, 0, 0, 0, 34, 56, 295
"/home/mueller/codes/moris/projects/SOL/TSA/test/TSA_Test_Proxy/cl_TSA_Solver_Interface_Proxy2.cpp", "C++", 0, 0, 0, 0, 0, 157, 0, 0, 0, 0, 0, 0, 0, 18, 35, 210
"/home/mueller/codes/moris/projects/SOL/TSA/test/TSA_Test_Proxy/cl_TSA_Solver_Interface_Proxy2.hpp", "C++", 0, 0, 0, 0, 0, 196, 0, 0, 0, 0, 0, 0, 0, 31, 54, 281
"/home/mueller/codes/moris/projects/SOL/TSA/test/cl_TSA_Time_Solver_Staggered_Tests.cpp", "C++", 0, 0, 0, 0, 0, 28, 0, 0, 0, 0, 0, 0, 0, 273, 9, 310
"/home/mueller/codes/moris/projects/SOL/TSA/test/cl_TSA_Time_Solver_Tests.cpp", "C++", 0, 0, 0, 0, 0, 66, 0, 0, 0, 0, 0, 0, 0, 10, 24, 100
"/home/mueller/codes/moris/projects/SOL/TSA/test/test_main.cpp", "C++", 0, 0, 0, 0, 0, 22, 0, 0, 0, 0, 0, 0, 0, 16, 14, 52
"/home/mueller/codes/moris/projects/TOL/CMakeLists.txt", "CMake", 0, 0, 0, 0, 0, 0, 14, 0, 0, 0, 0, 0, 0, 0, 5, 19
"/home/mueller/codes/moris/projects/TOL/src/CMakeLists.txt", "CMake", 0, 0, 0, 0, 0, 0, 97, 0, 0, 0, 0, 0, 0, 0, 25, 122
"/home/mueller/codes/moris/projects/TOL/src/STR/fn_to_integer.hpp", "C++", 0, 0, 0, 0, 0, 19, 0, 0, 0, 0, 0, 0, 0, 37, 9, 65
"/home/mueller/codes/moris/projects/TOL/src/STR/string.hpp", "C++", 0, 0, 0, 0, 0, 4, 0, 0, 0, 0, 0, 0, 0, 9, 5, 18
"/home/mueller/codes/moris/projects/TOL/src/cl_Debug.cpp", "C++", 0, 0, 0, 0, 0, 177, 0, 0, 0, 0, 0, 0, 0, 17, 34, 228
"/home/mueller/codes/moris/projects/TOL/src/cl_Debug.hpp", "C++", 0, 0, 0, 0, 0, 24, 0, 0, 0, 0, 0, 0, 0, 39, 12, 75
"/home/mueller/codes/moris/projects/TOL/src/cl_Enums.hpp", "C++", 0, 0, 0, 0, 0, 22, 0, 0, 0, 0, 0, 0, 0, 9, 9, 40
"/home/mueller/codes/moris/projects/TOL/src/cl_Geometry.cpp", "C++", 0, 0, 0, 0, 0, 25, 0, 0, 0, 0, 0, 0, 0, 11, 7, 43
"/home/mueller/codes/moris/projects/TOL/src/cl_Geometry.hpp", "C++", 0, 0, 0, 0, 0, 14, 0, 0, 0, 0, 0, 0, 0, 15, 8, 37
"/home/mueller/codes/moris/projects/TOL/src/cl_TOL_Memory_Map.cpp", "C++", 0, 0, 0, 0, 0, 188, 0, 0, 0, 0, 0, 0, 0, 29, 36, 253
"/home/mueller/codes/moris/projects/TOL/src/cl_TOL_Memory_Map.hpp", "C++", 0, 0, 0, 0, 0, 37, 0, 0, 0, 0, 0, 0, 0, 51, 26, 114
"/home/mueller/codes/moris/projects/TOL/src/fn_TOL_Capacities.hpp", "C++", 0, 0, 0, 0, 0, 80, 0, 0, 0, 0, 0, 0, 0, 39, 24, 143
"/home/mueller/codes/moris/projects/TOL/test/CMakeLists.txt", "CMake", 0, 0, 0, 0, 0, 0, 36, 0, 0, 0, 0, 0, 0, 0, 9, 45
"/home/mueller/codes/moris/projects/TOL/test/cl_Debug.cpp", "C++", 0, 0, 0, 0, 0, 14, 0, 0, 0, 0, 0, 0, 0, 10, 5, 29
"/home/mueller/codes/moris/projects/TOL/test/cl_Geometry.cpp", "C++", 0, 0, 0, 0, 0, 12, 0, 0, 0, 0, 0, 0, 0, 12, 5, 29
"/home/mueller/codes/moris/projects/TOL/test/test_main.cpp", "C++", 0, 0, 0, 0, 0, 20, 0, 0, 0, 0, 0, 0, 0, 16, 12, 48
"/home/mueller/codes/moris/projects/WRK/CMakeLists.txt", "CMake", 0, 0, 0, 0, 0, 0, 14, 0, 0, 0, 0, 0, 0, 0, 4, 18
"/home/mueller/codes/moris/projects/WRK/src/CMakeLists.txt", "CMake", 0, 0, 0, 0, 0, 0, 133, 0, 0, 0, 0, 0, 0, 0, 27, 160
"/home/mueller/codes/moris/projects/WRK/src/cl_WRK_DataBase_Performer.cpp", "C++", 0, 0, 0, 0, 0, 44, 0, 0, 0, 0, 0, 0, 0, 17, 23, 84
"/home/mueller/codes/moris/projects/WRK/src/cl_WRK_DataBase_Performer.hpp", "C++", 0, 0, 0, 0, 0, 44, 0, 0, 0, 0, 0, 0, 0, 44, 26, 114
"/home/mueller/codes/moris/projects/WRK/src/cl_WRK_GEN_Performer.cpp", "C++", 0, 0, 0, 0, 0, 40, 0, 0, 0, 0, 0, 0, 0, 16, 18, 74
"/home/mueller/codes/moris/projects/WRK/src/cl_WRK_GEN_Performer.hpp", "C++", 0, 0, 0, 0, 0, 29, 0, 0, 0, 0, 0, 0, 0, 26, 18, 73
"/home/mueller/codes/moris/projects/WRK/src/cl_WRK_Performer.cpp", "C++", 0, 0, 0, 0, 0, 1, 0, 0, 0, 0, 0, 0, 0, 9, 2, 12
"/home/mueller/codes/moris/projects/WRK/src/cl_WRK_Performer.hpp", "C++", 0, 0, 0, 0, 0, 25, 0, 0, 0, 0, 0, 0, 0, 35, 12, 72
"/home/mueller/codes/moris/projects/WRK/src/cl_WRK_Performer_Manager.cpp", "C++", 0, 0, 0, 0, 0, 30, 0, 0, 0, 0, 0, 0, 0, 12, 16, 58
"/home/mueller/codes/moris/projects/WRK/src/cl_WRK_Performer_Manager.hpp", "C++", 0, 0, 0, 0, 0, 67, 0, 0, 0, 0, 0, 0, 0, 21, 16, 104
"/home/mueller/codes/moris/projects/WRK/src/cl_WRK_Reinitialize_Performer.cpp", "C++", 0, 0, 0, 0, 0, 148, 0, 0, 0, 0, 0, 0, 0, 60, 56, 264
"/home/mueller/codes/moris/projects/WRK/src/cl_WRK_Reinitialize_Performer.hpp", "C++", 0, 0, 0, 0, 0, 67, 0, 0, 0, 0, 0, 0, 0, 68, 39, 174
"/home/mueller/codes/moris/projects/WRK/src/cl_WRK_Workflow.hpp", "C++", 0, 0, 0, 0, 0, 54, 0, 0, 0, 0, 0, 0, 0, 20, 14, 88
"/home/mueller/codes/moris/projects/WRK/src/cl_WRK_Workflow_Factory.cpp", "C++", 0, 0, 0, 0, 0, 29, 0, 0, 0, 0, 0, 0, 0, 9, 3, 41
"/home/mueller/codes/moris/projects/WRK/src/cl_WRK_Workflow_Factory.hpp", "C++", 0, 0, 0, 0, 0, 12, 0, 0, 0, 0, 0, 0, 0, 14, 6, 32
"/home/mueller/codes/moris/projects/WRK/src/cl_WRK_Workflow_HMR_XTK.cpp", "C++", 0, 0, 0, 0, 0, 325, 0, 0, 0, 0, 0, 0, 0, 124, 131, 580
"/home/mueller/codes/moris/projects/WRK/src/cl_WRK_Workflow_HMR_XTK.hpp", "C++", 0, 0, 0, 0, 0, 59, 0, 0, 0, 0, 0, 0, 0, 45, 13, 117
"/home/mueller/codes/moris/projects/WRK/src/cl_WRK_Workflow_STK_FEM.cpp", "C++", 0, 0, 0, 0, 0, 84, 0, 0, 0, 0, 0, 0, 0, 28, 38, 150
"/home/mueller/codes/moris/projects/WRK/src/cl_WRK_Workflow_STK_FEM.hpp", "C++", 0, 0, 0, 0, 0, 37, 0, 0, 0, 0, 0, 0, 0, 36, 12, 85
"/home/mueller/codes/moris/projects/WRK/src/cl_WRK_Workflow_STK_XTK.cpp", "C++", 0, 0, 0, 0, 0, 134, 0, 0, 0, 0, 0, 0, 0, 46, 58, 238
"/home/mueller/codes/moris/projects/WRK/src/cl_WRK_Workflow_STK_XTK.hpp", "C++", 0, 0, 0, 0, 0, 39, 0, 0, 0, 0, 0, 0, 0, 36, 13, 88
"/home/mueller/codes/moris/projects/WRK/src/cl_WRK_perform_refinement.cpp", "C++", 0, 0, 0, 0, 0, 535, 0, 0, 0, 0, 0, 0, 0, 91, 162, 788
"/home/mueller/codes/moris/projects/WRK/src/cl_WRK_perform_refinement.hpp", "C++", 0, 0, 0, 0, 0, 78, 0, 0, 0, 0, 0, 0, 0, 63, 51, 192
"/home/mueller/codes/moris/projects/WRK/src/cl_WRK_perform_remeshing.cpp", "C++", 0, 0, 0, 0, 0, 666, 0, 0, 0, 0, 0, 0, 0, 107, 191, 964
"/home/mueller/codes/moris/projects/WRK/src/cl_WRK_perform_remeshing.hpp", "C++", 0, 0, 0, 0, 0, 85, 0, 0, 0, 0, 0, 0, 0, 33, 41, 159
"/home/mueller/codes/moris/projects/WRK/src/fn_WRK_Workflow_Main_Interface.cpp", "C++", 0, 0, 0, 0, 0, 143, 0, 0, 0, 0, 0, 0, 0, 49, 37, 229
"/home/mueller/codes/moris/projects/WRK/test/CMakeLists.txt", "CMake", 0, 0, 0, 0, 0, 0, 92, 0, 0, 0, 0, 0, 0, 0, 17, 109
"/home/mueller/codes/moris/projects/WRK/test/UT_WRK_Remeshing_Mini_Performer.cpp", "C++", 0, 0, 0, 0, 0, 134, 0, 0, 0, 0, 0, 0, 0, 19, 53, 206
"/home/mueller/codes/moris/projects/WRK/test/UT_WRK_Workflow.cpp", "C++", 0, 0, 0, 0, 0, 26, 0, 0, 0, 0, 0, 0, 0, 11, 11, 48
"/home/mueller/codes/moris/projects/WRK/test/WRK_Input_1.cpp", "C++", 0, 0, 0, 0, 0, 250, 0, 0, 0, 0, 0, 0, 0, 43, 55, 348
"/home/mueller/codes/moris/projects/WRK/test/test_main.cpp", "C++", 0, 0, 0, 0, 0, 20, 0, 0, 0, 0, 0, 0, 0, 16, 13, 49
"/home/mueller/codes/moris/projects/XTK/CMakeLists.txt", "CMake", 0, 0, 0, 0, 0, 0, 26, 0, 0, 0, 0, 0, 0, 0, 12, 38
"/home/mueller/codes/moris/projects/XTK/include/catch.hpp", "C++", 0, 0, 0, 0, 0, 8733, 0, 0, 0, 0, 0, 0, 0, 343, 1505, 10581
"/home/mueller/codes/moris/projects/XTK/include/geometry/cl_Geometry.hpp", "C++", 0, 0, 0, 0, 0, 47, 0, 0, 0, 0, 0, 0, 0, 54, 17, 118
"/home/mueller/codes/moris/projects/XTK/include/linalg/cl_XTK_Matrix_Base.hpp", "C++", 0, 0, 0, 0, 0, 3, 0, 0, 0, 0, 0, 0, 0, 67, 4, 74
"/home/mueller/codes/moris/projects/XTK/include/mesh/cl_Mesh_Builder.hpp", "C++", 0, 0, 0, 0, 0, 42, 0, 0, 0, 0, 0, 0, 0, 12, 10, 64
"/home/mueller/codes/moris/projects/XTK/include/mesh/cl_Mesh_Data.hpp", "C++", 0, 0, 0, 0, 0, 71, 0, 0, 0, 0, 0, 0, 0, 55, 38, 164
"/home/mueller/codes/moris/projects/XTK/include/topology/cl_XTK_Basis_Function.hpp", "C++", 0, 0, 0, 0, 0, 16, 0, 0, 0, 0, 0, 0, 0, 12, 7, 35
"/home/mueller/codes/moris/projects/XTK/include/topology/cl_XTK_Topology.hpp", "C++", 0, 0, 0, 0, 0, 30, 0, 0, 0, 0, 0, 0, 0, 9, 13, 52
"/home/mueller/codes/moris/projects/XTK/src/CMakeLists.txt", "CMake", 0, 0, 0, 0, 0, 0, 241, 0, 0, 0, 0, 0, 0, 0, 35, 276
"/home/mueller/codes/moris/projects/XTK/src/cl_Interpolaton.hpp", "C++", 0, 0, 0, 0, 0, 96, 0, 0, 0, 0, 0, 0, 0, 35, 16, 147
"/home/mueller/codes/moris/projects/XTK/src/cl_MTK_Vertex_Interpolation_XTK_Impl.cpp", "C++", 0, 0, 0, 0, 0, 24, 0, 0, 0, 0, 0, 0, 0, 9, 7, 40
"/home/mueller/codes/moris/projects/XTK/src/cl_MTK_Vertex_Interpolation_XTK_Impl.hpp", "C++", 0, 0, 0, 0, 0, 66, 0, 0, 0, 0, 0, 0, 0, 48, 30, 144
"/home/mueller/codes/moris/projects/XTK/src/cl_MTK_Vertex_XTK_Impl.cpp", "C++", 0, 0, 0, 0, 0, 77, 0, 0, 0, 0, 0, 0, 0, 22, 28, 127
"/home/mueller/codes/moris/projects/XTK/src/cl_MTK_Vertex_XTK_Impl.hpp", "C++", 0, 0, 0, 0, 0, 44, 0, 0, 0, 0, 0, 0, 0, 45, 36, 125
"/home/mueller/codes/moris/projects/XTK/src/cl_XTK_Background_Mesh.cpp", "C++", 0, 0, 0, 0, 0, 950, 0, 0, 0, 0, 0, 0, 0, 149, 281, 1380
"/home/mueller/codes/moris/projects/XTK/src/cl_XTK_Background_Mesh.hpp", "C++", 0, 0, 0, 0, 0, 234, 0, 0, 0, 0, 0, 0, 0, 226, 97, 557
"/home/mueller/codes/moris/projects/XTK/src/cl_XTK_Basis_Function.hpp", "C++", 0, 0, 0, 0, 0, 16, 0, 0, 0, 0, 0, 0, 0, 12, 7, 35
"/home/mueller/codes/moris/projects/XTK/src/cl_XTK_Basis_Processor.cpp", "C++", 0, 0, 0, 0, 0, 1543, 0, 0, 0, 0, 0, 0, 0, 628, 537, 2708
"/home/mueller/codes/moris/projects/XTK/src/cl_XTK_Basis_Processor.hpp", "C++", 0, 0, 0, 0, 0, 150, 0, 0, 0, 0, 0, 0, 0, 266, 112, 528
"/home/mueller/codes/moris/projects/XTK/src/cl_XTK_Cell_CM.cpp", "C++", 0, 0, 0, 0, 0, 65, 0, 0, 0, 0, 0, 0, 0, 23, 23, 111
"/home/mueller/codes/moris/projects/XTK/src/cl_XTK_Cell_CM.hpp", "C++", 0, 0, 0, 0, 0, 55, 0, 0, 0, 0, 0, 0, 0, 53, 31, 139
"/home/mueller/codes/moris/projects/XTK/src/cl_XTK_Cell_Cluster.cpp", "C++", 0, 0, 0, 0, 0, 265, 0, 0, 0, 0, 0, 0, 0, 66, 80, 411
"/home/mueller/codes/moris/projects/XTK/src/cl_XTK_Cell_Cluster.hpp", "C++", 0, 0, 0, 0, 0, 89, 0, 0, 0, 0, 0, 0, 0, 30, 42, 161
"/home/mueller/codes/moris/projects/XTK/src/cl_XTK_Cell_Cluster_Group.cpp", "C++", 0, 0, 0, 0, 0, 24, 0, 0, 0, 0, 0, 0, 0, 16, 12, 52
"/home/mueller/codes/moris/projects/XTK/src/cl_XTK_Cell_Cluster_Group.hpp", "C++", 0, 0, 0, 0, 0, 25, 0, 0, 0, 0, 0, 0, 0, 35, 18, 78
"/home/mueller/codes/moris/projects/XTK/src/cl_XTK_Cell_No_CM.cpp", "C++", 0, 0, 0, 0, 0, 31, 0, 0, 0, 0, 0, 0, 0, 15, 8, 54
"/home/mueller/codes/moris/projects/XTK/src/cl_XTK_Cell_No_CM.hpp", "C++", 0, 0, 0, 0, 0, 54, 0, 0, 0, 0, 0, 0, 0, 45, 31, 130
"/home/mueller/codes/moris/projects/XTK/src/cl_XTK_Child_Mesh.cpp", "C++", 0, 0, 0, 0, 0, 2975, 0, 0, 0, 0, 0, 0, 0, 410, 666, 4051
"/home/mueller/codes/moris/projects/XTK/src/cl_XTK_Child_Mesh.hpp", "C++", 0, 0, 0, 0, 0, 462, 0, 0, 0, 0, 0, 0, 0, 363, 319, 1144
"/home/mueller/codes/moris/projects/XTK/src/cl_XTK_Child_Mesh_Modification_Template.hpp", "C++", 0, 0, 0, 0, 0, 1946, 0, 0, 0, 0, 0, 0, 0, 69, 89, 2104
"/home/mueller/codes/moris/projects/XTK/src/cl_XTK_Contact_Sandbox.hpp", "C++", 0, 0, 0, 0, 0, 0, 0, 0, 0, 0, 0, 0, 0, 578, 125, 703
"/home/mueller/codes/moris/projects/XTK/src/cl_XTK_Cut_Integration_Mesh.cpp", "C++", 0, 0, 0, 0, 0, 1747, 0, 0, 0, 0, 0, 0, 0, 365, 552, 2664
"/home/mueller/codes/moris/projects/XTK/src/cl_XTK_Cut_Integration_Mesh.hpp", "C++", 0, 0, 0, 0, 0, 982, 0, 0, 0, 0, 0, 0, 0, 338, 440, 1760
"/home/mueller/codes/moris/projects/XTK/src/cl_XTK_Cut_Mesh.cpp", "C++", 0, 0, 0, 0, 0, 771, 0, 0, 0, 0, 0, 0, 0, 106, 113, 990
"/home/mueller/codes/moris/projects/XTK/src/cl_XTK_Cut_Mesh.hpp", "C++", 0, 0, 0, 0, 0, 220, 0, 0, 0, 0, 0, 0, 0, 216, 131, 567
"/home/mueller/codes/moris/projects/XTK/src/cl_XTK_Decomposition_Algorithm.cpp", "C++", 0, 0, 0, 0, 0, 21, 0, 0, 0, 0, 0, 0, 0, 13, 9, 43
"/home/mueller/codes/moris/projects/XTK/src/cl_XTK_Decomposition_Algorithm.hpp", "C++", 0, 0, 0, 0, 0, 54, 0, 0, 0, 0, 0, 0, 0, 11, 17, 82
"/home/mueller/codes/moris/projects/XTK/src/cl_XTK_Decomposition_Algorithm_Factory.cpp", "C++", 0, 0, 0, 0, 0, 43, 0, 0, 0, 0, 0, 0, 0, 18, 12, 73
"/home/mueller/codes/moris/projects/XTK/src/cl_XTK_Decomposition_Algorithm_Factory.hpp", "C++", 0, 0, 0, 0, 0, 14, 0, 0, 0, 0, 0, 0, 0, 9, 7, 30
"/home/mueller/codes/moris/projects/XTK/src/cl_XTK_Decomposition_Data.hpp", "C++", 0, 0, 0, 0, 0, 357, 0, 0, 0, 0, 0, 0, 0, 133, 106, 596
"/home/mueller/codes/moris/projects/XTK/src/cl_XTK_Diagnostics.cpp", "C++", 0, 0, 0, 0, 0, 125, 0, 0, 0, 0, 0, 0, 0, 26, 39, 190
"/home/mueller/codes/moris/projects/XTK/src/cl_XTK_Diagnostics.hpp", "C++", 0, 0, 0, 0, 0, 27, 0, 0, 0, 0, 0, 0, 0, 19, 8, 54
"/home/mueller/codes/moris/projects/XTK/src/cl_XTK_Downward_Inheritance.hpp", "C++", 0, 0, 0, 0, 0, 52, 0, 0, 0, 0, 0, 0, 0, 24, 14, 90
"/home/mueller/codes/moris/projects/XTK/src/cl_XTK_Edge_Topology.hpp", "C++", 0, 0, 0, 0, 0, 46, 0, 0, 0, 0, 0, 0, 0, 11, 15, 72
"/home/mueller/codes/moris/projects/XTK/src/cl_XTK_Elevate_Order_Interface.cpp", "C++", 0, 0, 0, 0, 0, 399, 0, 0, 0, 0, 0, 0, 0, 159, 132, 690
"/home/mueller/codes/moris/projects/XTK/src/cl_XTK_Elevate_Order_Interface.hpp", "C++", 0, 0, 0, 0, 0, 623, 0, 0, 0, 0, 0, 0, 0, 108, 89, 820
"/home/mueller/codes/moris/projects/XTK/src/cl_XTK_Enriched_Integration_Mesh.cpp", "C++", 0, 0, 0, 0, 0, 3436, 0, 0, 0, 0, 0, 0, 0, 911, 1166, 5513
"/home/mueller/codes/moris/projects/XTK/src/cl_XTK_Enriched_Integration_Mesh.hpp", "C++", 0, 0, 0, 0, 0, 405, 0, 0, 0, 0, 0, 0, 0, 263, 171, 839
"/home/mueller/codes/moris/projects/XTK/src/cl_XTK_Enriched_Interpolation_Mesh.cpp", "C++", 0, 0, 0, 0, 0, 2382, 0, 0, 0, 0, 0, 0, 0, 489, 790, 3661
"/home/mueller/codes/moris/projects/XTK/src/cl_XTK_Enriched_Interpolation_Mesh.hpp", "C++", 0, 0, 0, 0, 0, 340, 0, 0, 0, 0, 0, 0, 0, 471, 205, 1016
"/home/mueller/codes/moris/projects/XTK/src/cl_XTK_Enrichment.cpp", "C++", 0, 0, 0, 0, 0, 2655, 0, 0, 0, 0, 0, 0, 0, 1051, 974, 4680
"/home/mueller/codes/moris/projects/XTK/src/cl_XTK_Enrichment.hpp", "C++", 0, 0, 0, 0, 0, 461, 0, 0, 0, 0, 0, 0, 0, 456, 219, 1136
"/home/mueller/codes/moris/projects/XTK/src/cl_XTK_Entity.hpp", "C++", 0, 0, 0, 0, 0, 48, 0, 0, 0, 0, 0, 0, 0, 12, 12, 72
"/home/mueller/codes/moris/projects/XTK/src/cl_XTK_External_Mesh_Data.hpp", "C++", 0, 0, 0, 0, 0, 364, 0, 0, 0, 0, 0, 0, 0, 69, 113, 546
"/home/mueller/codes/moris/projects/XTK/src/cl_XTK_Face_Registry.hpp", "C++", 0, 0, 0, 0, 0, 243, 0, 0, 0, 0, 0, 0, 0, 94, 58, 395
"/home/mueller/codes/moris/projects/XTK/src/cl_XTK_Field.cpp", "C++", 0, 0, 0, 0, 0, 12, 0, 0, 0, 0, 0, 0, 0, 10, 5, 27
"/home/mueller/codes/moris/projects/XTK/src/cl_XTK_Field.hpp", "C++", 0, 0, 0, 0, 0, 20, 0, 0, 0, 0, 0, 0, 0, 9, 6, 35
"/home/mueller/codes/moris/projects/XTK/src/cl_XTK_Ghost_Stabilization.cpp", "C++", 0, 0, 0, 0, 0, 1639, 0, 0, 0, 0, 0, 0, 0, 556, 534, 2729
"/home/mueller/codes/moris/projects/XTK/src/cl_XTK_Ghost_Stabilization.hpp", "C++", 0, 0, 0, 0, 0, 232, 0, 0, 0, 0, 0, 0, 0, 152, 79, 463
"/home/mueller/codes/moris/projects/XTK/src/cl_XTK_HMR_Helper.cpp", "C++", 0, 0, 0, 0, 0, 379, 0, 0, 0, 0, 0, 0, 0, 110, 103, 592
"/home/mueller/codes/moris/projects/XTK/src/cl_XTK_HMR_Helper.hpp", "C++", 0, 0, 0, 0, 0, 65, 0, 0, 0, 0, 0, 0, 0, 119, 58, 242
"/home/mueller/codes/moris/projects/XTK/src/cl_XTK_Hexahedron_8_Basis_Function.hpp", "C++", 0, 0, 0, 0, 0, 31, 0, 0, 0, 0, 0, 0, 0, 9, 9, 49
"/home/mueller/codes/moris/projects/XTK/src/cl_XTK_Hexahedron_8_Topology.hpp", "C++", 0, 0, 0, 0, 0, 55, 0, 0, 0, 0, 0, 0, 0, 11, 15, 81
"/home/mueller/codes/moris/projects/XTK/src/cl_XTK_Hole_Seeder.cpp", "C++", 0, 0, 0, 0, 0, 159, 0, 0, 0, 0, 0, 0, 0, 16, 22, 197
"/home/mueller/codes/moris/projects/XTK/src/cl_XTK_Hole_Seeder.hpp", "C++", 0, 0, 0, 0, 0, 50, 0, 0, 0, 0, 0, 0, 0, 17, 14, 81
"/home/mueller/codes/moris/projects/XTK/src/cl_XTK_Input_Generator.hpp", "C++", 0, 0, 0, 0, 0, 12, 0, 0, 0, 0, 0, 0, 0, 9, 5, 26
"/home/mueller/codes/moris/projects/XTK/src/cl_XTK_Integration_Mesh_Cleanup.cpp", "C++", 0, 0, 0, 0, 0, 1200, 0, 0, 0, 0, 0, 0, 0, 216, 256, 1672
"/home/mueller/codes/moris/projects/XTK/src/cl_XTK_Integration_Mesh_Cleanup.hpp", "C++", 0, 0, 0, 0, 0, 111, 0, 0, 0, 0, 0, 0, 0, 162, 78, 351
"/home/mueller/codes/moris/projects/XTK/src/cl_XTK_Integration_Mesh_Generator.cpp", "C++", 0, 0, 0, 0, 0, 3259, 0, 0, 0, 0, 0, 0, 0, 1170, 1066, 5495
"/home/mueller/codes/moris/projects/XTK/src/cl_XTK_Integration_Mesh_Generator.hpp", "C++", 0, 0, 0, 0, 0, 575, 0, 0, 0, 0, 0, 0, 0, 313, 216, 1104
"/home/mueller/codes/moris/projects/XTK/src/cl_XTK_Interface_Element.hpp", "C++", 0, 0, 0, 0, 0, 150, 0, 0, 0, 0, 0, 0, 0, 43, 35, 228
"/home/mueller/codes/moris/projects/XTK/src/cl_XTK_Interpolation_Cell.cpp", "C++", 0, 0, 0, 0, 0, 13, 0, 0, 0, 0, 0, 0, 0, 9, 5, 27
"/home/mueller/codes/moris/projects/XTK/src/cl_XTK_Interpolation_Cell.hpp", "C++", 0, 0, 0, 0, 0, 31, 0, 0, 0, 0, 0, 0, 0, 9, 12, 52
"/home/mueller/codes/moris/projects/XTK/src/cl_XTK_Interpolation_Cell_Unzipped.cpp", "C++", 0, 0, 0, 0, 0, 134, 0, 0, 0, 0, 0, 0, 0, 33, 45, 212
"/home/mueller/codes/moris/projects/XTK/src/cl_XTK_Interpolation_Cell_Unzipped.hpp", "C++", 0, 0, 0, 0, 0, 111, 0, 0, 0, 0, 0, 0, 0, 80, 65, 256
"/home/mueller/codes/moris/projects/XTK/src/cl_XTK_Interpolation_Vertex_Unzipped.cpp", "C++", 0, 0, 0, 0, 0, 147, 0, 0, 0, 0, 0, 0, 0, 26, 40, 213
"/home/mueller/codes/moris/projects/XTK/src/cl_XTK_Interpolation_Vertex_Unzipped.hpp", "C++", 0, 0, 0, 0, 0, 67, 0, 0, 0, 0, 0, 0, 0, 17, 26, 110
"/home/mueller/codes/moris/projects/XTK/src/cl_XTK_Intersection_Detect.cpp", "C++", 0, 0, 0, 0, 0, 114, 0, 0, 0, 0, 0, 0, 0, 42, 43, 199
"/home/mueller/codes/moris/projects/XTK/src/cl_XTK_Linear_Basis_Functions.hpp", "C++", 0, 0, 0, 0, 0, 21, 0, 0, 0, 0, 0, 0, 0, 9, 8, 38
"/home/mueller/codes/moris/projects/XTK/src/cl_XTK_Matrix_Base_Utilities.hpp", "C++", 0, 0, 0, 0, 0, 194, 0, 0, 0, 0, 0, 0, 0, 42, 43, 279
"/home/mueller/codes/moris/projects/XTK/src/cl_XTK_Mesh_Cleanup.cpp", "C++", 0, 0, 0, 0, 0, 69, 0, 0, 0, 0, 0, 0, 0, 42, 24, 135
"/home/mueller/codes/moris/projects/XTK/src/cl_XTK_Mesh_Cleanup.hpp", "C++", 0, 0, 0, 0, 0, 42, 0, 0, 0, 0, 0, 0, 0, 9, 15, 66
"/home/mueller/codes/moris/projects/XTK/src/cl_XTK_Model.cpp", "C++", 0, 0, 0, 0, 0, 974, 0, 0, 0, 0, 0, 0, 0, 198, 280, 1452
"/home/mueller/codes/moris/projects/XTK/src/cl_XTK_Model.hpp", "C++", 0, 0, 0, 0, 0, 364, 0, 0, 0, 0, 0, 0, 0, 318, 198, 880
"/home/mueller/codes/moris/projects/XTK/src/cl_XTK_Multigrid.cpp", "C++", 0, 0, 0, 0, 0, 161, 0, 0, 0, 0, 0, 0, 0, 192, 64, 417
"/home/mueller/codes/moris/projects/XTK/src/cl_XTK_Multigrid.hpp", "C++", 0, 0, 0, 0, 0, 97, 0, 0, 0, 0, 0, 0, 0, 30, 52, 179
"/home/mueller/codes/moris/projects/XTK/src/cl_XTK_Node_Hierarchy_Interface.cpp", "C++", 0, 0, 0, 0, 0, 618, 0, 0, 0, 0, 0, 0, 0, 179, 172, 969
"/home/mueller/codes/moris/projects/XTK/src/cl_XTK_Node_Hierarchy_Interface.hpp", "C++", 0, 0, 0, 0, 0, 147, 0, 0, 0, 0, 0, 0, 0, 31, 31, 209
"/home/mueller/codes/moris/projects/XTK/src/cl_XTK_Node_Hierarchy_Template_Library.cpp", "C++", 0, 0, 0, 0, 0, 800, 0, 0, 0, 0, 0, 0, 0, 14, 23, 837
"/home/mueller/codes/moris/projects/XTK/src/cl_XTK_Octree_Interface.cpp", "C++", 0, 0, 0, 0, 0, 448, 0, 0, 0, 0, 0, 0, 0, 74, 100, 622
"/home/mueller/codes/moris/projects/XTK/src/cl_XTK_Octree_Interface.hpp", "C++", 0, 0, 0, 0, 0, 574, 0, 0, 0, 0, 0, 0, 0, 54, 104, 732
"/home/mueller/codes/moris/projects/XTK/src/cl_XTK_Output_Options.hpp", "C++", 0, 0, 0, 0, 0, 94, 0, 0, 0, 0, 0, 0, 0, 31, 29, 154
"/home/mueller/codes/moris/projects/XTK/src/cl_XTK_Paramfile.cpp", "C++", 0, 0, 0, 0, 0, 210, 0, 0, 0, 0, 0, 0, 0, 38, 45, 293
"/home/mueller/codes/moris/projects/XTK/src/cl_XTK_Paramfile.hpp", "C++", 0, 0, 0, 0, 0, 166, 0, 0, 0, 0, 0, 0, 0, 44, 45, 255
"/home/mueller/codes/moris/projects/XTK/src/cl_XTK_Pending_Node.hpp", "C++", 0, 0, 0, 0, 0, 116, 0, 0, 0, 0, 0, 0, 0, 21, 29, 166
"/home/mueller/codes/moris/projects/XTK/src/cl_XTK_Quad_4_Basis_Function.hpp", "C++", 0, 0, 0, 0, 0, 27, 0, 0, 0, 0, 0, 0, 0, 9, 10, 46
"/home/mueller/codes/moris/projects/XTK/src/cl_XTK_Quad_4_Topology.hpp", "C++", 0, 0, 0, 0, 0, 49, 0, 0, 0, 0, 0, 0, 0, 11, 16, 76
"/home/mueller/codes/moris/projects/XTK/src/cl_XTK_Regular_Subdivision_Interface.cpp", "C++", 0, 0, 0, 0, 0, 399, 0, 0, 0, 0, 0, 0, 0, 62, 105, 566
"/home/mueller/codes/moris/projects/XTK/src/cl_XTK_Regular_Subdivision_Interface.hpp", "C++", 0, 0, 0, 0, 0, 468, 0, 0, 0, 0, 0, 0, 0, 23, 94, 585
"/home/mueller/codes/moris/projects/XTK/src/cl_XTK_Side_Cluster.cpp", "C++", 0, 0, 0, 0, 0, 278, 0, 0, 0, 0, 0, 0, 0, 60, 80, 418
"/home/mueller/codes/moris/projects/XTK/src/cl_XTK_Side_Cluster.hpp", "C++", 0, 0, 0, 0, 0, 120, 0, 0, 0, 0, 0, 0, 0, 42, 68, 230
"/home/mueller/codes/moris/projects/XTK/src/cl_XTK_Side_Cluster_Group.cpp", "C++", 0, 0, 0, 0, 0, 33, 0, 0, 0, 0, 0, 0, 0, 18, 14, 65
"/home/mueller/codes/moris/projects/XTK/src/cl_XTK_Side_Cluster_Group.hpp", "C++", 0, 0, 0, 0, 0, 29, 0, 0, 0, 0, 0, 0, 0, 44, 22, 95
"/home/mueller/codes/moris/projects/XTK/src/cl_XTK_Subphase_Group.hpp", "C++", 0, 0, 0, 0, 0, 388, 0, 0, 0, 0, 0, 0, 0, 151, 151, 690
"/home/mueller/codes/moris/projects/XTK/src/cl_XTK_Topology.hpp", "C++", 0, 0, 0, 0, 0, 30, 0, 0, 0, 0, 0, 0, 0, 9, 11, 50
"/home/mueller/codes/moris/projects/XTK/src/cl_XTK_Vertex_Enrichment.cpp", "C++", 0, 0, 0, 0, 0, 190, 0, 0, 0, 0, 0, 0, 0, 43, 62, 295
"/home/mueller/codes/moris/projects/XTK/src/cl_XTK_Vertex_Enrichment.hpp", "C++", 0, 0, 0, 0, 0, 167, 0, 0, 0, 0, 0, 0, 0, 89, 77, 333
"/home/mueller/codes/moris/projects/XTK/src/fn_Pairing.hpp", "C++", 0, 0, 0, 0, 0, 15, 0, 0, 0, 0, 0, 0, 0, 9, 5, 29
"/home/mueller/codes/moris/projects/XTK/src/fn_XTK_Multiset_Operations.hpp", "C++", 0, 0, 0, 0, 0, 45, 0, 0, 0, 0, 0, 0, 0, 28, 24, 97
"/home/mueller/codes/moris/projects/XTK/src/fn_XTK_convert_cell_to_map.hpp", "C++", 0, 0, 0, 0, 0, 19, 0, 0, 0, 0, 0, 0, 0, 31, 10, 60
"/home/mueller/codes/moris/projects/XTK/src/fn_XTK_convert_cell_to_multiset.hpp", "C++", 0, 0, 0, 0, 0, 21, 0, 0, 0, 0, 0, 0, 0, 17, 8, 46
"/home/mueller/codes/moris/projects/XTK/src/fn_XTK_find_in_cell.hpp", "C++", 0, 0, 0, 0, 0, 45, 0, 0, 0, 0, 0, 0, 0, 41, 16, 102
"/home/mueller/codes/moris/projects/XTK/src/fn_XTK_find_most_frequent_int_in_cell.hpp", "C++", 0, 0, 0, 0, 0, 35, 0, 0, 0, 0, 0, 0, 0, 22, 12, 69
"/home/mueller/codes/moris/projects/XTK/src/fn_XTK_match_normal_to_side_ordinal.hpp", "C++", 0, 0, 0, 0, 0, 64, 0, 0, 0, 0, 0, 0, 0, 28, 18, 110
"/home/mueller/codes/moris/projects/XTK/src/fn_XTK_punch_card_sum.hpp", "C++", 0, 0, 0, 0, 0, 29, 0, 0, 0, 0, 0, 0, 0, 28, 15, 72
"/home/mueller/codes/moris/projects/XTK/src/fn_approximate.hpp", "C++", 0, 0, 0, 0, 0, 41, 0, 0, 0, 0, 0, 0, 0, 9, 13, 63
"/home/mueller/codes/moris/projects/XTK/src/fn_bubble_sort.hpp", "C++", 0, 0, 0, 0, 0, 89, 0, 0, 0, 0, 0, 0, 0, 25, 11, 125
"/home/mueller/codes/moris/projects/XTK/src/fn_compute_xtk_model_areas.hpp", "C++", 0, 0, 0, 0, 0, 47, 0, 0, 0, 0, 0, 0, 0, 22, 15, 84
"/home/mueller/codes/moris/projects/XTK/src/fn_compute_xtk_model_volumes.hpp", "C++", 0, 0, 0, 0, 0, 12, 0, 0, 0, 0, 0, 0, 0, 9, 5, 26
"/home/mueller/codes/moris/projects/XTK/src/fn_create_edges_from_element_to_node.hpp", "C++", 0, 0, 0, 0, 0, 154, 0, 0, 0, 0, 0, 0, 0, 28, 40, 222
"/home/mueller/codes/moris/projects/XTK/src/fn_create_faces_from_element_to_node.hpp", "C++", 0, 0, 0, 0, 0, 115, 0, 0, 0, 0, 0, 0, 0, 30, 32, 177
"/home/mueller/codes/moris/projects/XTK/src/fn_determine_cell_topology.hpp", "C++", 0, 0, 0, 0, 0, 291, 0, 0, 0, 0, 0, 0, 0, 49, 47, 387
"/home/mueller/codes/moris/projects/XTK/src/fn_generate_element_to_element.hpp", "C++", 0, 0, 0, 0, 0, 95, 0, 0, 0, 0, 0, 0, 0, 59, 31, 185
"/home/mueller/codes/moris/projects/XTK/src/fn_generate_element_to_element_2D.hpp", "C++", 0, 0, 0, 0, 0, 49, 0, 0, 0, 0, 0, 0, 0, 112, 19, 180
"/home/mueller/codes/moris/projects/XTK/src/fn_hex_8_volume.hpp", "C++", 0, 0, 0, 0, 0, 19, 0, 0, 0, 0, 0, 0, 0, 13, 8, 40
"/home/mueller/codes/moris/projects/XTK/src/fn_local_child_mesh_flood_fill.hpp", "C++", 0, 0, 0, 0, 0, 33, 0, 0, 0, 0, 0, 0, 0, 23, 14, 70
"/home/mueller/codes/moris/projects/XTK/src/fn_mesh_flood_fill.hpp", "C++", 0, 0, 0, 0, 0, 143, 0, 0, 0, 0, 0, 0, 0, 68, 50, 261
"/home/mueller/codes/moris/projects/XTK/src/fn_prune_element_to_element.hpp", "C++", 0, 0, 0, 0, 0, 41, 0, 0, 0, 0, 0, 0, 0, 28, 14, 83
"/home/mueller/codes/moris/projects/XTK/src/fn_sort_points_by_coordinates.hpp", "C++", 0, 0, 0, 0, 0, 49, 0, 0, 0, 0, 0, 0, 0, 17, 20, 86
"/home/mueller/codes/moris/projects/XTK/src/fn_tet_volume.hpp", "C++", 0, 0, 0, 0, 0, 47, 0, 0, 0, 0, 0, 0, 0, 14, 14, 75
"/home/mueller/codes/moris/projects/XTK/src/fn_tri_area.hpp", "C++", 0, 0, 0, 0, 0, 27, 0, 0, 0, 0, 0, 0, 0, 10, 11, 48
"/home/mueller/codes/moris/projects/XTK/src/fn_verify_tet_topology.hpp", "C++", 0, 0, 0, 0, 0, 165, 0, 0, 0, 0, 0, 0, 0, 40, 53, 258
"/home/mueller/codes/moris/projects/XTK/src/fn_verify_tri_topology.hpp", "C++", 0, 0, 0, 0, 0, 94, 0, 0, 0, 0, 0, 0, 0, 21, 28, 143
"/home/mueller/codes/moris/projects/XTK/src/fn_write_element_ownership_as_field.hpp", "C++", 0, 0, 0, 0, 0, 42, 0, 0, 0, 0, 0, 0, 0, 31, 18, 91
"/home/mueller/codes/moris/projects/XTK/src/xtk_typedefs.hpp", "C++", 0, 0, 0, 0, 0, 22, 0, 0, 0, 0, 0, 0, 0, 68, 8, 98
"/home/mueller/codes/moris/projects/XTK/test/CMakeLists.txt", "CMake", 0, 0, 0, 0, 0, 0, 99, 0, 0, 0, 0, 0, 0, 0, 17, 116
"/home/mueller/codes/moris/projects/XTK/test/assert/cl_Assert.cpp", "C++", 0, 0, 0, 0, 0, 4, 0, 0, 0, 0, 0, 0, 0, 12, 3, 19
"/home/mueller/codes/moris/projects/XTK/test/ios/cl_Logger.cpp", "C++", 0, 0, 0, 0, 0, 19, 0, 0, 0, 0, 0, 0, 0, 12, 8, 39
"/home/mueller/codes/moris/projects/XTK/test/main.cpp", "C++", 0, 0, 0, 0, 0, 46, 0, 0, 0, 0, 0, 0, 0, 22, 23, 91
"/home/mueller/codes/moris/projects/XTK/test/mesh/cl_Mesh_Data.cpp", "C++", 0, 0, 0, 0, 0, 218, 0, 0, 0, 0, 0, 0, 0, 269, 94, 581
"/home/mueller/codes/moris/projects/XTK/test/mesh/cl_Mesh_Side_Set_Input.cpp", "C++", 0, 0, 0, 0, 0, 28, 0, 0, 0, 0, 0, 0, 0, 32, 18, 78
"/home/mueller/codes/moris/projects/XTK/test/tools/cl_MPI_Tools.cpp", "C++", 0, 0, 0, 0, 0, 105, 0, 0, 0, 0, 0, 0, 0, 46, 25, 176
"/home/mueller/codes/moris/projects/XTK/test/tools/fn_bubble_sort.cpp", "C++", 0, 0, 0, 0, 0, 19, 0, 0, 0, 0, 0, 0, 0, 10, 8, 37
"/home/mueller/codes/moris/projects/XTK/test/xtk/Child_Mesh_Verification_Utilities.hpp", "C++", 0, 0, 0, 0, 0, 86, 0, 0, 0, 0, 0, 0, 0, 16, 16, 118
"/home/mueller/codes/moris/projects/XTK/test/xtk/UT_MTK_Cell_Cluster_XTK_Impl.cpp", "C++", 0, 0, 0, 0, 0, 77, 0, 0, 0, 0, 0, 0, 0, 25, 23, 125
"/home/mueller/codes/moris/projects/XTK/test/xtk/UT_Snapping.cpp", "C++", 0, 0, 0, 0, 0, 104, 0, 0, 0, 0, 0, 0, 0, 36, 26, 166
"/home/mueller/codes/moris/projects/XTK/test/xtk/UT_XTK_Basis_Extention.cpp", "C++", 0, 0, 0, 0, 0, 161, 0, 0, 0, 0, 0, 0, 0, 47, 65, 273
"/home/mueller/codes/moris/projects/XTK/test/xtk/UT_XTK_Child_Mesh_Conform_2D.cpp", "C++", 0, 0, 0, 0, 0, 177, 0, 0, 0, 0, 0, 0, 0, 23, 41, 241
"/home/mueller/codes/moris/projects/XTK/test/xtk/UT_XTK_Child_Mesh_NH_Permutations.cpp", "C++", 0, 0, 0, 0, 0, 990, 0, 0, 0, 0, 0, 0, 0, 329, 197, 1516
"/home/mueller/codes/moris/projects/XTK/test/xtk/UT_XTK_Child_Mesh_RegSub_2D.cpp", "C++", 0, 0, 0, 0, 0, 108, 0, 0, 0, 0, 0, 0, 0, 44, 41, 193
"/home/mueller/codes/moris/projects/XTK/test/xtk/UT_XTK_Cut_Mesh.cpp", "C++", 0, 0, 0, 0, 0, 0, 0, 0, 0, 0, 0, 0, 0, 244, 67, 311
"/home/mueller/codes/moris/projects/XTK/test/xtk/UT_XTK_Cut_Mesh_Modification.cpp", "C++", 0, 0, 0, 0, 0, 342, 0, 0, 0, 0, 0, 0, 0, 66, 64, 472
"/home/mueller/codes/moris/projects/XTK/test/xtk/UT_XTK_Cut_Mesh_RegSub.cpp", "C++", 0, 0, 0, 0, 0, 240, 0, 0, 0, 0, 0, 0, 0, 53, 50, 343
"/home/mueller/codes/moris/projects/XTK/test/xtk/UT_XTK_Downward_Inheritance.cpp", "C++", 0, 0, 0, 0, 0, 14, 0, 0, 0, 0, 0, 0, 0, 13, 4, 31
"/home/mueller/codes/moris/projects/XTK/test/xtk/UT_XTK_Enrichment.cpp", "C++", 0, 0, 0, 0, 0, 156, 0, 0, 0, 0, 0, 0, 0, 51, 60, 267
"/home/mueller/codes/moris/projects/XTK/test/xtk/UT_XTK_Enrichment_2D.cpp", "C++", 0, 0, 0, 0, 0, 160, 0, 0, 0, 0, 0, 0, 0, 49, 52, 261
"/home/mueller/codes/moris/projects/XTK/test/xtk/UT_XTK_Ghost_Stabilization.cpp", "C++", 0, 0, 0, 0, 0, 0, 0, 0, 0, 0, 0, 0, 0, 72, 2, 74
"/home/mueller/codes/moris/projects/XTK/test/xtk/UT_XTK_HMR.cpp", "C++", 0, 0, 0, 0, 0, 82, 0, 0, 0, 0, 0, 0, 0, 12, 25, 119
"/home/mueller/codes/moris/projects/XTK/test/xtk/UT_XTK_HMR_2D.cpp", "C++", 0, 0, 0, 0, 0, 0, 0, 0, 0, 0, 0, 0, 0, 231, 99, 330
"/home/mueller/codes/moris/projects/XTK/test/xtk/UT_XTK_HMR_Enrich.cpp", "C++", 0, 0, 0, 0, 0, 256, 0, 0, 0, 0, 0, 0, 0, 18, 87, 361
"/home/mueller/codes/moris/projects/XTK/test/xtk/UT_XTK_HMR_Enrich_Inclusion.cpp", "C++", 0, 0, 0, 0, 0, 0, 0, 0, 0, 0, 0, 0, 0, 94, 18, 112
"/home/mueller/codes/moris/projects/XTK/test/xtk/UT_XTK_HMR_Multigrid.cpp", "C++", 0, 0, 0, 0, 0, 139, 0, 0, 0, 0, 0, 0, 0, 86, 60, 285
"/home/mueller/codes/moris/projects/XTK/test/xtk/UT_XTK_Intersection_Detect_HMR_XTK.cpp", "C++", 0, 0, 0, 0, 0, 159, 0, 0, 0, 0, 0, 0, 0, 33, 50, 242
"/home/mueller/codes/moris/projects/XTK/test/xtk/UT_XTK_Mesh_Cleanup.cpp", "C++", 0, 0, 0, 0, 0, 0, 0, 0, 0, 0, 0, 0, 0, 330, 75, 405
"/home/mueller/codes/moris/projects/XTK/test/xtk/UT_XTK_Model.cpp", "C++", 0, 0, 0, 0, 0, 1567, 0, 0, 0, 0, 0, 0, 0, 31, 85, 1683
"/home/mueller/codes/moris/projects/XTK/test/xtk/UT_XTK_Model_2D.cpp", "C++", 0, 0, 0, 0, 0, 0, 0, 0, 0, 0, 0, 0, 0, 291, 75, 366
"/home/mueller/codes/moris/projects/XTK/test/xtk/UT_XTK_Model_Mesh_Clusters.cpp", "C++", 0, 0, 0, 0, 0, 34, 0, 0, 0, 0, 0, 0, 0, 14, 12, 60
"/home/mueller/codes/moris/projects/XTK/test/xtk/UT_XTK_Multigrid.cpp", "C++", 0, 0, 0, 0, 0, 82, 0, 0, 0, 0, 0, 0, 0, 68, 41, 191
"/home/mueller/codes/moris/projects/XTK/test/xtk/UT_XTK_Octree_Refinement.cpp", "C++", 0, 0, 0, 0, 0, 0, 0, 0, 0, 0, 0, 0, 0, 6376, 79, 6455
"/home/mueller/codes/moris/projects/XTK/test/xtk/UT_XTK_Unenrichment.cpp", "C++", 0, 0, 0, 0, 0, 126, 0, 0, 0, 0, 0, 0, 0, 42, 47, 215
"/home/mueller/codes/moris/projects/XTK/test/xtk/UT_fn_flood_fill.cpp", "C++", 0, 0, 0, 0, 0, 154, 0, 0, 0, 0, 0, 0, 0, 52, 32, 238
"/home/mueller/codes/moris/projects/XTK/test/xtk/fn_GEN_Triangle_Geometry.hpp", "C++", 0, 0, 0, 0, 0, 107, 0, 0, 0, 0, 0, 0, 0, 19, 29, 155
"/home/mueller/codes/moris/projects/XTK/tutorials/CMakeLists.txt", "CMake", 0, 0, 0, 0, 0, 0, 57, 0, 0, 0, 0, 0, 0, 0, 13, 70
"/home/mueller/codes/moris/projects/XTK/tutorials/XTK_Tutorial_Multi.cpp", "C++", 0, 0, 0, 0, 0, 51, 0, 0, 0, 0, 0, 0, 0, 225, 30, 306
"/home/mueller/codes/moris/projects/mains/CMakeLists.txt", "CMake", 0, 0, 0, 0, 0, 0, 130, 0, 0, 0, 0, 0, 0, 0, 27, 157
"/home/mueller/codes/moris/projects/mains/input_file.cpp", "C++", 0, 0, 0, 0, 0, 0, 0, 0, 0, 0, 0, 0, 0, 10, 3, 13
"/home/mueller/codes/moris/projects/mains/main.cpp", "C++", 0, 0, 0, 0, 0, 46, 0, 0, 0, 0, 0, 0, 0, 25, 24, 95
"/home/mueller/codes/moris/share/cmake/dependencies/ALG_Depends.cmake", "CMake", 0, 0, 0, 0, 0, 0, 21, 0, 0, 0, 0, 0, 0, 0, 8, 29
"/home/mueller/codes/moris/share/cmake/dependencies/COM_Depends.cmake", "CMake", 0, 0, 0, 0, 0, 0, 20, 0, 0, 0, 0, 0, 0, 0, 8, 28
"/home/mueller/codes/moris/share/cmake/dependencies/DLA_Depends.cmake", "CMake", 0, 0, 0, 0, 0, 0, 33, 0, 0, 0, 0, 0, 0, 0, 10, 43
"/home/mueller/codes/moris/share/cmake/dependencies/ENM_Depends.cmake", "CMake", 0, 0, 0, 0, 0, 0, 20, 0, 0, 0, 0, 0, 0, 0, 8, 28
"/home/mueller/codes/moris/share/cmake/dependencies/EXA_Depends.cmake", "CMake", 0, 0, 0, 0, 0, 0, 21, 0, 0, 0, 0, 0, 0, 0, 7, 28
"/home/mueller/codes/moris/share/cmake/dependencies/FEM_Depends.cmake", "CMake", 0, 0, 0, 0, 0, 0, 22, 0, 0, 0, 0, 0, 0, 0, 10, 32
"/home/mueller/codes/moris/share/cmake/dependencies/GEN_Depends.cmake", "CMake", 0, 0, 0, 0, 0, 0, 25, 0, 0, 0, 0, 0, 0, 0, 7, 32
"/home/mueller/codes/moris/share/cmake/dependencies/GUI_Depends.cmake", "CMake", 0, 0, 0, 0, 0, 0, 22, 0, 0, 0, 0, 0, 0, 0, 7, 29
"/home/mueller/codes/moris/share/cmake/dependencies/HMR_Depends.cmake", "CMake", 0, 0, 0, 0, 0, 0, 29, 0, 0, 0, 0, 0, 0, 0, 9, 38
"/home/mueller/codes/moris/share/cmake/dependencies/INT_Depends.cmake", "CMake", 0, 0, 0, 0, 0, 0, 26, 0, 0, 0, 0, 0, 0, 0, 9, 35
"/home/mueller/codes/moris/share/cmake/dependencies/LINALG_Depends.cmake", "CMake", 0, 0, 0, 0, 0, 0, 59, 0, 0, 0, 0, 0, 0, 0, 19, 78
"/home/mueller/codes/moris/share/cmake/dependencies/MAP_Depends.cmake", "CMake", 0, 0, 0, 0, 0, 0, 26, 0, 0, 0, 0, 0, 0, 0, 8, 34
"/home/mueller/codes/moris/share/cmake/dependencies/MDL_Depends.cmake", "CMake", 0, 0, 0, 0, 0, 0, 34, 0, 0, 0, 0, 0, 0, 0, 9, 43
"/home/mueller/codes/moris/share/cmake/dependencies/MIG_Depends.cmake", "CMake", 0, 0, 0, 0, 0, 0, 28, 0, 0, 0, 0, 0, 0, 0, 9, 37
"/home/mueller/codes/moris/share/cmake/dependencies/MOD_Depends.cmake", "CMake", 0, 0, 0, 0, 0, 0, 19, 0, 0, 0, 0, 0, 0, 0, 8, 27
"/home/mueller/codes/moris/share/cmake/dependencies/MRS_includes.cmake", "CMake", 0, 0, 0, 0, 0, 0, 44, 0, 0, 0, 0, 0, 0, 0, 11, 55
"/home/mueller/codes/moris/share/cmake/dependencies/MSI_Depends.cmake", "CMake", 0, 0, 0, 0, 0, 0, 26, 0, 0, 0, 0, 0, 0, 0, 9, 35
"/home/mueller/codes/moris/share/cmake/dependencies/MTK_Depends.cmake", "CMake", 0, 0, 0, 0, 0, 0, 29, 0, 0, 0, 0, 0, 0, 0, 10, 39
"/home/mueller/codes/moris/share/cmake/dependencies/NLA_Depends.cmake", "CMake", 0, 0, 0, 0, 0, 0, 27, 0, 0, 0, 0, 0, 0, 0, 9, 36
"/home/mueller/codes/moris/share/cmake/dependencies/OPT_Depends.cmake", "CMake", 0, 0, 0, 0, 0, 0, 35, 0, 0, 0, 0, 0, 0, 0, 13, 48
"/home/mueller/codes/moris/share/cmake/dependencies/PRM_Depends.cmake", "CMake", 0, 0, 0, 0, 0, 0, 23, 0, 0, 0, 0, 0, 0, 0, 8, 31
"/home/mueller/codes/moris/share/cmake/dependencies/SDF_Depends.cmake", "CMake", 0, 0, 0, 0, 0, 0, 23, 0, 0, 0, 0, 0, 0, 0, 8, 31
"/home/mueller/codes/moris/share/cmake/dependencies/SOL_CORE_Depends.cmake", "CMake", 0, 0, 0, 0, 0, 0, 23, 0, 0, 0, 0, 0, 0, 0, 8, 31
"/home/mueller/codes/moris/share/cmake/dependencies/SOL_Depends.cmake", "CMake", 0, 0, 0, 0, 0, 0, 18, 0, 0, 0, 0, 0, 0, 0, 6, 24
"/home/mueller/codes/moris/share/cmake/dependencies/STK_Depends.cmake", "CMake", 0, 0, 0, 0, 0, 0, 39, 0, 0, 0, 0, 0, 0, 0, 12, 51
"/home/mueller/codes/moris/share/cmake/dependencies/TOL_Depends.cmake", "CMake", 0, 0, 0, 0, 0, 0, 22, 0, 0, 0, 0, 0, 0, 0, 8, 30
"/home/mueller/codes/moris/share/cmake/dependencies/TSA_Depends.cmake", "CMake", 0, 0, 0, 0, 0, 0, 28, 0, 0, 0, 0, 0, 0, 0, 9, 37
"/home/mueller/codes/moris/share/cmake/dependencies/VIS_Depends.cmake", "CMake", 0, 0, 0, 0, 0, 0, 29, 0, 0, 0, 0, 0, 0, 0, 9, 38
"/home/mueller/codes/moris/share/cmake/dependencies/WRK_Depends.cmake", "CMake", 0, 0, 0, 0, 0, 0, 33, 0, 0, 0, 0, 0, 0, 0, 9, 42
"/home/mueller/codes/moris/share/cmake/dependencies/XTK_Depends.cmake", "CMake", 0, 0, 0, 0, 0, 0, 27, 0, 0, 0, 0, 0, 0, 0, 9, 36
"/home/mueller/codes/moris/share/cmake/dependencies/main_includes.cmake", "CMake", 0, 0, 0, 0, 0, 0, 43, 0, 0, 0, 0, 0, 0, 0, 8, 51
"/home/mueller/codes/moris/share/cmake/dependencies/test_includes.cmake", "CMake", 0, 0, 0, 0, 0, 0, 14, 0, 0, 0, 0, 0, 0, 0, 5, 19
"/home/mueller/codes/moris/share/cmake/find_modules/CMakeLists.txt", "CMake", 0, 0, 0, 0, 0, 0, 25, 0, 0, 0, 0, 0, 0, 0, 5, 30
"/home/mueller/codes/moris/share/cmake/find_modules/FindACML.cmake", "CMake", 0, 0, 0, 0, 0, 0, 69, 0, 0, 0, 0, 0, 0, 0, 13, 82
"/home/mueller/codes/moris/share/cmake/find_modules/FindARPACK.cmake", "CMake", 0, 0, 0, 0, 0, 0, 30, 0, 0, 0, 0, 0, 0, 0, 8, 38
"/home/mueller/codes/moris/share/cmake/find_modules/FindEigen.cmake", "CMake", 0, 0, 0, 0, 0, 0, 29, 0, 0, 0, 0, 0, 0, 0, 8, 37
"/home/mueller/codes/moris/share/cmake/find_modules/FindEigen3.cmake", "CMake", 0, 0, 0, 0, 0, 0, 69, 0, 0, 0, 0, 0, 0, 0, 18, 87
"/home/mueller/codes/moris/share/cmake/find_modules/FindGCMMA.cmake", "CMake", 0, 0, 0, 0, 0, 0, 56, 0, 0, 0, 0, 0, 0, 0, 10, 66
"/home/mueller/codes/moris/share/cmake/find_modules/FindGperftools.cmake", "CMake", 0, 0, 0, 0, 0, 0, 61, 0, 0, 0, 0, 0, 0, 0, 10, 71
"/home/mueller/codes/moris/share/cmake/find_modules/FindHDF5.cmake", "CMake", 0, 0, 0, 0, 0, 0, 60, 0, 0, 0, 0, 0, 0, 0, 14, 74
"/home/mueller/codes/moris/share/cmake/find_modules/FindLAPACK.cmake", "CMake", 0, 0, 0, 0, 0, 0, 42, 0, 0, 0, 0, 0, 0, 0, 11, 53
"/home/mueller/codes/moris/share/cmake/find_modules/FindLBFGSB.cmake", "CMake", 0, 0, 0, 0, 0, 0, 34, 0, 0, 0, 0, 0, 0, 0, 9, 43
"/home/mueller/codes/moris/share/cmake/find_modules/FindMKL.cmake", "CMake", 0, 0, 0, 0, 0, 0, 87, 0, 0, 0, 0, 0, 0, 0, 17, 104
"/home/mueller/codes/moris/share/cmake/find_modules/FindOPENBLAS.cmake", "CMake", 0, 0, 0, 0, 0, 0, 75, 0, 0, 0, 0, 0, 0, 0, 12, 87
"/home/mueller/codes/moris/share/cmake/find_modules/FindPETSc.cmake", "CMake", 0, 0, 0, 0, 0, 0, 77, 0, 0, 0, 0, 0, 0, 0, 12, 89
"/home/mueller/codes/moris/share/cmake/find_modules/FindSNOPT.cmake", "CMake", 0, 0, 0, 0, 0, 0, 34, 0, 0, 0, 0, 0, 0, 0, 8, 42
"/home/mueller/codes/moris/share/cmake/find_modules/FindSuiteSparse.cmake", "CMake", 0, 0, 0, 0, 0, 0, 43, 0, 0, 0, 0, 0, 0, 0, 9, 52
"/home/mueller/codes/moris/share/cmake/find_modules/FindSuperLU.cmake", "CMake", 0, 0, 0, 0, 0, 0, 44, 0, 0, 0, 0, 0, 0, 0, 9, 53
"/home/mueller/codes/moris/share/cmake/find_modules/FindSuperLU_DIST.cmake", "CMake", 0, 0, 0, 0, 0, 0, 33, 0, 0, 0, 0, 0, 0, 0, 8, 41
"/home/mueller/codes/moris/share/cmake/find_modules/obsolete/_FindArmadillo.cmake", "CMake", 0, 0, 0, 0, 0, 0, 93, 0, 0, 0, 0, 0, 0, 0, 18, 111
"/home/mueller/codes/moris/share/cmake/find_wrappers/CMakeLists.txt", "CMake", 0, 0, 0, 0, 0, 0, 45, 0, 0, 0, 0, 0, 0, 0, 5, 50
"/home/mueller/codes/moris/share/cmake/find_wrappers/PETSc.cmake", "CMake", 0, 0, 0, 0, 0, 0, 51, 0, 0, 0, 0, 0, 0, 0, 8, 59
"/home/mueller/codes/moris/share/cmake/find_wrappers/acml.cmake", "CMake", 0, 0, 0, 0, 0, 0, 25, 0, 0, 0, 0, 0, 0, 0, 9, 34
"/home/mueller/codes/moris/share/cmake/find_wrappers/acml_new.cmake", "CMake", 0, 0, 0, 0, 0, 0, 24, 0, 0, 0, 0, 0, 0, 0, 8, 32
"/home/mueller/codes/moris/share/cmake/find_wrappers/arborx_new.cmake", "CMake", 0, 0, 0, 0, 0, 0, 37, 0, 0, 0, 0, 0, 0, 0, 11, 48
"/home/mueller/codes/moris/share/cmake/find_wrappers/armadillo.cmake", "CMake", 0, 0, 0, 0, 0, 0, 41, 0, 0, 0, 0, 0, 0, 0, 10, 51
"/home/mueller/codes/moris/share/cmake/find_wrappers/armadillo_new.cmake", "CMake", 0, 0, 0, 0, 0, 0, 66, 0, 0, 0, 0, 0, 0, 0, 16, 82
"/home/mueller/codes/moris/share/cmake/find_wrappers/arpack.cmake", "CMake", 0, 0, 0, 0, 0, 0, 20, 0, 0, 0, 0, 0, 0, 0, 9, 29
"/home/mueller/codes/moris/share/cmake/find_wrappers/arpack_new.cmake", "CMake", 0, 0, 0, 0, 0, 0, 31, 0, 0, 0, 0, 0, 0, 0, 12, 43
"/home/mueller/codes/moris/share/cmake/find_wrappers/boost.cmake", "CMake", 0, 0, 0, 0, 0, 0, 75, 0, 0, 0, 0, 0, 0, 0, 19, 94
"/home/mueller/codes/moris/share/cmake/find_wrappers/boost_new.cmake", "CMake", 0, 0, 0, 0, 0, 0, 93, 0, 0, 0, 0, 0, 0, 0, 21, 114
"/home/mueller/codes/moris/share/cmake/find_wrappers/eigen.cmake", "CMake", 0, 0, 0, 0, 0, 0, 49, 0, 0, 0, 0, 0, 0, 0, 9, 58
"/home/mueller/codes/moris/share/cmake/find_wrappers/eigen_new.cmake", "CMake", 0, 0, 0, 0, 0, 0, 57, 0, 0, 0, 0, 0, 0, 0, 11, 68
"/home/mueller/codes/moris/share/cmake/find_wrappers/gcmma.cmake", "CMake", 0, 0, 0, 0, 0, 0, 19, 0, 0, 0, 0, 0, 0, 0, 7, 26
"/home/mueller/codes/moris/share/cmake/find_wrappers/gcmma_new.cmake", "CMake", 0, 0, 0, 0, 0, 0, 34, 0, 0, 0, 0, 0, 0, 0, 10, 44
"/home/mueller/codes/moris/share/cmake/find_wrappers/gperftools_new.cmake", "CMake", 0, 0, 0, 0, 0, 0, 25, 0, 0, 0, 0, 0, 0, 0, 8, 33
"/home/mueller/codes/moris/share/cmake/find_wrappers/hdf5_new.cmake", "CMake", 0, 0, 0, 0, 0, 0, 50, 0, 0, 0, 0, 0, 0, 0, 13, 63
"/home/mueller/codes/moris/share/cmake/find_wrappers/lapack.cmake", "CMake", 0, 0, 0, 0, 0, 0, 25, 0, 0, 0, 0, 0, 0, 0, 7, 32
"/home/mueller/codes/moris/share/cmake/find_wrappers/lapack_new.cmake", "CMake", 0, 0, 0, 0, 0, 0, 41, 0, 0, 0, 0, 0, 0, 0, 10, 51
"/home/mueller/codes/moris/share/cmake/find_wrappers/lbfgsb.cmake", "CMake", 0, 0, 0, 0, 0, 0, 18, 0, 0, 0, 0, 0, 0, 0, 6, 24
"/home/mueller/codes/moris/share/cmake/find_wrappers/lbfgsb_new.cmake", "CMake", 0, 0, 0, 0, 0, 0, 30, 0, 0, 0, 0, 0, 0, 0, 9, 39
"/home/mueller/codes/moris/share/cmake/find_wrappers/mkl.cmake", "CMake", 0, 0, 0, 0, 0, 0, 31, 0, 0, 0, 0, 0, 0, 0, 7, 38
"/home/mueller/codes/moris/share/cmake/find_wrappers/mkl_new.cmake", "CMake", 0, 0, 0, 0, 0, 0, 40, 0, 0, 0, 0, 0, 0, 0, 8, 48
"/home/mueller/codes/moris/share/cmake/find_wrappers/mpi.cmake", "CMake", 0, 0, 0, 0, 0, 0, 42, 0, 0, 0, 0, 0, 0, 0, 10, 52
"/home/mueller/codes/moris/share/cmake/find_wrappers/mpi_new.cmake", "CMake", 0, 0, 0, 0, 0, 0, 58, 0, 0, 0, 0, 0, 0, 0, 14, 72
"/home/mueller/codes/moris/share/cmake/find_wrappers/openblas.cmake", "CMake", 0, 0, 0, 0, 0, 0, 24, 0, 0, 0, 0, 0, 0, 0, 9, 33
"/home/mueller/codes/moris/share/cmake/find_wrappers/openblas_new.cmake", "CMake", 0, 0, 0, 0, 0, 0, 32, 0, 0, 0, 0, 0, 0, 0, 10, 42
"/home/mueller/codes/moris/share/cmake/find_wrappers/petsc_new.cmake", "CMake", 0, 0, 0, 0, 0, 0, 65, 0, 0, 0, 0, 0, 0, 0, 10, 75
"/home/mueller/codes/moris/share/cmake/find_wrappers/slepc_new.cmake", "CMake", 0, 0, 0, 0, 0, 0, 67, 0, 0, 0, 0, 0, 0, 0, 18, 85
"/home/mueller/codes/moris/share/cmake/find_wrappers/snopt.cmake", "CMake", 0, 0, 0, 0, 0, 0, 18, 0, 0, 0, 0, 0, 0, 0, 6, 24
"/home/mueller/codes/moris/share/cmake/find_wrappers/snopt_new.cmake", "CMake", 0, 0, 0, 0, 0, 0, 30, 0, 0, 0, 0, 0, 0, 0, 9, 39
"/home/mueller/codes/moris/share/cmake/find_wrappers/suitesparse.cmake", "CMake", 0, 0, 0, 0, 0, 0, 20, 0, 0, 0, 0, 0, 0, 0, 5, 25
"/home/mueller/codes/moris/share/cmake/find_wrappers/suitesparse_new.cmake", "CMake", 0, 0, 0, 0, 0, 0, 32, 0, 0, 0, 0, 0, 0, 0, 10, 42
"/home/mueller/codes/moris/share/cmake/find_wrappers/superlu.cmake", "CMake", 0, 0, 0, 0, 0, 0, 42, 0, 0, 0, 0, 0, 0, 0, 13, 55
"/home/mueller/codes/moris/share/cmake/find_wrappers/superlu_new.cmake", "CMake", 0, 0, 0, 0, 0, 0, 64, 0, 0, 0, 0, 0, 0, 0, 18, 82
"/home/mueller/codes/moris/share/cmake/find_wrappers/trilinos.cmake", "CMake", 0, 0, 0, 0, 0, 0, 176, 0, 0, 0, 0, 0, 0, 0, 35, 211
"/home/mueller/codes/moris/share/cmake/find_wrappers/trilinos_new.cmake", "CMake", 0, 0, 0, 0, 0, 0, 158, 0, 0, 0, 0, 0, 0, 0, 44, 202
"/home/mueller/codes/moris/share/cmake/find_wrappers/trilinos_new_install.cmake", "CMake", 0, 0, 0, 0, 0, 0, 29, 0, 0, 0, 0, 0, 0, 0, 7, 36
"/home/mueller/codes/moris/share/cmake/find_wrappers/viennacl.cmake", "CMake", 0, 0, 0, 0, 0, 0, 20, 0, 0, 0, 0, 0, 0, 0, 6, 26
"/home/mueller/codes/moris/share/cmake/find_wrappers/viennacl_new.cmake", "CMake", 0, 0, 0, 0, 0, 0, 25, 0, 0, 0, 0, 0, 0, 0, 10, 35
"/home/mueller/codes/moris/share/cmake/utilities/CMakeLists.txt", "CMake", 0, 0, 0, 0, 0, 0, 6, 0, 0, 0, 0, 0, 0, 0, 1, 7
"/home/mueller/codes/moris/share/cmake/utilities/GetGitRevisionDescription.cmake", "CMake", 0, 0, 0, 0, 0, 0, 154, 0, 0, 0, 0, 0, 0, 0, 13, 167
"/home/mueller/codes/moris/share/cmake/utilities/dynamic_link_input.cmake", "CMake", 0, 0, 0, 0, 0, 0, 36, 0, 0, 0, 0, 0, 0, 0, 16, 52
"/home/mueller/codes/moris/share/cmake/utilities/linear_algebra_lib_fix_obsolete.cmake", "CMake", 0, 0, 0, 0, 0, 0, 54, 0, 0, 0, 0, 0, 0, 0, 7, 61
"/home/mueller/codes/moris/share/cmake/utilities/moris_macros.cmake", "CMake", 0, 0, 0, 0, 0, 0, 30, 0, 0, 0, 0, 0, 0, 0, 9, 39
"/home/mueller/codes/moris/share/doc/CMakeLists.txt", "CMake", 0, 0, 0, 0, 0, 0, 20, 0, 0, 0, 0, 0, 0, 0, 6, 26
"/home/mueller/codes/moris/share/doc/figures/xtk/enrich/local_subphase_clusters_as_nodes.svg", "XML", 0, 0, 0, 0, 0, 0, 0, 0, 2046, 0, 0, 0, 0, 1, 2, 2049
"/home/mueller/codes/moris/share/doc/mesh_generation/Bibliography.bib", "BibTeX", 0, 0, 0, 0, 0, 0, 0, 0, 0, 0, 0, 34, 0, 0, 1, 35
"/home/mueller/codes/moris/share/doc/mesh_generation/Figures/BSp_Basis.svg", "XML", 0, 0, 0, 0, 0, 0, 0, 0, 875, 0, 0, 0, 0, 1, 1, 877
"/home/mueller/codes/moris/share/doc/mesh_generation/Figures/decomposition.svg", "XML", 0, 0, 0, 0, 0, 0, 0, 0, 32451, 0, 0, 0, 0, 1, 2, 32454
"/home/mueller/codes/moris/share/doc/mesh_generation/Figures/fig_enrichment.tex", "LaTeX", 0, 0, 0, 0, 0, 0, 0, 0, 0, 20, 0, 0, 0, 1, 16, 37
"/home/mueller/codes/moris/share/doc/mesh_generation/Figures/fig_enrichment1.tex", "LaTeX", 0, 0, 0, 0, 0, 0, 0, 0, 0, 23, 0, 0, 0, 2, 10, 35
"/home/mueller/codes/moris/share/doc/mesh_generation/Figures/fig_enrichment2.tex", "LaTeX", 0, 0, 0, 0, 0, 0, 0, 0, 0, 24, 0, 0, 0, 1, 21, 46
"/home/mueller/codes/moris/share/doc/mesh_generation/Figures/fig_enrichment3.tex", "LaTeX", 0, 0, 0, 0, 0, 0, 0, 0, 0, 29, 0, 0, 0, 2, 29, 60
"/home/mueller/codes/moris/share/doc/mesh_generation/Figures/fig_hMesh1.tex", "LaTeX", 0, 0, 0, 0, 0, 0, 0, 0, 0, 98, 0, 0, 0, 39, 43, 180
"/home/mueller/codes/moris/share/doc/mesh_generation/Figures/fig_hMesh2.tex", "LaTeX", 0, 0, 0, 0, 0, 0, 0, 0, 0, 101, 0, 0, 0, 38, 47, 186
"/home/mueller/codes/moris/share/doc/mesh_generation/Figures/workflow.svg", "XML", 0, 0, 0, 0, 0, 0, 0, 0, 614, 0, 0, 0, 0, 1, 2, 617
"/home/mueller/codes/moris/share/doc/mesh_generation/Overview.tex", "LaTeX", 0, 0, 0, 0, 0, 0, 0, 0, 0, 239, 0, 0, 0, 14, 74, 327
"/home/mueller/codes/moris/share/doc/mesh_generation/Packages.tex", "LaTeX", 0, 0, 0, 0, 0, 0, 0, 0, 0, 63, 0, 0, 0, 63, 37, 163
"/home/mueller/codes/moris/share/doc/mesh_generation/Settings.tex", "LaTeX", 0, 0, 0, 0, 0, 0, 0, 0, 0, 71, 0, 0, 0, 39, 14, 124
"/home/mueller/codes/moris/share/doc/mesh_generation/Titlepage.tex", "LaTeX", 0, 0, 0, 0, 0, 0, 0, 0, 0, 29, 0, 0, 0, 7, 21, 57
"/home/mueller/codes/moris/share/doc/mesh_generation/Tutorial.tex", "LaTeX", 0, 0, 0, 0, 0, 0, 0, 0, 0, 284, 0, 0, 0, 8, 75, 367
"/home/mueller/codes/moris/share/doc/mesh_generation/examples/Bear_Example.xml", "XML", 0, 0, 0, 0, 0, 0, 0, 0, 35, 0, 0, 0, 0, 13, 11, 59
"/home/mueller/codes/moris/share/doc/mesh_generation/examples/Dragon_Example.xml", "XML", 0, 0, 0, 0, 0, 0, 0, 0, 35, 0, 0, 0, 0, 14, 13, 62
"/home/mueller/codes/moris/share/doc/mesh_generation/examples/Rotated_Square_Example.xml", "XML", 0, 0, 0, 0, 0, 0, 0, 0, 55, 0, 0, 0, 0, 13, 15, 83
"/home/mueller/codes/moris/share/doc/mesh_generation/main.tex", "LaTeX", 0, 0, 0, 0, 0, 0, 0, 0, 0, 18, 0, 0, 0, 15, 11, 44
"/home/mueller/codes/moris/share/doc/moris_footer.html", "HTML", 0, 0, 0, 0, 0, 0, 0, 15, 0, 0, 0, 0, 0, 6, 1, 22
"/home/mueller/codes/moris/share/doc/moris_formula.tex", "LaTeX", 0, 0, 0, 0, 0, 0, 0, 0, 0, 196, 0, 0, 0, 0, 20, 216
"/home/mueller/codes/moris/share/doc/moris_header.html", "HTML", 0, 0, 0, 0, 0, 0, 0, 100, 0, 0, 0, 0, 0, 16, 12, 128
"/home/mueller/codes/moris/share/doc/moris_layout.xml", "XML", 0, 0, 0, 0, 0, 0, 0, 0, 187, 0, 0, 0, 0, 9, 8, 204
"/home/mueller/codes/moris/share/doc/moris_style.css", "PostCSS", 0, 0, 0, 0, 0, 0, 0, 0, 0, 0, 1224, 0, 0, 42, 237, 1503
"/home/mueller/codes/moris/share/eclipse/moris_format.xml", "XML", 0, 0, 0, 0, 0, 0, 0, 0, 193, 0, 0, 0, 0, 2, 2, 197
"/home/mueller/codes/moris/share/maintenance/github_traffic/github_traffic_command.sh", "Shell Script", 0, 0, 0, 1, 0, 0, 0, 0, 0, 0, 0, 0, 0, 1, 2, 4
"/home/mueller/codes/moris/share/maintenance/github_traffic/process_github_traffic.sh", "Shell Script", 0, 0, 0, 29, 0, 0, 0, 0, 0, 0, 0, 0, 0, 4, 18, 51
"/home/mueller/codes/moris/share/maintenance/timing/CombineTimingResults.m", "Objective-C", 0, 74, 0, 0, 0, 0, 0, 0, 0, 0, 0, 0, 0, 0, 29, 103
"/home/mueller/codes/moris/share/maintenance/timing/moris_version_timing.sh", "Shell Script", 0, 0, 0, 142, 0, 0, 0, 0, 0, 0, 0, 0, 0, 32, 62, 236
"/home/mueller/codes/moris/share/matlab/CompareFDSweepHDF5.m", "Objective-C", 0, 100, 0, 0, 0, 0, 0, 0, 0, 0, 0, 0, 0, 0, 34, 134
"/home/mueller/codes/moris/share/matlab/ExtractEdges.m", "Objective-C", 0, 556, 0, 0, 0, 0, 0, 0, 0, 0, 0, 0, 0, 0, 67, 623
"/home/mueller/codes/moris/share/matlab/Image_to_Levelset_2D.m", "Objective-C", 0, 116, 0, 0, 0, 0, 0, 0, 0, 0, 0, 0, 0, 0, 35, 151
"/home/mueller/codes/moris/share/matlab/Image_to_Levelset_3D.m", "Objective-C", 0, 130, 0, 0, 0, 0, 0, 0, 0, 0, 0, 0, 0, 0, 46, 176
"/home/mueller/codes/moris/share/papers/XTK_paper/brick_wall/brick_wall.cpp", "C++", 0, 0, 0, 0, 0, 595, 0, 0, 0, 0, 0, 0, 0, 190, 154, 939
"/home/mueller/codes/moris/share/papers/XTK_paper/brick_wall/run_brick_wall_study.sh", "Shell Script", 0, 0, 0, 100, 0, 0, 0, 0, 0, 0, 0, 0, 0, 52, 41, 193
"/home/mueller/codes/moris/share/papers/XTK_paper/multi_beam/convergence/Multi_Beam_Coarse.cpp", "C++", 0, 0, 0, 0, 0, 369, 0, 0, 0, 0, 0, 0, 0, 71, 95, 535
"/home/mueller/codes/moris/share/papers/XTK_paper/multi_beam/convergence/Multi_Beam_Compare.cpp", "C++", 0, 0, 0, 0, 0, 517, 0, 0, 0, 0, 0, 0, 0, 81, 125, 723
"/home/mueller/codes/moris/share/papers/XTK_paper/multi_beam/convergence/Multi_Beam_Reference.cpp", "C++", 0, 0, 0, 0, 0, 512, 0, 0, 0, 0, 0, 0, 0, 79, 125, 716
"/home/mueller/codes/moris/share/papers/XTK_paper/multi_beam/convergence/process.m", "Objective-C", 0, 49, 0, 0, 0, 0, 0, 0, 0, 0, 0, 0, 0, 0, 15, 64
"/home/mueller/codes/moris/share/papers/XTK_paper/multi_beam/convergence/run_convergence_study.sh", "Shell Script", 0, 0, 0, 162, 0, 0, 0, 0, 0, 0, 0, 0, 0, 56, 51, 269
"/home/mueller/codes/moris/share/papers/XTK_paper/multi_beam/ghost/Multi_Beam.cpp", "C++", 0, 0, 0, 0, 0, 315, 0, 0, 0, 0, 0, 0, 0, 122, 90, 527
"/home/mueller/codes/moris/share/papers/XTK_paper/multi_beam/ghost/process_results.m", "Objective-C", 0, 60, 0, 0, 0, 0, 0, 0, 0, 0, 0, 0, 0, 0, 17, 77
"/home/mueller/codes/moris/share/papers/XTK_paper/multi_beam/ghost/run_ghost_study.sh", "Shell Script", 0, 0, 0, 60, 0, 0, 0, 0, 0, 0, 0, 0, 0, 39, 31, 130
"/home/mueller/codes/moris/share/papers/XTK_paper/scaffold_sandwich/read_all.sh", "Shell Script", 0, 0, 0, 22, 0, 0, 0, 0, 0, 0, 0, 0, 0, 8, 12, 42
"/home/mueller/codes/moris/share/papers/XTK_paper/scaffold_sandwich/size_scaling/compile_size_scaling.sh", "Shell Script", 0, 0, 0, 46, 0, 0, 0, 0, 0, 0, 0, 0, 0, 27, 24, 97
"/home/mueller/codes/moris/share/papers/XTK_paper/scaffold_sandwich/size_scaling/nTop_Sandwich.cpp", "C++", 0, 0, 0, 0, 0, 843, 0, 0, 0, 0, 0, 0, 0, 267, 230, 1340
"/home/mueller/codes/moris/share/papers/XTK_paper/scaffold_sandwich/size_scaling/read_results_size.sh", "Shell Script", 0, 0, 0, 119, 0, 0, 0, 0, 0, 0, 0, 0, 0, 21, 23, 163
"/home/mueller/codes/moris/share/papers/XTK_paper/scaffold_sandwich/size_scaling/run_size_scaling.sh", "Shell Script", 0, 0, 0, 28, 0, 0, 0, 0, 0, 0, 0, 0, 0, 49, 20, 97
"/home/mueller/codes/moris/share/papers/XTK_paper/scaffold_sandwich/strong_scaling_large/compile_strong_scaling_large.sh", "Shell Script", 0, 0, 0, 43, 0, 0, 0, 0, 0, 0, 0, 0, 0, 26, 24, 93
"/home/mueller/codes/moris/share/papers/XTK_paper/scaffold_sandwich/strong_scaling_large/nTop_Sandwich.cpp", "C++", 0, 0, 0, 0, 0, 843, 0, 0, 0, 0, 0, 0, 0, 268, 230, 1341
"/home/mueller/codes/moris/share/papers/XTK_paper/scaffold_sandwich/strong_scaling_large/read_results_strong_large.sh", "Shell Script", 0, 0, 0, 119, 0, 0, 0, 0, 0, 0, 0, 0, 0, 21, 23, 163
"/home/mueller/codes/moris/share/papers/XTK_paper/scaffold_sandwich/strong_scaling_large/run_strong_scaling_large.sh", "Shell Script", 0, 0, 0, 27, 0, 0, 0, 0, 0, 0, 0, 0, 0, 46, 20, 93
"/home/mueller/codes/moris/share/papers/XTK_paper/scaffold_sandwich/strong_scaling_small/compile_strong_scaling_small.sh", "Shell Script", 0, 0, 0, 43, 0, 0, 0, 0, 0, 0, 0, 0, 0, 26, 24, 93
"/home/mueller/codes/moris/share/papers/XTK_paper/scaffold_sandwich/strong_scaling_small/nTop_Sandwich.cpp", "C++", 0, 0, 0, 0, 0, 843, 0, 0, 0, 0, 0, 0, 0, 268, 230, 1341
"/home/mueller/codes/moris/share/papers/XTK_paper/scaffold_sandwich/strong_scaling_small/read_results_strong_small.sh", "Shell Script", 0, 0, 0, 119, 0, 0, 0, 0, 0, 0, 0, 0, 0, 21, 23, 163
"/home/mueller/codes/moris/share/papers/XTK_paper/scaffold_sandwich/strong_scaling_small/run_strong_scaling_small.sh", "Shell Script", 0, 0, 0, 27, 0, 0, 0, 0, 0, 0, 0, 0, 0, 46, 20, 93
"/home/mueller/codes/moris/share/papers/XTK_paper/scaffold_sandwich/weak_scaling/compile_weak_scaling.sh", "Shell Script", 0, 0, 0, 50, 0, 0, 0, 0, 0, 0, 0, 0, 0, 26, 24, 100
"/home/mueller/codes/moris/share/papers/XTK_paper/scaffold_sandwich/weak_scaling/nTop_Sandwich.cpp", "C++", 0, 0, 0, 0, 0, 843, 0, 0, 0, 0, 0, 0, 0, 268, 230, 1341
"/home/mueller/codes/moris/share/papers/XTK_paper/scaffold_sandwich/weak_scaling/read_results_weak.sh", "Shell Script", 0, 0, 0, 120, 0, 0, 0, 0, 0, 0, 0, 0, 0, 21, 23, 164
"/home/mueller/codes/moris/share/papers/XTK_paper/scaffold_sandwich/weak_scaling/run_weak_scaling.sh", "Shell Script", 0, 0, 0, 29, 0, 0, 0, 0, 0, 0, 0, 0, 0, 51, 20, 100
"/home/mueller/codes/moris/share/scripts/InsertStringAboveKeyword.sh", "Shell Script", 0, 0, 0, 74, 0, 0, 0, 0, 0, 0, 0, 0, 0, 8, 23, 105
"/home/mueller/codes/moris/share/scripts/Parse_valgrind_suppressions.sh", "Shell Script", 0, 0, 0, 35, 0, 0, 0, 0, 0, 0, 0, 0, 0, 20, 11, 66
"/home/mueller/codes/moris/share/scripts/compareSrc.sh", "Shell Script", 0, 0, 0, 108, 0, 0, 0, 0, 0, 0, 0, 0, 0, 6, 46, 160
"/home/mueller/codes/moris/share/scripts/create_shared_object.sh", "Shell Script", 0, 0, 0, 141, 0, 0, 0, 0, 0, 0, 0, 0, 0, 7, 33, 181
"/home/mueller/codes/moris/share/scripts/generate_enum_macros.sh", "Shell Script", 0, 0, 0, 63, 0, 0, 0, 0, 0, 0, 0, 0, 0, 16, 14, 93
"/home/mueller/codes/moris/share/scripts/moris.sh", "Shell Script", 0, 0, 0, 17, 0, 0, 0, 0, 0, 0, 0, 0, 0, 15, 6, 38
"/home/mueller/codes/moris/share/scripts/moris_create_shared_object.sh", "Shell Script", 0, 0, 0, 23, 0, 0, 0, 0, 0, 0, 0, 0, 0, 14, 6, 43
"/home/mueller/codes/moris/share/scripts/moris_run.sh", "Shell Script", 0, 0, 0, 23, 0, 0, 0, 0, 0, 0, 0, 0, 0, 15, 6, 44
"/home/mueller/codes/moris/share/scripts/removeRepeatedLines.sh", "Shell Script", 0, 0, 0, 28, 0, 0, 0, 0, 0, 0, 0, 0, 0, 1, 22, 51
"/home/mueller/codes/moris/share/scripts/replace.sh", "Shell Script", 0, 0, 0, 38, 0, 0, 0, 0, 0, 0, 0, 0, 0, 9, 16, 63
"/home/mueller/codes/moris/share/spack/gcmma_package.py", "Python", 0, 0, 0, 0, 10, 0, 0, 0, 0, 0, 0, 0, 0, 30, 14, 54
"/home/mueller/codes/moris/share/spack/lbfgs_package.py", "Python", 0, 0, 0, 0, 10, 0, 0, 0, 0, 0, 0, 0, 0, 30, 15, 55
"/home/mueller/codes/moris/share/spack/make_moris_cluster_gcc_bashrc_obsolete.sh", "Shell Script", 0, 0, 0, 84, 0, 0, 0, 0, 0, 0, 0, 0, 0, 1, 9, 94
"/home/mueller/codes/moris/share/spack/make_moris_cluster_gcc_cshrc_obsolete.sh", "Shell Script", 0, 0, 0, 79, 0, 0, 0, 0, 0, 0, 0, 0, 0, 1, 9, 89
"/home/mueller/codes/moris/share/spack/make_moris_cluster_intel_cshrc_obsolete.sh", "Shell Script", 0, 0, 0, 74, 0, 0, 0, 0, 0, 0, 0, 0, 0, 1, 6, 81
"/home/mueller/codes/moris/share/spack/make_moris_resource.sh", "Shell Script", 0, 0, 0, 209, 0, 0, 0, 0, 0, 0, 0, 0, 0, 4, 29, 242
"/home/mueller/codes/moris/share/spack/moris_package.py", "Python", 0, 0, 0, 0, 129, 0, 0, 0, 0, 0, 0, 0, 0, 24, 41, 194
"/home/mueller/codes/moris/share/spack/moris_package_trilinos_13.py", "Python", 0, 0, 0, 0, 126, 0, 0, 0, 0, 0, 0, 0, 0, 24, 38, 188
"/home/mueller/codes/moris/share/spack/mumps_package_obsolete.py", "Python", 0, 0, 0, 0, 307, 0, 0, 0, 0, 0, 0, 0, 0, 68, 53, 428
"/home/mueller/codes/moris/share/spack/snopt_package.py", "Python", 0, 0, 0, 0, 9, 0, 0, 0, 0, 0, 0, 0, 0, 29, 14, 52
"/home/mueller/codes/moris/share/spack/trilinos_package.py", "Python", 0, 0, 0, 0, 894, 0, 0, 0, 0, 0, 0, 0, 0, 139, 111, 1144
"/home/mueller/codes/moris/share/valgrind/parse_valgrind_suppressions.sh", "Shell Script", 0, 0, 0, 35, 0, 0, 0, 0, 0, 0, 0, 0, 0, 23, 8, 66
"/home/mueller/codes/moris/snippets/algorithms/fn_equal_to.inc", "C++", 0, 0, 0, 0, 0, 9, 0, 0, 0, 0, 0, 0, 0, 0, 3, 12
"/home/mueller/codes/moris/snippets/algorithms/fn_num_digits.inc", "C++", 0, 0, 0, 0, 0, 18, 0, 0, 0, 0, 0, 0, 0, 2, 6, 26
"/home/mueller/codes/moris/snippets/chronos/cl_Stopwatch/Stopwatch.inc", "C++", 0, 0, 0, 0, 0, 2, 0, 0, 0, 0, 0, 0, 0, 2, 2, 6
"/home/mueller/codes/moris/snippets/chronos/cl_Stopwatch/elapsed.inc", "C++", 0, 0, 0, 0, 0, 7, 0, 0, 0, 0, 0, 0, 0, 8, 2, 17
"/home/mueller/codes/moris/snippets/chronos/cl_Stopwatch/is_stopped.0.inc", "C++", 0, 0, 0, 0, 0, 1, 0, 0, 0, 0, 0, 0, 0, 2, 1, 4
"/home/mueller/codes/moris/snippets/chronos/cl_Stopwatch/is_stopped.1.inc", "C++", 0, 0, 0, 0, 0, 1, 0, 0, 0, 0, 0, 0, 0, 2, 1, 4
"/home/mueller/codes/moris/snippets/chronos/cl_Stopwatch/reset.inc", "C++", 0, 0, 0, 0, 0, 8, 0, 0, 0, 0, 0, 0, 0, 3, 3, 14
"/home/mueller/codes/moris/snippets/chronos/cl_Stopwatch/resume.inc", "C++", 0, 0, 0, 0, 0, 10, 0, 0, 0, 0, 0, 0, 0, 7, 5, 22
"/home/mueller/codes/moris/snippets/chronos/cl_Stopwatch/stop.inc", "C++", 0, 0, 0, 0, 0, 9, 0, 0, 0, 0, 0, 0, 0, 4, 4, 17
"/home/mueller/codes/moris/snippets/chronos/cl_Stopwatch/toc.inc", "C++", 0, 0, 0, 0, 0, 7, 0, 0, 0, 0, 0, 0, 0, 2, 2, 11
"/home/mueller/codes/moris/snippets/chronos/cl_Waitbar.inc", "C++", 0, 0, 0, 0, 0, 9, 0, 0, 0, 0, 0, 0, 0, 6, 6, 21
"/home/mueller/codes/moris/snippets/containers/cl_Map/cl_Map.inc", "C++", 0, 0, 0, 0, 0, 4, 0, 0, 0, 0, 0, 0, 0, 0, 1, 5
"/home/mueller/codes/moris/snippets/containers/cl_Map/cl_Map_clear.inc", "C++", 0, 0, 0, 0, 0, 3, 0, 0, 0, 0, 0, 0, 0, 0, 2, 5
"/home/mueller/codes/moris/snippets/containers/cl_Map/cl_Map_empty.inc", "C++", 0, 0, 0, 0, 0, 2, 0, 0, 0, 0, 0, 0, 0, 0, 1, 3
"/home/mueller/codes/moris/snippets/containers/cl_Map/cl_Map_find.inc", "C++", 0, 0, 0, 0, 0, 2, 0, 0, 0, 0, 0, 0, 0, 0, 2, 4
"/home/mueller/codes/moris/snippets/containers/cl_Map/cl_Map_size.inc", "C++", 0, 0, 0, 0, 0, 1, 0, 0, 0, 0, 0, 0, 0, 0, 1, 2
"/home/mueller/codes/moris/snippets/containers/cl_param_list/cl_param_list_access.inc", "C++", 0, 0, 0, 0, 0, 3, 0, 0, 0, 0, 0, 0, 0, 0, 0, 3
"/home/mueller/codes/moris/snippets/containers/cl_param_list/cl_param_list_insert.inc", "C++", 0, 0, 0, 0, 0, 4, 0, 0, 0, 0, 0, 0, 0, 0, 1, 5
"/home/mueller/codes/moris/snippets/containers/cl_tuple.inc", "C++", 0, 0, 0, 0, 0, 1, 0, 0, 0, 0, 0, 0, 0, 0, 1, 2
"/home/mueller/codes/moris/snippets/distlinalg/fn_distlinsolve_petsc_1Dmodel.inc", "C++", 0, 0, 0, 0, 0, 3, 0, 0, 0, 0, 0, 0, 0, 1, 1, 5
"/home/mueller/codes/moris/snippets/distlinalg/fn_distlinsolve_petsc_fin.inc", "C++", 0, 0, 0, 0, 0, 5, 0, 0, 0, 0, 0, 0, 0, 3, 3, 11
"/home/mueller/codes/moris/snippets/distlinalg/fn_distlinsolve_petsc_init.inc", "C++", 0, 0, 0, 0, 0, 9, 0, 0, 0, 0, 0, 0, 0, 1, 2, 12
"/home/mueller/codes/moris/snippets/distlinalg/fn_distlinsolve_petsc_kspdirect.inc", "C++", 0, 0, 0, 0, 0, 6, 0, 0, 0, 0, 0, 0, 0, 3, 2, 11
"/home/mueller/codes/moris/snippets/distlinalg/fn_distlinsolve_petsc_setmat.inc", "C++", 0, 0, 0, 0, 0, 1, 0, 0, 0, 0, 0, 0, 0, 1, 1, 3
"/home/mueller/codes/moris/snippets/distlinalg/fn_distlinsolve_petsc_setvec.inc", "C++", 0, 0, 0, 0, 0, 7, 0, 0, 0, 0, 0, 0, 0, 10, 3, 20
"/home/mueller/codes/moris/snippets/distlinalg/fn_distlinsolve_trilinos_ModelInitilialization.inc", "C++", 0, 0, 0, 0, 0, 16, 0, 0, 0, 0, 0, 0, 0, 8, 7, 31
"/home/mueller/codes/moris/snippets/distlinalg/fn_distlinsolve_trilinos_fin.inc", "C++", 0, 0, 0, 0, 0, 1, 0, 0, 0, 0, 0, 0, 0, 1, 1, 3
"/home/mueller/codes/moris/snippets/distlinalg/fn_distlinsolve_trilinos_solver.inc", "C++", 0, 0, 0, 0, 0, 26, 0, 0, 0, 0, 0, 0, 0, 12, 10, 48
"/home/mueller/codes/moris/snippets/distlinalg/fn_distlinsolve_trilinos_timing.inc", "C++", 0, 0, 0, 0, 0, 20, 0, 0, 0, 0, 0, 0, 0, 36, 9, 65
"/home/mueller/codes/moris/snippets/exceptions/cl_invalid_size.inc", "C++", 0, 0, 0, 0, 0, 10, 0, 0, 0, 0, 0, 0, 0, 3, 2, 15
"/home/mueller/codes/moris/snippets/exceptions/cl_out_of_range.inc", "C++", 0, 0, 0, 0, 0, 10, 0, 0, 0, 0, 0, 0, 0, 2, 2, 14
"/home/mueller/codes/moris/snippets/exceptions/cl_tic_toc_error.inc", "C++", 0, 0, 0, 0, 0, 10, 0, 0, 0, 0, 0, 0, 0, 1, 2, 13
"/home/mueller/codes/moris/snippets/ios/cl_Logger/log.inc", "C++", 0, 0, 0, 0, 0, 1, 0, 0, 0, 0, 0, 0, 0, 0, 0, 1
"/home/mueller/codes/moris/snippets/ios/cl_Logger/log_debug.inc", "C++", 0, 0, 0, 0, 0, 1, 0, 0, 0, 0, 0, 0, 0, 0, 0, 1
"/home/mueller/codes/moris/snippets/ios/cl_Logger/log_error.inc", "C++", 0, 0, 0, 0, 0, 0, 0, 0, 0, 0, 0, 0, 0, 0, 1, 1
"/home/mueller/codes/moris/snippets/ios/cl_Logger/log_fatal.inc", "C++", 0, 0, 0, 0, 0, 1, 0, 0, 0, 0, 0, 0, 0, 0, 0, 1
"/home/mueller/codes/moris/snippets/ios/cl_Logger/log_function.inc", "C++", 0, 0, 0, 0, 0, 0, 0, 0, 0, 0, 0, 0, 0, 1, 1, 2
"/home/mueller/codes/moris/snippets/ios/cl_Logger/log_info.inc", "C++", 0, 0, 0, 0, 0, 1, 0, 0, 0, 0, 0, 0, 0, 0, 0, 1
"/home/mueller/codes/moris/snippets/ios/cl_Logger/log_trace.inc", "C++", 0, 0, 0, 0, 0, 1, 0, 0, 0, 0, 0, 0, 0, 0, 0, 1
"/home/mueller/codes/moris/snippets/ios/cl_Logger/log_warning.inc", "C++", 0, 0, 0, 0, 0, 1, 0, 0, 0, 0, 0, 0, 0, 0, 0, 1
"/home/mueller/codes/moris/snippets/ios/cl_Logger_Sink/cerr.inc", "C++", 0, 0, 0, 0, 0, 3, 0, 0, 0, 0, 0, 0, 0, 2, 2, 7
"/home/mueller/codes/moris/snippets/ios/cl_Logger_Sink/clog.inc", "C++", 0, 0, 0, 0, 0, 3, 0, 0, 0, 0, 0, 0, 0, 2, 2, 7
"/home/mueller/codes/moris/snippets/ios/cl_Logger_Sink/cout.inc", "C++", 0, 0, 0, 0, 0, 3, 0, 0, 0, 0, 0, 0, 0, 2, 2, 7
"/home/mueller/codes/moris/snippets/ios/fn_iostream/cerr.inc", "C++", 0, 0, 0, 0, 0, 1, 0, 0, 0, 0, 0, 0, 0, 0, 0, 1
"/home/mueller/codes/moris/snippets/ios/fn_iostream/clog.inc", "C++", 0, 0, 0, 0, 0, 1, 0, 0, 0, 0, 0, 0, 0, 0, 0, 1
"/home/mueller/codes/moris/snippets/ios/fn_iostream/cout.inc", "C++", 0, 0, 0, 0, 0, 1, 0, 0, 0, 0, 0, 0, 0, 0, 0, 1
"/home/mueller/codes/moris/snippets/ios/fn_to_stdio.inc", "C++", 0, 0, 0, 0, 0, 6, 0, 0, 0, 0, 0, 0, 0, 6, 5, 17
"/home/mueller/codes/moris/snippets/linalg/cl_Mat/Mat.inc", "C++", 0, 0, 0, 0, 0, 6, 0, 0, 0, 0, 0, 0, 0, 0, 4, 10
"/home/mueller/codes/moris/snippets/linalg/cl_Mat/Mat_col.inc", "C++", 0, 0, 0, 0, 0, 4, 0, 0, 0, 0, 0, 0, 0, 0, 2, 6
"/home/mueller/codes/moris/snippets/linalg/cl_Mat/Mat_cols.inc", "C++", 0, 0, 0, 0, 0, 4, 0, 0, 0, 0, 0, 0, 0, 0, 1, 5
"/home/mueller/codes/moris/snippets/linalg/cl_Mat/Mat_cplx.inc", "C++", 0, 0, 0, 0, 0, 5, 0, 0, 0, 0, 0, 0, 0, 0, 3, 8
"/home/mueller/codes/moris/snippets/linalg/cl_Mat/Mat_fill.inc", "C++", 0, 0, 0, 0, 0, 6, 0, 0, 0, 0, 0, 0, 0, 0, 3, 9
"/home/mueller/codes/moris/snippets/linalg/cl_Mat/Mat_length.inc", "C++", 0, 0, 0, 0, 0, 4, 0, 0, 0, 0, 0, 0, 0, 0, 2, 6
"/home/mueller/codes/moris/snippets/linalg/cl_Mat/Mat_max.inc", "C++", 0, 0, 0, 0, 0, 4, 0, 0, 0, 0, 0, 0, 0, 0, 1, 5
"/home/mueller/codes/moris/snippets/linalg/cl_Mat/Mat_min.inc", "C++", 0, 0, 0, 0, 0, 4, 0, 0, 0, 0, 0, 0, 0, 0, 1, 5
"/home/mueller/codes/moris/snippets/linalg/cl_Mat/Mat_n_cols.inc", "C++", 0, 0, 0, 0, 0, 3, 0, 0, 0, 0, 0, 0, 0, 0, 1, 4
"/home/mueller/codes/moris/snippets/linalg/cl_Mat/Mat_n_rows.inc", "C++", 0, 0, 0, 0, 0, 3, 0, 0, 0, 0, 0, 0, 0, 0, 1, 4
"/home/mueller/codes/moris/snippets/linalg/cl_Mat/Mat_numel.inc", "C++", 0, 0, 0, 0, 0, 3, 0, 0, 0, 0, 0, 0, 0, 0, 1, 4
"/home/mueller/codes/moris/snippets/linalg/cl_Mat/Mat_row.inc", "C++", 0, 0, 0, 0, 0, 4, 0, 0, 0, 0, 0, 0, 0, 0, 2, 6
"/home/mueller/codes/moris/snippets/linalg/cl_Mat/Mat_rows.inc", "C++", 0, 0, 0, 0, 0, 4, 0, 0, 0, 0, 0, 0, 0, 0, 2, 6
"/home/mueller/codes/moris/snippets/linalg/cl_Mat/Mat_size.inc", "C++", 0, 0, 0, 0, 0, 4, 0, 0, 0, 0, 0, 0, 0, 0, 1, 5
"/home/mueller/codes/moris/snippets/linalg/cl_Mat/Mat_span.inc", "C++", 0, 0, 0, 0, 0, 4, 0, 0, 0, 0, 0, 0, 0, 0, 2, 6
"/home/mueller/codes/moris/snippets/linalg/cl_Sp_Mat/Sp_Mat.inc", "C++", 0, 0, 0, 0, 0, 4, 0, 0, 0, 0, 0, 0, 0, 0, 1, 5
"/home/mueller/codes/moris/snippets/linalg/cl_Sp_Mat/Sp_Mat_col.inc", "C++", 0, 0, 0, 0, 0, 4, 0, 0, 0, 0, 0, 0, 0, 0, 2, 6
"/home/mueller/codes/moris/snippets/linalg/cl_Sp_Mat/Sp_Mat_cols.inc", "C++", 0, 0, 0, 0, 0, 4, 0, 0, 0, 0, 0, 0, 0, 0, 1, 5
"/home/mueller/codes/moris/snippets/linalg/cl_Sp_Mat/Sp_Mat_cplx.inc", "C++", 0, 0, 0, 0, 0, 7, 0, 0, 0, 0, 0, 0, 0, 0, 4, 11
"/home/mueller/codes/moris/snippets/linalg/cl_Sp_Mat/Sp_Mat_n_cols.inc", "C++", 0, 0, 0, 0, 0, 3, 0, 0, 0, 0, 0, 0, 0, 0, 1, 4
"/home/mueller/codes/moris/snippets/linalg/cl_Sp_Mat/Sp_Mat_n_rows.inc", "C++", 0, 0, 0, 0, 0, 3, 0, 0, 0, 0, 0, 0, 0, 0, 1, 4
"/home/mueller/codes/moris/snippets/linalg/cl_Sp_Mat/Sp_Mat_nnz.inc", "C++", 0, 0, 0, 0, 0, 6, 0, 0, 0, 0, 0, 0, 0, 0, 2, 8
"/home/mueller/codes/moris/snippets/linalg/cl_Sp_Mat/Sp_Mat_numel.inc", "C++", 0, 0, 0, 0, 0, 3, 0, 0, 0, 0, 0, 0, 0, 0, 1, 4
"/home/mueller/codes/moris/snippets/linalg/cl_Sp_Mat/Sp_Mat_row.inc", "C++", 0, 0, 0, 0, 0, 4, 0, 0, 0, 0, 0, 0, 0, 0, 2, 6
"/home/mueller/codes/moris/snippets/linalg/cl_Sp_Mat/Sp_Mat_rows.inc", "C++", 0, 0, 0, 0, 0, 4, 0, 0, 0, 0, 0, 0, 0, 0, 2, 6
"/home/mueller/codes/moris/snippets/linalg/cl_Sp_Mat/cl_Sp_Mat_form1.inc", "C++", 0, 0, 0, 0, 0, 10, 0, 0, 0, 0, 0, 0, 0, 0, 4, 14
"/home/mueller/codes/moris/snippets/linalg/cl_Sp_Mat/cl_Sp_Mat_form2.inc", "C++", 0, 0, 0, 0, 0, 3, 0, 0, 0, 0, 0, 0, 0, 0, 3, 6
"/home/mueller/codes/moris/snippets/linalg/cl_Tensor/cl_Tensor_23sym.inc", "C++", 0, 0, 0, 0, 0, 3, 0, 0, 0, 0, 0, 0, 0, 0, 1, 4
"/home/mueller/codes/moris/snippets/linalg/cl_Tensor/cl_Tensor_prod22.inc", "C++", 0, 0, 0, 0, 0, 1, 0, 0, 0, 0, 0, 0, 0, 0, 0, 1
"/home/mueller/codes/moris/snippets/linalg/cl_Tensor/cl_Tensor_prod42.inc", "C++", 0, 0, 0, 0, 0, 1, 0, 0, 0, 0, 0, 0, 0, 0, 0, 1
"/home/mueller/codes/moris/snippets/linalg/fn_chol_l.inc", "C++", 0, 0, 0, 0, 0, 6, 0, 0, 0, 0, 0, 0, 0, 0, 2, 8
"/home/mueller/codes/moris/snippets/linalg/fn_chol_u.inc", "C++", 0, 0, 0, 0, 0, 6, 0, 0, 0, 0, 0, 0, 0, 0, 2, 8
"/home/mueller/codes/moris/snippets/linalg/fn_cond.inc", "C++", 0, 0, 0, 0, 0, 15, 0, 0, 0, 0, 0, 0, 0, 0, 5, 20
"/home/mueller/codes/moris/snippets/linalg/fn_ctrans/ctrans_complex.inc", "C++", 0, 0, 0, 0, 0, 5, 0, 0, 0, 0, 0, 0, 0, 0, 3, 8
"/home/mueller/codes/moris/snippets/linalg/fn_ctrans/ctrans_real.inc", "C++", 0, 0, 0, 0, 0, 6, 0, 0, 0, 0, 0, 0, 0, 0, 3, 9
"/home/mueller/codes/moris/snippets/linalg/fn_det.inc", "C++", 0, 0, 0, 0, 0, 5, 0, 0, 0, 0, 0, 0, 0, 0, 2, 7
"/home/mueller/codes/moris/snippets/linalg/fn_diag/diagmat.inc", "C++", 0, 0, 0, 0, 0, 6, 0, 0, 0, 0, 0, 0, 0, 0, 2, 8
"/home/mueller/codes/moris/snippets/linalg/fn_diag/diagvec.inc", "C++", 0, 0, 0, 0, 0, 3, 0, 0, 0, 0, 0, 0, 0, 0, 1, 4
"/home/mueller/codes/moris/snippets/linalg/fn_eye.inc", "C++", 0, 0, 0, 0, 0, 1, 0, 0, 0, 0, 0, 0, 0, 0, 0, 1
"/home/mueller/codes/moris/snippets/linalg/fn_get_sparsity.inc", "C++", 0, 0, 0, 0, 0, 7, 0, 0, 0, 0, 0, 0, 0, 0, 3, 10
"/home/mueller/codes/moris/snippets/linalg/fn_iscol.inc", "C++", 0, 0, 0, 0, 0, 14, 0, 0, 0, 0, 0, 0, 0, 0, 5, 19
"/home/mueller/codes/moris/snippets/linalg/fn_isempty.inc", "C++", 0, 0, 0, 0, 0, 5, 0, 0, 0, 0, 0, 0, 0, 0, 2, 7
"/home/mueller/codes/moris/snippets/linalg/fn_isrow.inc", "C++", 0, 0, 0, 0, 0, 14, 0, 0, 0, 0, 0, 0, 0, 0, 5, 19
"/home/mueller/codes/moris/snippets/linalg/fn_issquare.inc", "C++", 0, 0, 0, 0, 0, 5, 0, 0, 0, 0, 0, 0, 0, 0, 2, 7
"/home/mueller/codes/moris/snippets/linalg/fn_isvector.inc", "C++", 0, 0, 0, 0, 0, 11, 0, 0, 0, 0, 0, 0, 0, 0, 4, 15
"/home/mueller/codes/moris/snippets/linalg/fn_linsolve/linsolve_complex.inc", "C++", 0, 0, 0, 0, 0, 7, 0, 0, 0, 0, 0, 0, 0, 0, 3, 10
"/home/mueller/codes/moris/snippets/linalg/fn_linsolve/linsolve_real.inc", "C++", 0, 0, 0, 0, 0, 9, 0, 0, 0, 0, 0, 0, 0, 0, 3, 12
"/home/mueller/codes/moris/snippets/linalg/fn_linspace.inc", "C++", 0, 0, 0, 0, 0, 3, 0, 0, 0, 0, 0, 0, 0, 0, 1, 4
"/home/mueller/codes/moris/snippets/linalg/fn_lu.inc", "C++", 0, 0, 0, 0, 0, 8, 0, 0, 0, 0, 0, 0, 0, 0, 2, 10
"/home/mueller/codes/moris/snippets/linalg/fn_qr.inc", "C++", 0, 0, 0, 0, 0, 8, 0, 0, 0, 0, 0, 0, 0, 0, 3, 11
"/home/mueller/codes/moris/snippets/linalg/fn_qr_tuple.inc", "C++", 0, 0, 0, 0, 0, 3, 0, 0, 0, 0, 0, 0, 0, 0, 1, 4
"/home/mueller/codes/moris/snippets/linalg/fn_sort.inc", "C++", 0, 0, 0, 0, 0, 5, 0, 0, 0, 0, 0, 0, 0, 6, 7, 18
"/home/mueller/codes/moris/snippets/linalg/fn_sum.inc", "C++", 0, 0, 0, 0, 0, 5, 0, 0, 0, 0, 0, 0, 0, 0, 3, 8
"/home/mueller/codes/moris/snippets/linalg/fn_svd/fn_svd_long.inc", "C++", 0, 0, 0, 0, 0, 16, 0, 0, 0, 0, 0, 0, 0, 0, 6, 22
"/home/mueller/codes/moris/snippets/linalg/fn_svd/fn_svd_short.inc", "C++", 0, 0, 0, 0, 0, 12, 0, 0, 0, 0, 0, 0, 0, 0, 6, 18
"/home/mueller/codes/moris/snippets/linalg/fn_trans/trans_complex.inc", "C++", 0, 0, 0, 0, 0, 5, 0, 0, 0, 0, 0, 0, 0, 0, 2, 7
"/home/mueller/codes/moris/snippets/linalg/fn_trans/trans_real.inc", "C++", 0, 0, 0, 0, 0, 6, 0, 0, 0, 0, 0, 0, 0, 0, 2, 8
"/home/mueller/codes/moris/snippets/linalg/op_elemwise_div.inc", "C++", 0, 0, 0, 0, 0, 14, 0, 0, 0, 0, 0, 0, 0, 0, 7, 21
"/home/mueller/codes/moris/snippets/linalg/op_elemwise_mult.inc", "C++", 0, 0, 0, 0, 0, 6, 0, 0, 0, 0, 0, 0, 0, 0, 3, 9
"/home/mueller/codes/moris/snippets/linalg/op_equal_equal.inc", "C++", 0, 0, 0, 0, 0, 9, 0, 0, 0, 0, 0, 0, 0, 0, 3, 12
"/home/mueller/codes/moris/snippets/linalg/op_greater.inc", "C++", 0, 0, 0, 0, 0, 9, 0, 0, 0, 0, 0, 0, 0, 0, 3, 12
"/home/mueller/codes/moris/snippets/linalg/op_greater_equal.inc", "C++", 0, 0, 0, 0, 0, 9, 0, 0, 0, 0, 0, 0, 0, 0, 3, 12
"/home/mueller/codes/moris/snippets/linalg/op_less.inc", "C++", 0, 0, 0, 0, 0, 18, 0, 0, 0, 0, 0, 0, 0, 0, 7, 25
"/home/mueller/codes/moris/snippets/linalg/op_less_equal.inc", "C++", 0, 0, 0, 0, 0, 9, 0, 0, 0, 0, 0, 0, 0, 0, 3, 12
"/home/mueller/codes/moris/snippets/linalg/op_minus.inc", "C++", 0, 0, 0, 0, 0, 42, 0, 0, 0, 0, 0, 0, 0, 0, 15, 57
"/home/mueller/codes/moris/snippets/linalg/op_not_equal.inc", "C++", 0, 0, 0, 0, 0, 18, 0, 0, 0, 0, 0, 0, 0, 0, 8, 26
"/home/mueller/codes/moris/snippets/linalg/op_plus.inc", "C++", 0, 0, 0, 0, 0, 84, 0, 0, 0, 0, 0, 0, 0, 0, 28, 112
"/home/mueller/codes/moris/snippets/linalg/op_times.inc", "C++", 0, 0, 0, 0, 0, 20, 0, 0, 0, 0, 0, 0, 0, 0, 7, 27
"/home/mueller/codes/moris/snippets/mesh/cl_Elem_Comm_Map0.inc", "C++", 0, 0, 0, 0, 0, 3, 0, 0, 0, 0, 0, 0, 0, 3, 3, 9
"/home/mueller/codes/moris/snippets/mesh/cl_Elem_Comm_Map1.inc", "C++", 0, 0, 0, 0, 0, 2, 0, 0, 0, 0, 0, 0, 0, 2, 2, 6
"/home/mueller/codes/moris/snippets/mesh/cl_Elem_Comm_Map2.inc", "C++", 0, 0, 0, 0, 0, 1, 0, 0, 0, 0, 0, 0, 0, 1, 1, 3
"/home/mueller/codes/moris/snippets/mesh/cl_Elem_Comm_Map3.inc", "C++", 0, 0, 0, 0, 0, 2, 0, 0, 0, 0, 0, 0, 0, 2, 2, 6
"/home/mueller/codes/moris/snippets/mesh/cl_Elem_Comm_Map4.inc", "C++", 0, 0, 0, 0, 0, 4, 0, 0, 0, 0, 0, 0, 0, 2, 5, 11
"/home/mueller/codes/moris/snippets/mesh/cl_Mesh_Geom_case1.inc", "C++", 0, 0, 0, 0, 0, 20, 0, 0, 0, 0, 0, 0, 0, 0, 6, 26
"/home/mueller/codes/moris/snippets/mesh/cl_Node_Comm_Map0.inc", "C++", 0, 0, 0, 0, 0, 2, 0, 0, 0, 0, 0, 0, 0, 2, 2, 6
"/home/mueller/codes/moris/snippets/mesh/cl_Node_Comm_Map1.inc", "C++", 0, 0, 0, 0, 0, 2, 0, 0, 0, 0, 0, 0, 0, 2, 2, 6
"/home/mueller/codes/moris/snippets/mesh/cl_Node_Comm_Map2.inc", "C++", 0, 0, 0, 0, 0, 1, 0, 0, 0, 0, 0, 0, 0, 1, 1, 3
"/home/mueller/codes/moris/snippets/mesh/cl_Node_Comm_Map3.inc", "C++", 0, 0, 0, 0, 0, 2, 0, 0, 0, 0, 0, 0, 0, 2, 2, 6
"/home/mueller/codes/moris/snippets/mpi/mpi.inc", "C++", 0, 0, 0, 0, 0, 3, 0, 0, 0, 0, 0, 0, 0, 3, 4, 10
"/home/mueller/codes/moris/snippets/optimization/input_create_solve_opt_problem.inc", "C++", 0, 0, 0, 0, 0, 19, 0, 0, 0, 0, 0, 0, 0, 12, 7, 38
"/home/mueller/codes/moris/snippets/optimization/input_define_advs.inc", "C++", 0, 0, 0, 0, 0, 10, 0, 0, 0, 0, 0, 0, 0, 0, 1, 11
"/home/mueller/codes/moris/snippets/optimization/input_define_opt_sol_strategy.inc", "C++", 0, 0, 0, 0, 0, 11, 0, 0, 0, 0, 0, 0, 0, 6, 5, 22
"/home/mueller/codes/moris/snippets/optimization/input_get_criteria.inc", "C++", 0, 0, 0, 0, 0, 7, 0, 0, 0, 0, 0, 0, 0, 1, 1, 9
"/home/mueller/codes/moris/snippets/optimization/input_get_dcriteria_ds.inc", "C++", 0, 0, 0, 0, 0, 7, 0, 0, 0, 0, 0, 0, 0, 1, 1, 9
"/home/mueller/codes/moris/snippets/optimization/input_get_dobjcon_dcrit.inc", "C++", 0, 0, 0, 0, 0, 9, 0, 0, 0, 0, 0, 0, 0, 1, 1, 11
"/home/mueller/codes/moris/snippets/optimization/input_get_dobjcon_ds.inc", "C++", 0, 0, 0, 0, 0, 10, 0, 0, 0, 0, 0, 0, 0, 2, 2, 14
"/home/mueller/codes/moris/snippets/optimization/input_get_obj_con.inc", "C++", 0, 0, 0, 0, 0, 12, 0, 0, 0, 0, 0, 0, 0, 4, 2, 18
"/home/mueller/codes/moris/snippets/xtk/cl_xtk_Connectivity1.inc", "C++", 0, 0, 0, 0, 0, 17, 0, 0, 0, 0, 0, 0, 0, 1, 5, 23
"/home/mueller/codes/moris/snippets/xtk/cl_xtk_Topology1.inc", "C++", 0, 0, 0, 0, 0, 23, 0, 0, 0, 0, 0, 0, 0, 1, 8, 32
"/home/mueller/codes/moris/snippets/xtk/fn_GetEnrichmentTable.inc", "C++", 0, 0, 0, 0, 0, 8, 0, 0, 0, 0, 0, 0, 0, 0, 9, 17
"/home/mueller/codes/moris/snippets/xtk/fn_TableFlip.inc", "C++", 0, 0, 0, 0, 0, 26, 0, 0, 0, 0, 0, 0, 0, 0, 7, 33
"Total", "-", 103, 9021, 6381, 2317, 1485, 526121, 17719, 115, 36552, 1195, 1224, 34, 78, 202619, 154428, 959392